ORPHAcode,DiseaseName,Gene
166024,Multiple epiphyseal dysplasia-macrocephaly-facial dysmorphism syndrome,KIF7
166035,Brachydactyly-short stature-retinitis pigmentosa syndrome,CWC27
93,Aspartylglucosaminuria,AGA
585,Multiple sulfatase deficiency,SUMF1
118,Beta-mannosidosis,MANBA
166063,Pontocerebellar hypoplasia type 4,TSEN54
166078,Von Willebrand disease type 1,VWF
166073,Pontocerebellar hypoplasia type 6,RARS2
166084,Von Willebrand disease type 2A,VWF
333,Farber disease,ASAH1
349,Fucosidosis,FUCA1
166090,Von Willebrand disease type 2M,VWF
166087,Von Willebrand disease type 2B,VWF
366,Glycogen storage disease due to glycogen debranching enzyme deficiency,AGL
166093,Von Willebrand disease type 2N,VWF
368,Glycogen storage disease due to muscle glycogen phosphorylase deficiency,PYGM
166096,Von Willebrand disease type 3,VWF
166100,Autosomal dominant otospondylomegaepiphyseal dysplasia,COL2A1
166100,Autosomal dominant otospondylomegaepiphyseal dysplasia,COL11A2
371,Glycogen storage disease due to muscle phosphofructokinase deficiency,PFKM
166105,FASTKD2-related infantile mitochondrial encephalomyopathy,FASTKD2
369,Glycogen storage disease due to liver glycogen phosphorylase deficiency,PYGL
447,Paroxysmal nocturnal hemoglobinuria,PIGA
166108,Birk-Barel syndrome,KCNK9
166119,Isolated osteopoikilosis,LEMD3
166260,Dentinogenesis imperfecta type 2,DSPP
166265,Dentinogenesis imperfecta type 3,DSPP
166272,Odontochondrodysplasia,TRIP11
576,Mucolipidosis type II,GNPTAB
812,Sialidosis type 1,NEU1
166282,Hereditary sick sinus syndrome,SCN5A
166282,Hereditary sick sinus syndrome,HCN4
166282,Hereditary sick sinus syndrome,MYH6
166282,Hereditary sick sinus syndrome,GNB2
578,Mucolipidosis type IV,MCOLN1
166286,Porokeratotic eccrine ostial and dermal duct nevus,GJB2
461,Recessive X-linked ichthyosis,FLG
461,Recessive X-linked ichthyosis,STS
584,Mucopolysaccharidosis type 7,GUSB
166412,Hot water reflex epilepsy,SLC1A1
95,Friedreich ataxia,FXN
586,Cystic fibrosis,SERPINA1
586,Cystic fibrosis,SLC26A9
586,Cystic fibrosis,SLC6A14
586,Cystic fibrosis,SLC9A3
586,Cystic fibrosis,CEACAM3
586,Cystic fibrosis,CEACAM6
586,Cystic fibrosis,EDNRA
586,Cystic fibrosis,GSTM3
586,Cystic fibrosis,HMOX1
586,Cystic fibrosis,GCLC
586,Cystic fibrosis,HFE
586,Cystic fibrosis,CFTR
586,Cystic fibrosis,TGFB1
586,Cystic fibrosis,DCTN4
586,Cystic fibrosis,CLCA4
586,Cystic fibrosis,STX1A
586,Cystic fibrosis,KCNN4
586,Cystic fibrosis,MIF
586,Cystic fibrosis,SLC11A1
550,MELAS,MT-TQ
550,MELAS,MT-CO1
550,MELAS,MT-CO2
550,MELAS,MT-CO3
550,MELAS,MT-ND1
550,MELAS,MT-ND4
550,MELAS,MT-ND5
550,MELAS,MT-ND6
550,MELAS,MT-TL1
550,MELAS,MT-TW
550,MELAS,MT-TH
550,MELAS,MT-TS1
550,MELAS,MT-TS2
550,MELAS,MT-TF
269,Facioscapulohumeral dystrophy,DNMT3B
269,Facioscapulohumeral dystrophy,DUX4
269,Facioscapulohumeral dystrophy,DUX4L1
269,Facioscapulohumeral dystrophy,FRG1
269,Facioscapulohumeral dystrophy,SMCHD1
269,Facioscapulohumeral dystrophy,SMCHD1
480,Kearns-Sayre syndrome,MT-ATP8
480,Kearns-Sayre syndrome,RRM2B
480,Kearns-Sayre syndrome,MT-TL1
551,MERRF,MT-TP
551,MERRF,MT-ND5
551,MERRF,MT-TL1
551,MERRF,MT-TK
551,MERRF,MT-RNR1
551,MERRF,MT-TQ
551,MERRF,MT-TH
551,MERRF,MT-TS1
551,MERRF,MT-TS2
551,MERRF,MT-TF
597,Central core disease,RYR1
163746,Peripheral demyelinating neuropathy-central dysmyelinating leukodystrophy-Waardenburg syndrome-Hirschsprung disease,SOX10
684,Paramyotonia congenita of Von Eulenburg,SCN4A
163931,Acrodermatitis continua of Hallopeau,IL36RN
163931,Acrodermatitis continua of Hallopeau,AP1S3
163927,Pustulosis palmaris et plantaris,IL36RN
163927,Pustulosis palmaris et plantaris,AP1S3
163937,"X-linked intellectual disability, Najm type",CASK
614,Thomsen and Becker disease,CLCN1
163966,"X-linked dominant chondrodysplasia, Chassaing-Lacombe type",HDAC6
163976,"X-linked intellectual disability, Van Esch type",POLA1
163956,"X-linked intellectual disability, Nascimento type",UBE2A
324,Fabry disease,GLA
163985,Hyperekplexia-epilepsy syndrome,ARHGEF9
778,Rett syndrome,MECP2
307,Juvenile myoclonic epilepsy,CILK1
307,Juvenile myoclonic epilepsy,CACNB4
307,Juvenile myoclonic epilepsy,GABRA1
307,Juvenile myoclonic epilepsy,EFHC1
307,Juvenile myoclonic epilepsy,GABRD
307,Juvenile myoclonic epilepsy,KCNQ3
307,Juvenile myoclonic epilepsy,JRK
307,Juvenile myoclonic epilepsy,CLCN2
1941,Juvenile absence epilepsy,EFHC1
892,Von Hippel-Lindau disease,CCND1
892,Von Hippel-Lindau disease,VHL
731,Autosomal recessive polycystic kidney disease,DZIP1L
731,Autosomal recessive polycystic kidney disease,PKHD1
164736,Familial advanced sleep-phase syndrome,PER3
164736,Familial advanced sleep-phase syndrome,CSNK1D
164736,Familial advanced sleep-phase syndrome,PER2
138,CHARGE syndrome,SEMA3E
138,CHARGE syndrome,CHD7
803,Amyotrophic lateral sclerosis,CCNF
803,Amyotrophic lateral sclerosis,TAF15
803,Amyotrophic lateral sclerosis,ANXA11
803,Amyotrophic lateral sclerosis,CFAP410
803,Amyotrophic lateral sclerosis,GLE1
803,Amyotrophic lateral sclerosis,NEK1
803,Amyotrophic lateral sclerosis,GLT8D1
803,Amyotrophic lateral sclerosis,CHCHD10
803,Amyotrophic lateral sclerosis,DAO
803,Amyotrophic lateral sclerosis,ATXN2
803,Amyotrophic lateral sclerosis,CHMP2B
803,Amyotrophic lateral sclerosis,SOD1
803,Amyotrophic lateral sclerosis,TREM2
803,Amyotrophic lateral sclerosis,VAPB
803,Amyotrophic lateral sclerosis,VCP
803,Amyotrophic lateral sclerosis,NEFH
803,Amyotrophic lateral sclerosis,OPTN
803,Amyotrophic lateral sclerosis,DCTN1
803,Amyotrophic lateral sclerosis,TARDBP
803,Amyotrophic lateral sclerosis,FIG4
803,Amyotrophic lateral sclerosis,FUS
803,Amyotrophic lateral sclerosis,ANG
803,Amyotrophic lateral sclerosis,MATR3
803,Amyotrophic lateral sclerosis,PRPH
803,Amyotrophic lateral sclerosis,PON1
803,Amyotrophic lateral sclerosis,PON2
803,Amyotrophic lateral sclerosis,PON3
803,Amyotrophic lateral sclerosis,SQSTM1
803,Amyotrophic lateral sclerosis,UBQLN2
803,Amyotrophic lateral sclerosis,C9ORF72
803,Amyotrophic lateral sclerosis,PFN1
803,Amyotrophic lateral sclerosis,TBK1
803,Amyotrophic lateral sclerosis,HNRNPA1
803,Amyotrophic lateral sclerosis,PPARGC1A
803,Amyotrophic lateral sclerosis,ERBB4
803,Amyotrophic lateral sclerosis,UNC13A
100,Ataxia-telangiectasia,ATM
399,Huntington disease,HTT
399,Huntington disease,SLC2A3
501,Lafora disease,EPM2A
501,Lafora disease,NHLRC1
567,22q11.2 deletion syndrome,TBX1
567,22q11.2 deletion syndrome,TBX1
567,22q11.2 deletion syndrome,ARVCF
567,22q11.2 deletion syndrome,GP1BB
567,22q11.2 deletion syndrome,UFD1
567,22q11.2 deletion syndrome,HIRA
567,22q11.2 deletion syndrome,COMT
567,22q11.2 deletion syndrome,JMJD1C
567,22q11.2 deletion syndrome,RREB1
567,22q11.2 deletion syndrome,SEC24C
232,Sickle cell anemia,HBB
536,Systemic lupus erythematosus,BANK1
536,Systemic lupus erythematosus,PXK
536,Systemic lupus erythematosus,IGHG1
536,Systemic lupus erythematosus,CTLA4
536,Systemic lupus erythematosus,TREX1
536,Systemic lupus erythematosus,HLA-DRB1
536,Systemic lupus erythematosus,IL10
536,Systemic lupus erythematosus,MECP2
536,Systemic lupus erythematosus,FCGR3B
536,Systemic lupus erythematosus,C4A
536,Systemic lupus erythematosus,C4B
536,Systemic lupus erythematosus,CR2
536,Systemic lupus erythematosus,IRF5
536,Systemic lupus erythematosus,PDCD1
536,Systemic lupus erythematosus,PTPN22
536,Systemic lupus erythematosus,STAT4
536,Systemic lupus erythematosus,FCGR2B
536,Systemic lupus erythematosus,DNASE1
536,Systemic lupus erythematosus,BLK
536,Systemic lupus erythematosus,ITGAM
536,Systemic lupus erythematosus,KIAA0319L
536,Systemic lupus erythematosus,JAZF1
536,Systemic lupus erythematosus,TNIP1
536,Systemic lupus erythematosus,TNFAIP3
536,Systemic lupus erythematosus,UBE2L3
536,Systemic lupus erythematosus,TNFSF4
536,Systemic lupus erythematosus,SPP1
536,Systemic lupus erythematosus,IRAK1
536,Systemic lupus erythematosus,ETS1
536,Systemic lupus erythematosus,TLR7
166002,Multiple epiphyseal dysplasia due to collagen 9 anomaly,COL9A1
166002,Multiple epiphyseal dysplasia due to collagen 9 anomaly,COL9A2
166002,Multiple epiphyseal dysplasia due to collagen 9 anomaly,COL9A3
534,Oculocerebrorenal syndrome of Lowe,OCRL
165991,Exercise-induced hyperinsulinism,SLC16A1
652,Multiple endocrine neoplasia type 1,CDKN1B
652,Multiple endocrine neoplasia type 1,CDKN2B
652,Multiple endocrine neoplasia type 1,MEN1
908,Fragile X syndrome,FMR1
47,X-linked agammaglobulinemia,BTK
905,Wilson disease,ATP7B
792,X-linked retinoschisis,RS1
827,Stargardt disease,CNGB3
827,Stargardt disease,PRPH2
827,Stargardt disease,ABCA4
827,Stargardt disease,ELOVL4
827,Stargardt disease,PROM1
906,Wiskott-Aldrich syndrome,WAS
904,Williams syndrome,STX1A
904,Williams syndrome,TBL2
904,Williams syndrome,GTF2IRD2
904,Williams syndrome,VPS37D
904,Williams syndrome,FKBP6
904,Williams syndrome,RFC2
904,Williams syndrome,NCF1
904,Williams syndrome,TMEM270
904,Williams syndrome,EIF4H
904,Williams syndrome,DNAJC30
904,Williams syndrome,METTL27
904,Williams syndrome,BUD23
904,Williams syndrome,BAZ1B
904,Williams syndrome,CLIP2
904,Williams syndrome,ELN
904,Williams syndrome,GTF2I
904,Williams syndrome,GTF2IRD1
904,Williams syndrome,LIMK1
280,Wolf-Hirschhorn syndrome,PIGG
280,Wolf-Hirschhorn syndrome,CPLX1
280,Wolf-Hirschhorn syndrome,CTBP1
280,Wolf-Hirschhorn syndrome,NSD2
280,Wolf-Hirschhorn syndrome,NELFA
280,Wolf-Hirschhorn syndrome,LETM1
15,Achondroplasia,FGFR3
96,Ataxia with vitamin E deficiency,TTPA
101,Dentatorubral pallidoluysian atrophy,ATN1
276,T-B+ severe combined immunodeficiency due to gamma chain deficiency,IL2RG
481,Kennedy disease,AR
664,Ornithine transcarbamylase deficiency,OTC
394,Homocystinuria due to cystathionine beta-synthase deficiency,CBS
508,Donohue syndrome,INSR
163596,Hemoglobin Bart's fetalis syndrome,HBA2
163596,Hemoglobin Bart's fetalis syndrome,HBA1
429,Hypochondroplasia,FGFR3
104,Leber hereditary optic neuropathy,NDUFS2
104,Leber hereditary optic neuropathy,DNAJC30
104,Leber hereditary optic neuropathy,MT-ATP6
104,Leber hereditary optic neuropathy,MT-CO1
104,Leber hereditary optic neuropathy,MT-CO3
104,Leber hereditary optic neuropathy,MT-CYB
104,Leber hereditary optic neuropathy,MT-ND1
104,Leber hereditary optic neuropathy,MT-ND2
104,Leber hereditary optic neuropathy,MT-ND4
104,Leber hereditary optic neuropathy,MT-ND4L
104,Leber hereditary optic neuropathy,MT-ND5
104,Leber hereditary optic neuropathy,MT-ND6
2182,Hydrocephalus with stenosis of the aqueduct of Sylvius,L1CAM
163634,Maffucci syndrome,IDH2
163634,Maffucci syndrome,IDH1
163717,Familial mesial temporal lobe epilepsy,CPA6
649,Norrie disease,NDP
163727,Rolandic epilepsy-paroxysmal exercise-induced dystonia-writer's cramp syndrome,TBC1D24
163721,Rolandic epilepsy-speech dyspraxia syndrome,SRPX2
163721,Rolandic epilepsy-speech dyspraxia syndrome,GRIN2A
163684,Leukoencephalopathy-dystonia-motor neuropathy syndrome,SCP2
163681,CNTNAP2-related developmental and epileptic encephalopathy,CNTNAP2
379,Chronic granulomatous disease,CYBB
379,Chronic granulomatous disease,NCF1
379,Chronic granulomatous disease,NCF2
379,Chronic granulomatous disease,CYBA
379,Chronic granulomatous disease,NCF4
379,Chronic granulomatous disease,CYBC1
16,Blue cone monochromatism,OPN1MW
16,Blue cone monochromatism,OPN1LW
644,NARP syndrome,MT-ATP6
163699,Alveolar soft tissue sarcoma,TFE3
163699,Alveolar soft tissue sarcoma,ASPSCR1
637,Full NF2-related schwannomatosis,NF2
163696,Action myoclonus-renal failure syndrome,SCARB2
181,X-linked hypohidrotic ectodermal dysplasia,EDA
181,X-linked hypohidrotic ectodermal dysplasia,EDA2R
163693,2p21 microdeletion syndrome,SLC3A1
163693,2p21 microdeletion syndrome,PREPL
163693,2p21 microdeletion syndrome,CAMKMT
163693,2p21 microdeletion syndrome,PPM1B
163690,Hypotonia-cystinuria syndrome,SLC3A1
163690,Hypotonia-cystinuria syndrome,PREPL
337,Fibrodysplasia ossificans progressiva,ACVR1
377,Gorlin syndrome,PTCH1
377,Gorlin syndrome,SUFU
377,Gorlin syndrome,PTCH2
648,Noonan syndrome,RRAS
648,Noonan syndrome,MRAS
648,Noonan syndrome,SPRED2
648,Noonan syndrome,RRAS2
648,Noonan syndrome,PTPN11
648,Noonan syndrome,CBL
648,Noonan syndrome,SOS1
648,Noonan syndrome,KRAS
648,Noonan syndrome,RAF1
648,Noonan syndrome,NRAS
648,Noonan syndrome,RIT1
648,Noonan syndrome,LZTR1
648,Noonan syndrome,RASA2
648,Noonan syndrome,SOS2
648,Noonan syndrome,BRAF
281,Monosomy 5p syndrome,SEMA5A
281,Monosomy 5p syndrome,CTNND2
752,"46,XY difference of sex development due to 17-beta-hydroxysteroid dehydrogenase 3 deficiency",HSD17B3
510,Lesch-Nyhan syndrome,HPRT1
524,Li-Fraumeni syndrome,CDKN2A
524,Li-Fraumeni syndrome,MDM2
524,Li-Fraumeni syndrome,TP53
524,Li-Fraumeni syndrome,CHEK2
640,Hereditary neuropathy with liability to pressure palsies,PMP22
640,Hereditary neuropathy with liability to pressure palsies,PMP22
60,Alpha-1-antitrypsin deficiency,SERPINA1
895,Waardenburg syndrome type 2,KITLG
895,Waardenburg syndrome type 2,TYR
895,Waardenburg syndrome type 2,SNAI2
895,Waardenburg syndrome type 2,SOX10
895,Waardenburg syndrome type 2,MITF
895,Waardenburg syndrome type 2,EDNRB
896,Waardenburg syndrome type 3,PAX3
857,Townes-Brocks syndrome,SALL1
857,Townes-Brocks syndrome,DACT1
894,Waardenburg syndrome type 1,PAX3
682,Hyperkalemic periodic paralysis,SCN4A
800,Schwartz-Jampel syndrome,HSPG2
628,Diastrophic dysplasia,SLC26A2
681,Hypokalemic periodic paralysis,SCN4A
681,Hypokalemic periodic paralysis,CACNA1S
681,Hypokalemic periodic paralysis,KCNE3
107,BOR syndrome,SIX1
107,BOR syndrome,EYA1
107,BOR syndrome,SIX5
774,Hereditary hemorrhagic telangiectasia,ACVRL1
774,Hereditary hemorrhagic telangiectasia,SMAD4
774,Hereditary hemorrhagic telangiectasia,ENG
774,Hereditary hemorrhagic telangiectasia,GDF2
794,Saethre-Chotzen syndrome,FGFR3
794,Saethre-Chotzen syndrome,FGFR2
794,Saethre-Chotzen syndrome,TWIST1
2869,Peutz-Jeghers syndrome,STK11
893,WAGR syndrome,WT1
893,WAGR syndrome,PAX6
893,WAGR syndrome,BDNF
912,Zellweger syndrome,PEX11B
912,Zellweger syndrome,PEX2
912,Zellweger syndrome,PEX1
912,Zellweger syndrome,PEX10
912,Zellweger syndrome,PEX12
912,Zellweger syndrome,PEX13
912,Zellweger syndrome,PEX14
912,Zellweger syndrome,PEX16
912,Zellweger syndrome,PEX19
912,Zellweger syndrome,PEX26
912,Zellweger syndrome,PEX3
912,Zellweger syndrome,PEX5
912,Zellweger syndrome,PEX6
53,Albers-Schönberg osteopetrosis,CLCN7
14,Abetalipoproteinemia,MTTP
167,Chédiak-Higashi syndrome,LYST
207,Crouzon syndrome,FGFR2
207,Crouzon syndrome,ERF
201,Cowden syndrome,PTEN
201,Cowden syndrome,USF3
201,Cowden syndrome,PIK3CA
201,Cowden syndrome,SDHB
201,Cowden syndrome,SDHD
201,Cowden syndrome,SDHC
201,Cowden syndrome,SEC23B
201,Cowden syndrome,AKT1
201,Cowden syndrome,KLLN
192,Coffin-Lowry syndrome,RPS6KA3
169808,Mild hemophilia A,F8
169802,Severe hemophilia A,F8
169805,Moderate hemophilia A,F8
562,McCune-Albright syndrome,GNAS
565,Menkes disease,ATP7A
474,Jeune syndrome,KIAA0753
474,Jeune syndrome,DYNC2LI1
474,Jeune syndrome,IFT80
474,Jeune syndrome,DYNC2H1
474,Jeune syndrome,TTC21B
474,Jeune syndrome,WDR19
474,Jeune syndrome,IFT140
474,Jeune syndrome,DYNC2I1
474,Jeune syndrome,IFT172
474,Jeune syndrome,DYNC2I2
474,Jeune syndrome,CEP120
540,Familial hemophagocytic lymphohistiocytosis,PRF1
540,Familial hemophagocytic lymphohistiocytosis,STX11
540,Familial hemophagocytic lymphohistiocytosis,UNC13D
540,Familial hemophagocytic lymphohistiocytosis,STXBP2
568,"Microphthalmia, Lenz type",BCOR
568,"Microphthalmia, Lenz type",NAA10
564,Meckel syndrome,TXNDC15
564,Meckel syndrome,TMEM107
564,Meckel syndrome,TCTN1
564,Meckel syndrome,TMEM237
564,Meckel syndrome,RPGRIP1
564,Meckel syndrome,CEP290
564,Meckel syndrome,TMEM67
564,Meckel syndrome,MKS1
564,Meckel syndrome,RPGRIP1L
564,Meckel syndrome,CC2D2A
564,Meckel syndrome,TMEM216
564,Meckel syndrome,TCTN3
564,Meckel syndrome,TCTN2
564,Meckel syndrome,B9D1
564,Meckel syndrome,B9D2
564,Meckel syndrome,TMEM231
564,Meckel syndrome,CSPP1
289,Ellis Van Creveld syndrome,DYNC2LI1
289,Ellis Van Creveld syndrome,GLI1
289,Ellis Van Creveld syndrome,EVC2
289,Ellis Van Creveld syndrome,EVC
289,Ellis Van Creveld syndrome,PRKACA
289,Ellis Van Creveld syndrome,PRKACB
258,Laminin subunit alpha 2-related congenital muscular dystrophy,LAMA2
1646,Chromosome Y microdeletion syndrome,AZF1
1646,Chromosome Y microdeletion syndrome,USP9Y
1646,Chromosome Y microdeletion syndrome,DAZ1
1646,Chromosome Y microdeletion syndrome,DAZ2
1646,Chromosome Y microdeletion syndrome,DAZ3
1646,Chromosome Y microdeletion syndrome,DAZ4
1646,Chromosome Y microdeletion syndrome,DDX3Y
1646,Chromosome Y microdeletion syndrome,RBMY1A1
1646,Chromosome Y microdeletion syndrome,TSPY1
169464,Primary CD59 deficiency,CD59
87,Apert syndrome,FGFR2
97,Familial paroxysmal ataxia,CACNA1A
169467,Recurrent Neisseria infections due to factor D deficiency,CFD
313,Lamellar ichthyosis,SULT2B1
313,Lamellar ichthyosis,ASPRV1
313,Lamellar ichthyosis,SDR9C7
313,Lamellar ichthyosis,ABCA12
313,Lamellar ichthyosis,ALOX12B
313,Lamellar ichthyosis,ALOXE3
313,Lamellar ichthyosis,TGM1
313,Lamellar ichthyosis,CYP4F22
313,Lamellar ichthyosis,NIPAL4
313,Lamellar ichthyosis,LIPN
169799,Mild hemophilia B,F9
169796,Moderate hemophilia B,F9
169793,Severe hemophilia B,F9
1000,Ocular albinism with late-onset sensorineural deafness,AP3D1
171430,Severe congenital nemaline myopathy,ACTA1
171430,Severe congenital nemaline myopathy,NEB
171430,Severe congenital nemaline myopathy,KLHL40
171430,Severe congenital nemaline myopathy,KLHL41
171430,Severe congenital nemaline myopathy,LMOD3
171433,Intermediate nemaline myopathy,TPM3
171433,Intermediate nemaline myopathy,ACTA1
171433,Intermediate nemaline myopathy,NEB
171433,Intermediate nemaline myopathy,KLHL41
171436,Typical nemaline myopathy,ACTA1
171436,Typical nemaline myopathy,CFL2
171436,Typical nemaline myopathy,TPM2
171436,Typical nemaline myopathy,NEB
171436,Typical nemaline myopathy,KLHL41
171436,Typical nemaline myopathy,LMOD3
171439,Childhood-onset nemaline myopathy,TPM2
171439,Childhood-onset nemaline myopathy,MYPN
171439,Childhood-onset nemaline myopathy,ACTA1
171439,Childhood-onset nemaline myopathy,TPM3
171439,Childhood-onset nemaline myopathy,NEB
171439,Childhood-onset nemaline myopathy,KBTBD13
171439,Childhood-onset nemaline myopathy,KLHL41
171445,Muscle filaminopathy,FLNC
171607,X-linked spastic paraplegia type 34,SPG34
2771,Bruck syndrome,PLOD2
2771,Bruck syndrome,FKBP10
171612,Autosomal dominant spastic paraplegia type 37,SPG37
171612,Autosomal dominant spastic paraplegia type 37,KPNA3
171617,Autosomal dominant spastic paraplegia type 38,SPG38
1349,Mitochondrial DNA-related cardiomyopathy and hearing loss,MT-TK
171622,Autosomal recessive spastic paraplegia type 32,SPG32
171629,Autosomal recessive spastic paraplegia type 35,FA2H
861,Treacher-Collins syndrome,POLR1B
861,Treacher-Collins syndrome,TCOF1
861,Treacher-Collins syndrome,POLR1D
861,Treacher-Collins syndrome,POLR1C
308,Progressive myoclonic epilepsy type 1,CSTB
308,Progressive myoclonic epilepsy type 1,SCARB2
308,Progressive myoclonic epilepsy type 1,PRICKLE1
199,Cornelia de Lange syndrome,SMC1A
199,Cornelia de Lange syndrome,NIPBL
199,Cornelia de Lange syndrome,SMC3
199,Cornelia de Lange syndrome,HDAC8
199,Cornelia de Lange syndrome,RAD21
199,Cornelia de Lange syndrome,BRD4
930,Idiopathic achalasia,CRLF1
930,Idiopathic achalasia,HLA-DQA1
930,Idiopathic achalasia,HLA-DQB1
930,Idiopathic achalasia,NOS1
1727,22q11.2 duplication syndrome,TBX1
169079,Cernunnos-XLF deficiency,NHEJ1
168984,CLAPO syndrome,PIK3CA
169100,Immunodeficiency due to CD25 deficiency,IL2RA
169095,Severe combined immunodeficiency due to FOXN1 deficiency,FOXN1
169082,Combined immunodeficiency due to CD3gamma deficiency,CD3G
169085,Susceptibility to respiratory infections associated with CD8alpha chain mutation,CD8A
168829,Primary peritoneal carcinoma,BRCA1
753,"46,XY difference of sex development due to 5-alpha-reductase 2 deficiency",SRD5A2
868,Triose phosphate-isomerase deficiency,TPI1
218,Darier disease,ATP2A2
168796,"Heart-hand syndrome, Slovenian type",LMNA
1465,Coffin-Siris syndrome,ARID2
1465,Coffin-Siris syndrome,SMARCB1
1465,Coffin-Siris syndrome,SMARCA4
1465,Coffin-Siris syndrome,ARID1B
1465,Coffin-Siris syndrome,ARID1A
1465,Coffin-Siris syndrome,SMARCE1
1465,Coffin-Siris syndrome,SOX11
1465,Coffin-Siris syndrome,SOX4
1465,Coffin-Siris syndrome,DPF2
1465,Coffin-Siris syndrome,SMARCD1
1465,Coffin-Siris syndrome,SMARCC2
168953,Myeloid/lymphoid neoplasm associated with FGFR1 rearrangement,FGFR1
168950,Myeloid/lymphoid neoplasm associated with PDGFRB rearrangement,PDGFRB
168947,Myeloid/lymphoid neoplasm associated with PDGFRA rearrangement,PDGFRA
168940,Chronic eosinophilic leukemia,FIP1L1
168940,Chronic eosinophilic leukemia,PDGFRA
2609,Isolated complex I deficiency,TMEM126B
2609,Isolated complex I deficiency,NDUFAF8
2609,Isolated complex I deficiency,TIMMDC1
2609,Isolated complex I deficiency,NDUFB11
2609,Isolated complex I deficiency,NDUFA6
2609,Isolated complex I deficiency,MT-ND1
2609,Isolated complex I deficiency,MT-ND2
2609,Isolated complex I deficiency,MT-ND3
2609,Isolated complex I deficiency,NDUFAF2
2609,Isolated complex I deficiency,NDUFS1
2609,Isolated complex I deficiency,NDUFS2
2609,Isolated complex I deficiency,NDUFS3
2609,Isolated complex I deficiency,NDUFS4
2609,Isolated complex I deficiency,NDUFS6
2609,Isolated complex I deficiency,NDUFS7
2609,Isolated complex I deficiency,NDUFS8
2609,Isolated complex I deficiency,NDUFV1
2609,Isolated complex I deficiency,NDUFV2
2609,Isolated complex I deficiency,NDUFA1
2609,Isolated complex I deficiency,NDUFAF4
2609,Isolated complex I deficiency,NDUFAF5
2609,Isolated complex I deficiency,NDUFA11
2609,Isolated complex I deficiency,NDUFAF3
2609,Isolated complex I deficiency,NUBPL
2609,Isolated complex I deficiency,FOXRED1
2609,Isolated complex I deficiency,NDUFAF1
2609,Isolated complex I deficiency,NDUFB9
2609,Isolated complex I deficiency,NDUFB3
2609,Isolated complex I deficiency,NDUFB10
626,Large/giant congenital melanocytic nevus,ZEB2
626,Large/giant congenital melanocytic nevus,BRAF
626,Large/giant congenital melanocytic nevus,RAF1
626,Large/giant congenital melanocytic nevus,ALK
626,Large/giant congenital melanocytic nevus,NRAS
626,Large/giant congenital melanocytic nevus,SOX5
626,Large/giant congenital melanocytic nevus,BRAF
773,Adult Refsum disease,PHYH
773,Adult Refsum disease,PEX7
169154,T-B+ severe combined immunodeficiency due to IL-7Ralpha deficiency,IL7R
169150,Immunodeficiency due to a late component of complement deficiency,C5
169150,Immunodeficiency due to a late component of complement deficiency,C6
169150,Immunodeficiency due to a late component of complement deficiency,C7
169150,Immunodeficiency due to a late component of complement deficiency,C8A
169150,Immunodeficiency due to a late component of complement deficiency,C8B
169150,Immunodeficiency due to a late component of complement deficiency,C8G
169150,Immunodeficiency due to a late component of complement deficiency,C9
169160,T-B+ severe combined immunodeficiency due to CD3delta/CD3epsilon/CD3zeta,CD3D
169160,T-B+ severe combined immunodeficiency due to CD3delta/CD3epsilon/CD3zeta,CD3E
169160,T-B+ severe combined immunodeficiency due to CD3delta/CD3epsilon/CD3zeta,CD247
169157,T-B+ severe combined immunodeficiency due to CD45 deficiency,PTPRC
1947,Northern epilepsy,CLN8
169147,Immunodeficiency due to a classical component pathway complement deficiency,C2
169147,Immunodeficiency due to a classical component pathway complement deficiency,C4A
169147,Immunodeficiency due to a classical component pathway complement deficiency,C4B
169147,Immunodeficiency due to a classical component pathway complement deficiency,C1QA
169147,Immunodeficiency due to a classical component pathway complement deficiency,C1QB
169147,Immunodeficiency due to a classical component pathway complement deficiency,C1QC
169147,Immunodeficiency due to a classical component pathway complement deficiency,C1S
169147,Immunodeficiency due to a classical component pathway complement deficiency,C1R
169142,Recurrent infections due to specific granule deficiency,CEBPE
169142,Recurrent infections due to specific granule deficiency,SMARCD2
596,X-linked centronuclear myopathy,MTM1
610,Bethlem muscular dystrophy,COL6A1
610,Bethlem muscular dystrophy,COL6A2
610,Bethlem muscular dystrophy,COL6A3
610,Bethlem muscular dystrophy,COL12A1
169186,Autosomal recessive centronuclear myopathy,TTN
169186,Autosomal recessive centronuclear myopathy,SPEG
169186,Autosomal recessive centronuclear myopathy,RYR1
169186,Autosomal recessive centronuclear myopathy,BIN1
464,Incontinentia pigmenti,IKBKG
169189,Autosomal dominant centronuclear myopathy,RYR1
169189,Autosomal dominant centronuclear myopathy,DNM2
169189,Autosomal dominant centronuclear myopathy,MYF6
169189,Autosomal dominant centronuclear myopathy,BIN1
169189,Autosomal dominant centronuclear myopathy,MTMR14
44,Neonatal adrenoleukodystrophy,PEX2
44,Neonatal adrenoleukodystrophy,PEX1
44,Neonatal adrenoleukodystrophy,PEX10
44,Neonatal adrenoleukodystrophy,PEX12
44,Neonatal adrenoleukodystrophy,PEX13
44,Neonatal adrenoleukodystrophy,PEX14
44,Neonatal adrenoleukodystrophy,PEX16
44,Neonatal adrenoleukodystrophy,PEX19
44,Neonatal adrenoleukodystrophy,PEX26
44,Neonatal adrenoleukodystrophy,PEX3
44,Neonatal adrenoleukodystrophy,PEX5
44,Neonatal adrenoleukodystrophy,PEX6
44,Neonatal adrenoleukodystrophy,PEX11B
56,Alkaptonuria,HGD
963,Acromegaly,AIP
963,Acromegaly,GPR101
1059,Blue rubber bleb nevus,TEK
22,Succinic semialdehyde dehydrogenase deficiency,ALDH5A1
29,Mevalonic aciduria,MVK
245,Nager syndrome,SF3B4
30,Hereditary orotic aciduria,UMPS
36,Acrocallosal syndrome,GLI3
36,Acrocallosal syndrome,KIF7
915,Aarskog-Scott syndrome,FGD1
2614,Nail-patella syndrome,LMX1B
33,Isovaleric acidemia,IVD
819,Smith-Magenis syndrome,RAI1
819,Smith-Magenis syndrome,IQSEC2
168615,Hereditary persistence of alpha-fetoprotein,AFP
168612,Congenital deficiency in alpha-fetoprotein,AFP
1452,Cleidocranial dysplasia,RUNX2
168629,Autosomal thrombocytopenia with normal platelets,IKZF5
168629,Autosomal thrombocytopenia with normal platelets,ETV6
168629,Autosomal thrombocytopenia with normal platelets,MASTL
168629,Autosomal thrombocytopenia with normal platelets,CYCS
168629,Autosomal thrombocytopenia with normal platelets,ANKRD26
193,Cohen syndrome,VPS13B
168624,"Familial scaphocephaly syndrome, McGillivray type",FGFR2
1334,Chronic mucocutaneous candidiasis,CLEC7A
1334,Chronic mucocutaneous candidiasis,IL17RA
1334,Chronic mucocutaneous candidiasis,IL17F
1334,Chronic mucocutaneous candidiasis,TRAF3IP2
1334,Chronic mucocutaneous candidiasis,IL17RC
168583,Hereditary North American Indian childhood cirrhosis,UTP4
1369,Congenital cataract-hypertrophic cardiomyopathy-mitochondrial myopathy syndrome,TKFC
1369,Congenital cataract-hypertrophic cardiomyopathy-mitochondrial myopathy syndrome,SLC25A4
1369,Congenital cataract-hypertrophic cardiomyopathy-mitochondrial myopathy syndrome,AGK
168577,Hereditary cryohydrocytosis with reduced stomatin,SLC2A1
168593,Sudden infant death-dysgenesis of the testes syndrome,TSPYL1
168588,Hyperandrogenism due to cortisone reductase deficiency,H6PD
168588,Hyperandrogenism due to cortisone reductase deficiency,HSD11B1
168601,Congenital enteropathy due to enteropeptidase deficiency,TMPRSS15
168598,Methionine adenosyltransferase I/III deficiency,MAT1A
168606,Seborrhea-like dermatitis with psoriasiform elements,ZNF750
1154,Arthrogryposis-oculomotor limitation-electroretinal anomalies syndrome,PIEZO2
168558,"46,XY difference of sex development-adrenal insufficiency due to CYP11A1 deficiency",CYP11A1
168563,"46,XY gonadal dysgenesis-motor and sensory neuropathy syndrome",DHH
124,Diamond-Blackfan anemia,RPL18
124,Diamond-Blackfan anemia,RPS27
124,Diamond-Blackfan anemia,RPL27
124,Diamond-Blackfan anemia,RPS15A
124,Diamond-Blackfan anemia,TSR2
124,Diamond-Blackfan anemia,RPL35
124,Diamond-Blackfan anemia,RPL8
124,Diamond-Blackfan anemia,HEATR3
124,Diamond-Blackfan anemia,RPL31
124,Diamond-Blackfan anemia,RPL9
124,Diamond-Blackfan anemia,ADA2
124,Diamond-Blackfan anemia,RPS20
124,Diamond-Blackfan anemia,RPS19
124,Diamond-Blackfan anemia,RPS24
124,Diamond-Blackfan anemia,GATA1
124,Diamond-Blackfan anemia,RPS17
124,Diamond-Blackfan anemia,RPS7
124,Diamond-Blackfan anemia,RPL5
124,Diamond-Blackfan anemia,RPL11
124,Diamond-Blackfan anemia,RPL35A
124,Diamond-Blackfan anemia,RPS10
124,Diamond-Blackfan anemia,RPS26
124,Diamond-Blackfan anemia,RPL26
124,Diamond-Blackfan anemia,RPL15
124,Diamond-Blackfan anemia,RPS29
124,Diamond-Blackfan anemia,RPS28
168566,Fatal mitochondrial disease due to combined oxidative phosphorylation defect type 3,TSFM
1310,Caffey disease,COL1A1
168569,H syndrome,SLC29A3
168572,Native American myopathy,STAC3
125,Bloom syndrome,BLM
90,Argininemia,ARG1
1065,Aniridia-cerebellar ataxia-intellectual disability syndrome,ITPR1
1065,Aniridia-cerebellar ataxia-intellectual disability syndrome,PAX6
168454,"Spondyloepimetaphyseal dysplasia, Geneviève type",NANS
1146,Distal arthrogryposis type 1,NALCN
1146,Distal arthrogryposis type 1,TNNI2
1146,Distal arthrogryposis type 1,TNNT3
1146,Distal arthrogryposis type 1,TPM2
1146,Distal arthrogryposis type 1,MYH3
1146,Distal arthrogryposis type 1,MYBPC1
1143,Neurogenic arthrogryposis multiplex congenita,SCYL2
1143,Neurogenic arthrogryposis multiplex congenita,COL25A1
1143,Neurogenic arthrogryposis multiplex congenita,ERGIC1
1147,Sheldon-Hall syndrome,NALCN
1147,Sheldon-Hall syndrome,TNNI2
1147,Sheldon-Hall syndrome,TNNT3
1147,Sheldon-Hall syndrome,TPM2
1147,Sheldon-Hall syndrome,MYH3
246,Postaxial acrofacial dysostosis,DHODH
1770,XY type gonadal dysgenesis-associated anomalies syndrome,PPP2R3C
1775,Dyskeratosis congenita,NPM1
1775,Dyskeratosis congenita,DKC1
1775,Dyskeratosis congenita,TERT
1775,Dyskeratosis congenita,TERC
1775,Dyskeratosis congenita,TINF2
1775,Dyskeratosis congenita,NOP10
1775,Dyskeratosis congenita,NHP2
1775,Dyskeratosis congenita,USB1
1775,Dyskeratosis congenita,WRAP53
1775,Dyskeratosis congenita,CTC1
1775,Dyskeratosis congenita,RTEL1
1775,Dyskeratosis congenita,PARN
1775,Dyskeratosis congenita,TYMS
1764,Familial dysautonomia,ELP1
235,Dubowitz syndrome,LIG4
235,Dubowitz syndrome,NSUN2
239,Dyggve-Melchior-Clausen disease,DYM
395,Homocystinuria due to methylene tetrahydrofolate reductase deficiency,MTHFR
147,Carbamoyl-phosphate synthetase 1 deficiency,CPS1
23,Argininosuccinic aciduria,ASL
45,Adenosine monophosphate deaminase deficiency,AMPD1
45,Adenosine monophosphate deaminase deficiency,AMPD3
226,Dihydropteridine reductase deficiency,QDPR
1556,Cutis marmorata telangiectatica congenita,GNA11
1556,Cutis marmorata telangiectatica congenita,ARL6IP6
1496,Corpus callosum agenesis-neuronopathy syndrome,SLC12A6
417,Neonatal severe primary hyperparathyroidism,TRPV6
417,Neonatal severe primary hyperparathyroidism,CASR
2248,Hypoplastic left heart syndrome,GJA1
2248,Hypoplastic left heart syndrome,NKX2-5
2140,Congenital diaphragmatic hernia,LONP1
2140,Congenital diaphragmatic hernia,ZFPM2
2140,Congenital diaphragmatic hernia,GATA6
2116,Hartnup disease,CLTRN
2116,Hartnup disease,SLC6A19
2118,Hawkinsinuria,HPD
351,Galactosialidosis,CTSA
2020,Congenital fiber-type disproportion myopathy,MAP3K20
2020,Congenital fiber-type disproportion myopathy,ACTA1
2020,Congenital fiber-type disproportion myopathy,SELENON
2020,Congenital fiber-type disproportion myopathy,TPM2
2020,Congenital fiber-type disproportion myopathy,TPM3
2020,Congenital fiber-type disproportion myopathy,MYL2
2020,Congenital fiber-type disproportion myopathy,ITGA7
2020,Congenital fiber-type disproportion myopathy,HACD1
2053,Freeman-Sheldon syndrome,NALCN
2053,Freeman-Sheldon syndrome,MYH3
1933,"Mitochondrial DNA depletion syndrome, encephalomyopathic form with methylmalonic aciduria",SUCLA2
1880,Ebstein malformation of the tricuspid valve,MYH7
1885,Isolated ectopia lentis,FBN1
1885,Isolated ectopia lentis,ADAMTSL4
635,Neuroblastoma,MYCN
635,Neuroblastoma,LMO1
635,Neuroblastoma,PHOX2B
635,Neuroblastoma,ALK
635,Neuroblastoma,HACE1
635,Neuroblastoma,LIN28B
2612,Linear nevus sebaceus syndrome,HRAS
2612,Linear nevus sebaceus syndrome,KRAS
2612,Linear nevus sebaceus syndrome,NRAS
2635,Metatropic dysplasia,TRPV4
606,Proximal myotonic myopathy,CNBP
705,Pendred syndrome,SLC26A4
705,Pendred syndrome,KCNJ10
705,Pendred syndrome,FOXI1
2801,Juvenile Paget disease,TNFRSF11B
2801,Juvenile Paget disease,TNFRSF11A
2785,Osteopetrosis with renal tubular acidosis,CA2
2744,Horizontal gaze palsy with progressive scoliosis,DCC
2744,Horizontal gaze palsy with progressive scoliosis,ROBO3
2746,Opsismodysplasia,INPPL1
2971,Peroxisomal acyl-CoA oxidase deficiency,ACOX1
2970,Prune belly syndrome,CHRM3
744,Proteus syndrome,AKT1
2903,Familial spontaneous pneumothorax,FLCN
2901,Neuralgic amyotrophy,SEPTIN9
718,Isolated Pierre Robin sequence,SOX9
3071,Costello syndrome,HRAS
763,Pycnodysostosis,CTSK
2301,Congenital short bowel syndrome,FLNA
2301,Congenital short bowel syndrome,CLMP
469,Hereditary fructose intolerance,ALDOB
2308,Jacobsen syndrome,FLI1
2318,Joubert syndrome with oculorenal defect,CEP290
2318,Joubert syndrome with oculorenal defect,CC2D2A
2318,Joubert syndrome with oculorenal defect,TMEM216
2318,Joubert syndrome with oculorenal defect,TMEM237
2318,Joubert syndrome with oculorenal defect,TMEM138
2318,Joubert syndrome with oculorenal defect,ZNF423
2318,Joubert syndrome with oculorenal defect,TMEM231
2253,Foveal hypoplasia-presenile cataract syndrome,PAX6
180188,Isolated congenital breast hypoplasia/aplasia,PTPRF
502,Trichorhinophalangeal syndrome type 2,RAD21
502,Trichorhinophalangeal syndrome type 2,TRPS1
502,Trichorhinophalangeal syndrome type 2,EXT1
477,KID syndrome,GJB2
477,KID syndrome,GJB6
506,Leigh syndrome,IARS2
2377,Laurence-Moon syndrome,PNPLA6
2466,MASA syndrome,L1CAM
560,Marshall syndrome,COL11A1
570,Moebius syndrome,PLXND1
570,Moebius syndrome,REV3L
179494,Obesity due to leptin receptor gene deficiency,LEPR
287,Classical Ehlers-Danlos syndrome,COL5A2
287,Classical Ehlers-Danlos syndrome,COL5A1
287,Classical Ehlers-Danlos syndrome,COL1A1
1020,Early-onset autosomal dominant Alzheimer disease,TREM2
1020,Early-onset autosomal dominant Alzheimer disease,PSEN1
1020,Early-onset autosomal dominant Alzheimer disease,PSEN2
1020,Early-onset autosomal dominant Alzheimer disease,APP
1020,Early-onset autosomal dominant Alzheimer disease,SORL1
1020,Early-onset autosomal dominant Alzheimer disease,TOMM40
54,X-linked recessive ocular albinism,AP3D1
54,X-linked recessive ocular albinism,GPR143
154,Familial isolated dilated cardiomyopathy,TAF1A
154,Familial isolated dilated cardiomyopathy,GET3
154,Familial isolated dilated cardiomyopathy,VEZF1
154,Familial isolated dilated cardiomyopathy,RPL3L
154,Familial isolated dilated cardiomyopathy,MYBPC3
154,Familial isolated dilated cardiomyopathy,JPH2
154,Familial isolated dilated cardiomyopathy,PPCS
154,Familial isolated dilated cardiomyopathy,CAP2
154,Familial isolated dilated cardiomyopathy,LMOD2
154,Familial isolated dilated cardiomyopathy,ABCC9
154,Familial isolated dilated cardiomyopathy,ACTC1
154,Familial isolated dilated cardiomyopathy,PSEN1
154,Familial isolated dilated cardiomyopathy,PSEN2
154,Familial isolated dilated cardiomyopathy,SCN5A
154,Familial isolated dilated cardiomyopathy,SDHA
154,Familial isolated dilated cardiomyopathy,SGCD
154,Familial isolated dilated cardiomyopathy,TAFAZZIN
154,Familial isolated dilated cardiomyopathy,TCAP
154,Familial isolated dilated cardiomyopathy,TNNI3
154,Familial isolated dilated cardiomyopathy,TNNT2
154,Familial isolated dilated cardiomyopathy,TPM1
154,Familial isolated dilated cardiomyopathy,TTN
154,Familial isolated dilated cardiomyopathy,CRYAB
154,Familial isolated dilated cardiomyopathy,CSRP3
154,Familial isolated dilated cardiomyopathy,DES
154,Familial isolated dilated cardiomyopathy,DMD
154,Familial isolated dilated cardiomyopathy,DSG2
154,Familial isolated dilated cardiomyopathy,FKTN
154,Familial isolated dilated cardiomyopathy,LDB3
154,Familial isolated dilated cardiomyopathy,DOLK
154,Familial isolated dilated cardiomyopathy,MYH6
154,Familial isolated dilated cardiomyopathy,MYH7
154,Familial isolated dilated cardiomyopathy,RAF1
154,Familial isolated dilated cardiomyopathy,TMPO
154,Familial isolated dilated cardiomyopathy,TNNC1
154,Familial isolated dilated cardiomyopathy,VCL
154,Familial isolated dilated cardiomyopathy,ACTN2
154,Familial isolated dilated cardiomyopathy,FHL2
154,Familial isolated dilated cardiomyopathy,PLN
154,Familial isolated dilated cardiomyopathy,BAG3
154,Familial isolated dilated cardiomyopathy,RBM20
154,Familial isolated dilated cardiomyopathy,NEXN
154,Familial isolated dilated cardiomyopathy,TXNRD2
154,Familial isolated dilated cardiomyopathy,GATAD1
154,Familial isolated dilated cardiomyopathy,MYPN
154,Familial isolated dilated cardiomyopathy,LAMA4
154,Familial isolated dilated cardiomyopathy,PRDM16
154,Familial isolated dilated cardiomyopathy,ANKRD1
154,Familial isolated dilated cardiomyopathy,LMNA
154,Familial isolated dilated cardiomyopathy,DSP
154,Familial isolated dilated cardiomyopathy,HAND2
154,Familial isolated dilated cardiomyopathy,BAG5
154,Familial isolated dilated cardiomyopathy,C10ORF71
84,Fanconi anemia,RAD51
84,Fanconi anemia,MAD2L2
84,Fanconi anemia,BRCA1
84,Fanconi anemia,XRCC2
84,Fanconi anemia,FAAP100
84,Fanconi anemia,RFWD3
84,Fanconi anemia,BRCA2
84,Fanconi anemia,BRIP1
84,Fanconi anemia,ERCC4
84,Fanconi anemia,FANCA
84,Fanconi anemia,FANCB
84,Fanconi anemia,FANCC
84,Fanconi anemia,FANCD2
84,Fanconi anemia,FANCE
84,Fanconi anemia,FANCF
84,Fanconi anemia,FANCG
84,Fanconi anemia,FANCL
84,Fanconi anemia,FANCM
84,Fanconi anemia,FANCI
84,Fanconi anemia,PALB2
84,Fanconi anemia,RAD51C
84,Fanconi anemia,SLX4
84,Fanconi anemia,UBE2T
816,Sjögren-Larsson syndrome,ALDH3A2
821,Sotos syndrome,NSD1
821,Sotos syndrome,APC2
3204,Stormorken-Sjaastad-Langslet syndrome,ORAI1
3204,Stormorken-Sjaastad-Langslet syndrome,STIM1
3205,Sturge-Weber syndrome,GNAQ
3320,Thrombocytopenia-absent radius syndrome,RBM8A
887,VACTERL/VATER association,HOXD13
909,Cerebrotendinous xanthomatosis,CYP27A1
3447,Weaver syndrome,NSD1
3447,Weaver syndrome,EZH2
3447,Weaver syndrome,SUZ12
1422,Chondrodysplasia-difference of sex development syndrome,HHAT
178469,Autosomal dominant non-syndromic intellectual disability,KCNQ2
178469,Autosomal dominant non-syndromic intellectual disability,ERBB4
178469,Autosomal dominant non-syndromic intellectual disability,BRSK2
178469,Autosomal dominant non-syndromic intellectual disability,SLC6A1
178469,Autosomal dominant non-syndromic intellectual disability,SETD1B
178469,Autosomal dominant non-syndromic intellectual disability,CLTC
178469,Autosomal dominant non-syndromic intellectual disability,ITSN1
178469,Autosomal dominant non-syndromic intellectual disability,PRICKLE2
178469,Autosomal dominant non-syndromic intellectual disability,HIVEP2
178469,Autosomal dominant non-syndromic intellectual disability,KDM5B
178469,Autosomal dominant non-syndromic intellectual disability,GABBR1
178469,Autosomal dominant non-syndromic intellectual disability,DPYSL2
178469,Autosomal dominant non-syndromic intellectual disability,SET
178469,Autosomal dominant non-syndromic intellectual disability,ARF3
178469,Autosomal dominant non-syndromic intellectual disability,CACNA1I
178469,Autosomal dominant non-syndromic intellectual disability,RAB11A
178469,Autosomal dominant non-syndromic intellectual disability,PPP3CA
178469,Autosomal dominant non-syndromic intellectual disability,GRIA1
178469,Autosomal dominant non-syndromic intellectual disability,KCNQ5
178469,Autosomal dominant non-syndromic intellectual disability,DLL1
178469,Autosomal dominant non-syndromic intellectual disability,SCN8A
178469,Autosomal dominant non-syndromic intellectual disability,TAOK1
178469,Autosomal dominant non-syndromic intellectual disability,TRPM3
178469,Autosomal dominant non-syndromic intellectual disability,NBEA
178469,Autosomal dominant non-syndromic intellectual disability,CIC
178469,Autosomal dominant non-syndromic intellectual disability,CSNK2B
178469,Autosomal dominant non-syndromic intellectual disability,ASH1L
178469,Autosomal dominant non-syndromic intellectual disability,SEMA6B
178469,Autosomal dominant non-syndromic intellectual disability,CUX1
178469,Autosomal dominant non-syndromic intellectual disability,YWHAZ
178469,Autosomal dominant non-syndromic intellectual disability,TCF4
178469,Autosomal dominant non-syndromic intellectual disability,CTNND2
178469,Autosomal dominant non-syndromic intellectual disability,KIRREL3
178469,Autosomal dominant non-syndromic intellectual disability,DOCK8
178469,Autosomal dominant non-syndromic intellectual disability,MBD5
178469,Autosomal dominant non-syndromic intellectual disability,CDH15
178469,Autosomal dominant non-syndromic intellectual disability,GRIN1
178469,Autosomal dominant non-syndromic intellectual disability,DYNC1H1
178469,Autosomal dominant non-syndromic intellectual disability,CACNG2
178469,Autosomal dominant non-syndromic intellectual disability,EPB41L1
178469,Autosomal dominant non-syndromic intellectual disability,EEF1A2
178469,Autosomal dominant non-syndromic intellectual disability,CAMK2A
178469,Autosomal dominant non-syndromic intellectual disability,CAMK2B
178461,X-linked myopathy with postural muscle atrophy,FHL1
178464,Hereditary myopathy with early respiratory failure,TTN
178396,Hemorrhagic disease due to alpha-1-antitrypsin Pittsburgh mutation,SERPINA1
178400,Distal myopathy with anterior tibial onset,DYSF
178389,Osteopetrosis-hypogammaglobulinemia syndrome,TNFRSF11A
62,Alpha-sarcoglycan-related limb-girdle muscular dystrophy R3,SGCA
178364,Syndromic microphthalmia type 5,OTX2
715,Glycogen storage disease due to muscle phosphorylase kinase deficiency,PHKA1
715,Glycogen storage disease due to muscle phosphorylase kinase deficiency,PHKG1
178377,Osteosclerosis-developmental delay-craniosynostosis syndrome,LRP5
348,"Fructose-1,6-bisphosphatase deficiency",FBP1
178345,Aromatase excess syndrome,CYP19A1
178355,Smith-McCort dysplasia,DYM
178355,Smith-McCort dysplasia,RAB33B
178338,UV-sensitive syndrome,ERCC6
178338,UV-sensitive syndrome,ERCC8
178338,UV-sensitive syndrome,UVSSA
178342,Inflammatory myofibroblastic tumor,TPM3
178342,Inflammatory myofibroblastic tumor,ALK
178342,Inflammatory myofibroblastic tumor,RANBP2
178342,Inflammatory myofibroblastic tumor,CLTC
178342,Inflammatory myofibroblastic tumor,CARS1
178342,Inflammatory myofibroblastic tumor,TPM4
117,Behçet disease,IL10
117,Behçet disease,HLA-B
117,Behçet disease,FAS
117,Behçet disease,UBAC2
117,Behçet disease,IL23R
117,Behçet disease,MEFV
117,Behçet disease,STAT4
117,Behçet disease,C4A
117,Behçet disease,IL12A
117,Behçet disease,TLR4
117,Behçet disease,CCR1
117,Behçet disease,KLRC4
117,Behçet disease,IL12A-AS1
117,Behçet disease,ERAP1
117,Behçet disease,IFNGR1
178509,Perry syndrome,DCTN1
178506,Interstitial lung disease-brain calcification syndrome,FARSB
178506,Interstitial lung disease-brain calcification syndrome,FARSA
177926,Bleeding disorder in hemophilia A carriers,F8
177929,Bleeding disorder in hemophilia B carriers,F9
177901,Prader-Willi syndrome due to paternal deletion of 15q11q13 type 1,SNORD115@
177901,Prader-Willi syndrome due to paternal deletion of 15q11q13 type 1,SNRPN
177901,Prader-Willi syndrome due to paternal deletion of 15q11q13 type 1,MAGEL2
177901,Prader-Willi syndrome due to paternal deletion of 15q11q13 type 1,NDN
177901,Prader-Willi syndrome due to paternal deletion of 15q11q13 type 1,OCA2
177901,Prader-Willi syndrome due to paternal deletion of 15q11q13 type 1,SNORD116@
423,Malignant hyperthermia of anesthesia,CACNA1S
423,Malignant hyperthermia of anesthesia,RYR1
177904,Prader-Willi syndrome due to paternal deletion of 15q11q13 type 2,SNORD115@
177904,Prader-Willi syndrome due to paternal deletion of 15q11q13 type 2,SNRPN
177904,Prader-Willi syndrome due to paternal deletion of 15q11q13 type 2,MAGEL2
177904,Prader-Willi syndrome due to paternal deletion of 15q11q13 type 2,NDN
177904,Prader-Willi syndrome due to paternal deletion of 15q11q13 type 2,OCA2
177904,Prader-Willi syndrome due to paternal deletion of 15q11q13 type 2,SNORD116@
177907,Prader-Willi syndrome due to translocation,SNRPN
177910,Prader-Willi syndrome due to imprinting mutation,SNORD115@
177910,Prader-Willi syndrome due to imprinting mutation,SNRPN
177910,Prader-Willi syndrome due to imprinting mutation,MAGEL2
177910,Prader-Willi syndrome due to imprinting mutation,NDN
177910,Prader-Willi syndrome due to imprinting mutation,SNORD116@
388,Hirschsprung disease,ATP7A
388,Hirschsprung disease,ABCD1
388,Hirschsprung disease,ERBB2
388,Hirschsprung disease,ERBB3
388,Hirschsprung disease,SMO
388,Hirschsprung disease,RET
388,Hirschsprung disease,ECE1
388,Hirschsprung disease,EDN3
388,Hirschsprung disease,EDNRB
388,Hirschsprung disease,GDNF
388,Hirschsprung disease,NRTN
388,Hirschsprung disease,SEMA3C
388,Hirschsprung disease,SEMA3D
388,Hirschsprung disease,SREBF1
178333,Åland Islands eye disease,CACNA1F
760,Purine nucleoside phosphorylase deficiency,PNP
270,Oculopharyngeal muscular dystrophy,PABPN1
244,Primary ciliary dyskinesia,NME5
244,Primary ciliary dyskinesia,DNAH1
244,Primary ciliary dyskinesia,TTC12
244,Primary ciliary dyskinesia,NEK10
244,Primary ciliary dyskinesia,DNAAF6
244,Primary ciliary dyskinesia,CFAP221
244,Primary ciliary dyskinesia,SPEF2
244,Primary ciliary dyskinesia,DNAJB13
244,Primary ciliary dyskinesia,ODAD4
244,Primary ciliary dyskinesia,MCIDAS
244,Primary ciliary dyskinesia,GAS2L2
244,Primary ciliary dyskinesia,OFD1
244,Primary ciliary dyskinesia,DNAH11
244,Primary ciliary dyskinesia,DNAH5
244,Primary ciliary dyskinesia,DNAI1
244,Primary ciliary dyskinesia,NME8
244,Primary ciliary dyskinesia,DNAI2
244,Primary ciliary dyskinesia,DNAAF2
244,Primary ciliary dyskinesia,RSPH9
244,Primary ciliary dyskinesia,RSPH4A
244,Primary ciliary dyskinesia,DNAAF1
244,Primary ciliary dyskinesia,CCDC39
244,Primary ciliary dyskinesia,CCDC40
244,Primary ciliary dyskinesia,DNAL1
244,Primary ciliary dyskinesia,DNAAF3
244,Primary ciliary dyskinesia,DNAAF19
244,Primary ciliary dyskinesia,DNAAF5
244,Primary ciliary dyskinesia,HYDIN
244,Primary ciliary dyskinesia,DNAAF11
244,Primary ciliary dyskinesia,ODAD1
244,Primary ciliary dyskinesia,DRC1
244,Primary ciliary dyskinesia,ODAD2
244,Primary ciliary dyskinesia,DNAAF4
244,Primary ciliary dyskinesia,RSPH1
244,Primary ciliary dyskinesia,ZMYND10
244,Primary ciliary dyskinesia,CFAP298
244,Primary ciliary dyskinesia,DRC2
244,Primary ciliary dyskinesia,SPAG1
244,Primary ciliary dyskinesia,CCNO
244,Primary ciliary dyskinesia,ODAD3
244,Primary ciliary dyskinesia,RSPH3
244,Primary ciliary dyskinesia,DRC4
244,Primary ciliary dyskinesia,RPGR
244,Primary ciliary dyskinesia,CFAP74
244,Primary ciliary dyskinesia,DNAH7
244,Primary ciliary dyskinesia,BRWD1
244,Primary ciliary dyskinesia,DAW1
244,Primary ciliary dyskinesia,CLXN
244,Primary ciliary dyskinesia,STK36
244,Primary ciliary dyskinesia,FOXJ1
244,Primary ciliary dyskinesia,DNAH9
244,Primary ciliary dyskinesia,LRRC56
244,Primary ciliary dyskinesia,CFAP300
178307,Reticulate acropigmentation of Kitamura,ADAM10
805,Tuberous sclerosis complex,IFNG
805,Tuberous sclerosis complex,TSC1
805,Tuberous sclerosis complex,TSC2
178145,Moderate multiminicore disease with hand involvement,RYR1
791,Retinitis pigmentosa,SCAPER
791,Retinitis pigmentosa,IFT88
791,Retinitis pigmentosa,REEP6
791,Retinitis pigmentosa,ARHGEF18
791,Retinitis pigmentosa,BBS1
791,Retinitis pigmentosa,KIAA1549
791,Retinitis pigmentosa,TMEM216
791,Retinitis pigmentosa,IFT43
791,Retinitis pigmentosa,AHI1
791,Retinitis pigmentosa,AGBL5
791,Retinitis pigmentosa,CC2D2A
791,Retinitis pigmentosa,ABCA4
791,Retinitis pigmentosa,PRCD
791,Retinitis pigmentosa,PRPF3
791,Retinitis pigmentosa,PRPF31
791,Retinitis pigmentosa,PRPF8
791,Retinitis pigmentosa,PRPH2
791,Retinitis pigmentosa,RDH12
791,Retinitis pigmentosa,RGR
791,Retinitis pigmentosa,RHO
791,Retinitis pigmentosa,RLBP1
791,Retinitis pigmentosa,ROM1
791,Retinitis pigmentosa,RP1
791,Retinitis pigmentosa,RP2
791,Retinitis pigmentosa,RP9
791,Retinitis pigmentosa,RPE65
791,Retinitis pigmentosa,RPGR
791,Retinitis pigmentosa,SAG
791,Retinitis pigmentosa,BBS2
791,Retinitis pigmentosa,BEST1
791,Retinitis pigmentosa,CA4
791,Retinitis pigmentosa,CERKL
791,Retinitis pigmentosa,TTC8
791,Retinitis pigmentosa,TULP1
791,Retinitis pigmentosa,USH2A
791,Retinitis pigmentosa,CLRN1
791,Retinitis pigmentosa,CNGA1
791,Retinitis pigmentosa,CRB1
791,Retinitis pigmentosa,CRX
791,Retinitis pigmentosa,ARL6
791,Retinitis pigmentosa,FSCN2
791,Retinitis pigmentosa,HGSNAT
791,Retinitis pigmentosa,IMPDH1
791,Retinitis pigmentosa,MERTK
791,Retinitis pigmentosa,NR2E3
791,Retinitis pigmentosa,NRL
791,Retinitis pigmentosa,OFD1
791,Retinitis pigmentosa,PDE6A
791,Retinitis pigmentosa,PDE6B
791,Retinitis pigmentosa,SEMA4A
791,Retinitis pigmentosa,CNGB1
791,Retinitis pigmentosa,TOPORS
791,Retinitis pigmentosa,PROM1
791,Retinitis pigmentosa,LRAT
791,Retinitis pigmentosa,EYS
791,Retinitis pigmentosa,IDH3B
791,Retinitis pigmentosa,SPATA7
791,Retinitis pigmentosa,GUCA1B
791,Retinitis pigmentosa,KLHL7
791,Retinitis pigmentosa,SNRNP200
791,Retinitis pigmentosa,PCARE
791,Retinitis pigmentosa,PDE6G
791,Retinitis pigmentosa,IMPG2
791,Retinitis pigmentosa,FAM161A
791,Retinitis pigmentosa,ZNF513
791,Retinitis pigmentosa,CDHR1
791,Retinitis pigmentosa,DHDDS
791,Retinitis pigmentosa,PRPF6
791,Retinitis pigmentosa,MAK
791,Retinitis pigmentosa,RBP3
791,Retinitis pigmentosa,CFAP418
791,Retinitis pigmentosa,IFT140
791,Retinitis pigmentosa,ZNF408
791,Retinitis pigmentosa,ARL2BP
791,Retinitis pigmentosa,NEK2
791,Retinitis pigmentosa,IFT172
791,Retinitis pigmentosa,TUB
791,Retinitis pigmentosa,KIZ
791,Retinitis pigmentosa,SLC7A14
791,Retinitis pigmentosa,PRPF4
791,Retinitis pigmentosa,RP1L1
791,Retinitis pigmentosa,AHR
791,Retinitis pigmentosa,COQ8B
791,Retinitis pigmentosa,IMPG1
791,Retinitis pigmentosa,IDH3A
791,Retinitis pigmentosa,DHX38
791,Retinitis pigmentosa,ARL3
791,Retinitis pigmentosa,POMGNT1
2131,Alternating hemiplegia of childhood,CACNA1A
2131,Alternating hemiplegia of childhood,ATP1A2
2131,Alternating hemiplegia of childhood,ATP1A3
2131,Alternating hemiplegia of childhood,SCN2A
2131,Alternating hemiplegia of childhood,SLC2A1
2131,Alternating hemiplegia of childhood,MT-TL2
2131,Alternating hemiplegia of childhood,SLC1A3
2131,Alternating hemiplegia of childhood,RHOBTB2
713,Glycogen storage disease due to phosphoglycerate kinase 1 deficiency,PGK1
57,Glycogen storage disease due to aldolase A deficiency,ALDOA
2334,Autosomal dominant keratitis,PAX6
46,Adenylosuccinate lyase deficiency,ADSL
3166,Sialuria,GNE
2882,Sitosterolemia,ABCG5
2882,Sitosterolemia,ABCG8
900,Granulomatosis with polyangiitis,HLA-DPA1
900,Granulomatosis with polyangiitis,HLA-DPB1
900,Granulomatosis with polyangiitis,CTLA4
900,Granulomatosis with polyangiitis,PTPN22
900,Granulomatosis with polyangiitis,PRTN3
171695,Parkinsonian-pyramidal syndrome,SNCA
171695,Parkinsonian-pyramidal syndrome,FBXO7
134,Beta-ketothiolase deficiency,ACAT1
171700,Diffuse panbronchiolitis,MUCL3
171700,Diffuse panbronchiolitis,MUC5B
171703,Microcephaly-polymicrogyria-corpus callosum agenesis syndrome,EOMES
171706,Short stature-delayed bone age due to thyroid hormone metabolism deficiency,SECISBP2
171709,Male infertility due to globozoospermia,CATSPERT
171709,Male infertility due to globozoospermia,GGN
171709,Male infertility due to globozoospermia,PPP2R3C
171709,Male infertility due to globozoospermia,SEPTIN4
171709,Male infertility due to globozoospermia,GOPC
171709,Male infertility due to globozoospermia,ZPBP
171709,Male infertility due to globozoospermia,SPATA16
171709,Male infertility due to globozoospermia,DPY19L2
171709,Male infertility due to globozoospermia,PICK1
171723,White sponge nevus,KRT4
171723,White sponge nevus,KRT13
171680,Lissencephaly due to TUBA1A mutation,TUBA1A
171690,Metabolic myopathy due to lactate transporter defect,SLC16A1
171863,Autosomal dominant spastic paraplegia type 42,SLC33A1
171871,Renal pseudohypoaldosteronism type 1,NR3C2
171866,"Spondyloepimetaphyseal dysplasia, aggrecan type",ACAN
171881,Cap myopathy,MYPN
171881,Cap myopathy,TPM2
171881,Cap myopathy,TPM3
2512,Autosomal recessive primary microcephaly,WARS1
2512,Autosomal recessive primary microcephaly,SARS1
2512,Autosomal recessive primary microcephaly,CIT
2512,Autosomal recessive primary microcephaly,NUP37
2512,Autosomal recessive primary microcephaly,NCAPD3
2512,Autosomal recessive primary microcephaly,CENPE
2512,Autosomal recessive primary microcephaly,COPB2
2512,Autosomal recessive primary microcephaly,PDCD6IP
2512,Autosomal recessive primary microcephaly,TRAPPC10
2512,Autosomal recessive primary microcephaly,MCM7
2512,Autosomal recessive primary microcephaly,METTL5
2512,Autosomal recessive primary microcephaly,TRAPPC14
2512,Autosomal recessive primary microcephaly,KIF14
2512,Autosomal recessive primary microcephaly,TAF13
2512,Autosomal recessive primary microcephaly,PYCR2
2512,Autosomal recessive primary microcephaly,CDK5RAP2
2512,Autosomal recessive primary microcephaly,CPAP
2512,Autosomal recessive primary microcephaly,ASPM
2512,Autosomal recessive primary microcephaly,MCPH1
2512,Autosomal recessive primary microcephaly,STIL
2512,Autosomal recessive primary microcephaly,WDR62
2512,Autosomal recessive primary microcephaly,CEP152
2512,Autosomal recessive primary microcephaly,CEP135
2512,Autosomal recessive primary microcephaly,KNL1
2512,Autosomal recessive primary microcephaly,PHC1
2512,Autosomal recessive primary microcephaly,CDK6
2512,Autosomal recessive primary microcephaly,SASS6
2512,Autosomal recessive primary microcephaly,MFSD2A
2512,Autosomal recessive primary microcephaly,ANKLE2
171876,Generalized pseudohypoaldosteronism type 1,SCNN1A
171876,Generalized pseudohypoaldosteronism type 1,SCNN1B
171876,Generalized pseudohypoaldosteronism type 1,SCNN1G
797,Sarcoidosis,BTNL2
797,Sarcoidosis,HLA-DRB1
171829,6q16 microdeletion syndrome,SIM1
171851,MEDNIK syndrome,AP1B1
171851,MEDNIK syndrome,AP1S1
171848,Polyneuropathy-hearing loss-ataxia-retinitis pigmentosa-cataract syndrome,ABHD12
3303,Tetralogy of Fallot,KDR
3303,Tetralogy of Fallot,ZFPM2
3303,Tetralogy of Fallot,GATA4
3303,Tetralogy of Fallot,JAG1
3303,Tetralogy of Fallot,NKX2-5
3303,Tetralogy of Fallot,GATA5
3303,Tetralogy of Fallot,GJA5
3303,Tetralogy of Fallot,NKX2-6
3303,Tetralogy of Fallot,GDF1
3303,Tetralogy of Fallot,CITED2
3303,Tetralogy of Fallot,GATA6
3303,Tetralogy of Fallot,FLT4
3303,Tetralogy of Fallot,TBX1
200418,Immunodeficiency with factor I anomaly,CFI
730,Autosomal dominant polycystic kidney disease,GANAB
730,Autosomal dominant polycystic kidney disease,NEK8
730,Autosomal dominant polycystic kidney disease,ALG9
730,Autosomal dominant polycystic kidney disease,DNAJB11
730,Autosomal dominant polycystic kidney disease,ALG5
730,Autosomal dominant polycystic kidney disease,PKD1
730,Autosomal dominant polycystic kidney disease,PKD2
730,Autosomal dominant polycystic kidney disease,BICC1
730,Autosomal dominant polycystic kidney disease,IFT140
200421,Immunodeficiency with factor H anomaly,CFH
486,Autosomal dominant severe congenital neutropenia,TCIRG1
486,Autosomal dominant severe congenital neutropenia,ELANE
486,Autosomal dominant severe congenital neutropenia,GFI1
486,Autosomal dominant severe congenital neutropenia,CLPB
486,Autosomal dominant severe congenital neutropenia,SRP19
98,Autosomal recessive spastic ataxia of Charlevoix-Saguenay,SACS
330,Congenital factor XII deficiency,F12
828,Stickler syndrome,BMP4
199340,BAG3-related myofibrillar myopathy,BAG3
199337,Pancreatic insufficiency-anemia-hyperostosis syndrome,COX4I2
234,Dubin-Johnson syndrome,ABCC2
199348,Thiamine-responsive encephalopathy,SLC19A3
3287,Takayasu arteritis,HLA-B
3287,Takayasu arteritis,IL12B
3287,Takayasu arteritis,MLX
199343,EAST syndrome,KCNJ10
2800,Extramammary Paget disease,ERBB2
199326,"Isolated autosomal dominant hypomagnesemia, Glaudemans type",KCNA1
199332,Endocrine-cerebro-osteodysplasia syndrome,CILK1
199329,"Congenital myopathy, Paradas type",DYSF
2665,Congenital mesoblastic nephroma,ETV6
2665,Congenital mesoblastic nephroma,NTRK3
3463,Wolfram syndrome,WFS1
3463,Wolfram syndrome,CISD2
199354,Cerebral autosomal recessive arteriopathy-subcortical infarcts-leukoencephalopathy,HTRA1
199351,Adult-onset dystonia-parkinsonism,PLA2G6
356,Gerstmann-Straussler-Scheinker syndrome,PRNP
466,Fatal familial insomnia,PRNP
3452,Whipple disease,IRF4
199285,Hereditary hypercarotenemia and vitamin A deficiency,BCO1
2102,GTP cyclohydrolase I deficiency,GCH1
3002,Immune thrombocytopenia,FCGR2C
199318,15q13.3 microdeletion syndrome,CHRNA7
274,Bernard-Soulier syndrome,GP1BA
274,Bernard-Soulier syndrome,GP1BB
274,Bernard-Soulier syndrome,GP9
1195,Congenital atransferrinemia,TF
199302,Isolated cleft lip,TP63
199302,Isolated cleft lip,IRF6
199302,Isolated cleft lip,NECTIN1
199302,Isolated cleft lip,MSX1
199306,Cleft lip/palate,ARHGAP29
199306,Cleft lip/palate,TP63
199306,Cleft lip/palate,BMP4
199306,Cleft lip/palate,COBLL1
199306,Cleft lip/palate,RIC1
199306,Cleft lip/palate,NECTIN1
199306,Cleft lip/palate,ARHGEF38
199306,Cleft lip/palate,CDH1
199306,Cleft lip/palate,IRF6
199306,Cleft lip/palate,PDGFRA
199306,Cleft lip/palate,MSX1
199306,Cleft lip/palate,DLG1
199306,Cleft lip/palate,DLX4
926,Acatalasemia,CAT
199296,Congenital isolated ACTH deficiency,TBX19
1675,Dihydropyrimidine dehydrogenase deficiency,DPYD
189427,Cushing syndrome due to bilateral macronodular adrenocortical disease,KDM1A
189427,Cushing syndrome due to bilateral macronodular adrenocortical disease,GNAS
189427,Cushing syndrome due to bilateral macronodular adrenocortical disease,ARMC5
976,Adenine phosphoribosyltransferase deficiency,APRT
3129,Sarcosinemia,SARDH
415,Hyperornithinemia-hyperammonemia-homocitrullinuria syndrome,SLC25A15
13,6-pyruvoyl-tetrahydropterin synthase deficiency,PTS
171,Primary sclerosing cholangitis,SEMA4D
171,Primary sclerosing cholangitis,GPR35
171,Primary sclerosing cholangitis,MST1
171,Primary sclerosing cholangitis,TCF4
199247,Corticosteroid-binding globulin deficiency,SERPINA6
199241,Pulmonary capillary hemangiomatosis,EIF2AK4
189466,Familial isolated hypoparathyroidism due to impaired PTH secretion,PTH
189466,Familial isolated hypoparathyroidism due to impaired PTH secretion,AIRE
17,Fatal infantile lactic acidosis with methylmalonic aciduria,SUCLG1
3006,Pyridoxine-dependent-developmental and epileptic encephalopathy,ALDH7A1
3006,Pyridoxine-dependent-developmental and epileptic encephalopathy,PLPBP
3111,Rotor syndrome,SLCO1B1
3111,Rotor syndrome,SLCO1B3
2382,Lennox-Gastaut syndrome,CUX2
2382,Lennox-Gastaut syndrome,SCN1A
2382,Lennox-Gastaut syndrome,MAPK10
2382,Lennox-Gastaut syndrome,CHD2
2382,Lennox-Gastaut syndrome,DNM1
2382,Lennox-Gastaut syndrome,GABRB3
2382,Lennox-Gastaut syndrome,CACNA1A
2382,Lennox-Gastaut syndrome,CACNA1A
1934,Early infantile developmental and epileptic encephalopathy,DMXL2
1934,Early infantile developmental and epileptic encephalopathy,GRIN1
1934,Early infantile developmental and epileptic encephalopathy,SLC32A1
1934,Early infantile developmental and epileptic encephalopathy,RHOBTB2
1934,Early infantile developmental and epileptic encephalopathy,CACNA1E
1934,Early infantile developmental and epileptic encephalopathy,NEUROD2
1934,Early infantile developmental and epileptic encephalopathy,GRM7
1934,Early infantile developmental and epileptic encephalopathy,CASK
1934,Early infantile developmental and epileptic encephalopathy,SCN2A
1934,Early infantile developmental and epileptic encephalopathy,CDKL5
1934,Early infantile developmental and epileptic encephalopathy,ARX
1934,Early infantile developmental and epileptic encephalopathy,PNKP
1934,Early infantile developmental and epileptic encephalopathy,GNAO1
1934,Early infantile developmental and epileptic encephalopathy,PIGQ
1934,Early infantile developmental and epileptic encephalopathy,SIK1
1934,Early infantile developmental and epileptic encephalopathy,SCN1B
1934,Early infantile developmental and epileptic encephalopathy,SLC25A22
1934,Early infantile developmental and epileptic encephalopathy,KCNA1
1934,Early infantile developmental and epileptic encephalopathy,TRIM8
1934,Early infantile developmental and epileptic encephalopathy,PIGP
1942,Epilepsy with myoclonic-atonic seizures,SLC2A1
1942,Epilepsy with myoclonic-atonic seizures,SYNGAP1
1942,Epilepsy with myoclonic-atonic seizures,NEXMIF
1942,Epilepsy with myoclonic-atonic seizures,SCN1A
1942,Epilepsy with myoclonic-atonic seizures,CHD2
1942,Epilepsy with myoclonic-atonic seizures,SLC6A1
1942,Epilepsy with myoclonic-atonic seizures,AP2M1
267,Calpain-3-related limb-girdle muscular dystrophy R1,CAPN3
186,Primary biliary cholangitis,IL12RB1
186,Primary biliary cholangitis,SPIB
186,Primary biliary cholangitis,IL12A
186,Primary biliary cholangitis,IRF5
186,Primary biliary cholangitis,TNPO3
186,Primary biliary cholangitis,MMEL1
186,Primary biliary cholangitis,POU2AF1
186,Primary biliary cholangitis,TNFSF15
397,Giant cell arteritis,PTPN22
397,Giant cell arteritis,HLA-DRB1
397,Giant cell arteritis,HLA-B
397,Giant cell arteritis,P4HA2
2398,Multiple symmetric lipomatosis,MFN2
131,Budd-Chiari syndrome,F5
131,Budd-Chiari syndrome,JAK2
131,Budd-Chiari syndrome,CALR
654,Nephroblastoma,BRCA2
654,Nephroblastoma,GPC3
654,Nephroblastoma,CTR9
654,Nephroblastoma,TRIM28
654,Nephroblastoma,TRIM28
654,Nephroblastoma,REST
654,Nephroblastoma,TRIP13
654,Nephroblastoma,POU6F2
654,Nephroblastoma,WT1
654,Nephroblastoma,WT1
654,Nephroblastoma,H19
654,Nephroblastoma,DIS3L2
2587,Myeloperoxidase deficiency,MPO
3389,Tuberculosis,SLC11A1
2897,Pityriasis rubra pilaris,CARD14
2312,Transient familial neonatal hyperbilirubinemia,UGT1A1
183707,Infantile LAD-like disease due to RAC2 deficiency,RAC2
2314,Autosomal dominant hyper-IgE syndrome due to STAT3 deficiency,STAT3
183675,Recurrent infections associated with rare immunoglobulin isotypes deficiency,IGHG2
183675,Recurrent infections associated with rare immunoglobulin isotypes deficiency,IGKC
2177,Hydranencephaly,NDE1
2380,Legg-Calvé-Perthes disease,COL2A1
897,Waardenburg-Shah syndrome,SOX10
897,Waardenburg-Shah syndrome,EDN3
897,Waardenburg-Shah syndrome,EDNRB
897,Waardenburg-Shah syndrome,MITF
808,Seckel syndrome,DNA2
808,Seckel syndrome,NUP85
808,Seckel syndrome,CEP295
808,Seckel syndrome,ATR
808,Seckel syndrome,CPAP
808,Seckel syndrome,PCNT
808,Seckel syndrome,CEP152
808,Seckel syndrome,RBBP8
808,Seckel syndrome,ATRIP
808,Seckel syndrome,TRAIP
808,Seckel syndrome,CEP63
808,Seckel syndrome,NIN
808,Seckel syndrome,NSMCE2
808,Seckel syndrome,PLK4
808,Seckel syndrome,CENPE
3027,Caudal regression syndrome,VANGL1
3027,Caudal regression syndrome,FUZ
676,Autosomal dominant hereditary chronic pancreatitis,CASR
676,Autosomal dominant hereditary chronic pancreatitis,PRSS1
676,Autosomal dominant hereditary chronic pancreatitis,PRSS2
676,Autosomal dominant hereditary chronic pancreatitis,CTRC
676,Autosomal dominant hereditary chronic pancreatitis,CPA1
676,Autosomal dominant hereditary chronic pancreatitis,TRPV6
643,Giant axonal neuropathy,GAN
634,Netherton syndrome,SPINK5
140,Campomelic dysplasia,SOX9
2828,Young-onset Parkinson disease,SYNJ1
2828,Young-onset Parkinson disease,SNCA
2828,Young-onset Parkinson disease,PINK1
2828,Young-onset Parkinson disease,UCHL1
2828,Young-onset Parkinson disease,HTRA2
2828,Young-onset Parkinson disease,PODXL
2828,Young-onset Parkinson disease,LRRK2
2828,Young-onset Parkinson disease,PRKN
2828,Young-onset Parkinson disease,PARK7
2828,Young-onset Parkinson disease,VPS13C
2828,Young-onset Parkinson disease,DNAJC6
642,Hereditary sensory and autonomic neuropathy type 4,NTRK1
627,Nance-Horan syndrome,NHS
638,Neurofibromatosis-Noonan syndrome,MAP2K2
638,Neurofibromatosis-Noonan syndrome,NF1
326,Congenital factor V deficiency,F5
526,Liddle syndrome,SCNN1B
526,Liddle syndrome,SCNN1G
526,Liddle syndrome,SCNN1A
215,Congenital stationary night blindness,RHO
342,Familial Mediterranean fever,MEFV
180,Choroideremia,CHM
327,Congenital factor VII deficiency,F7
373,Simpson-Golabi-Behmel syndrome,GPC3
373,Simpson-Golabi-Behmel syndrome,GPC4
403,Familial hyperaldosteronism type I,CYP11B1
403,Familial hyperaldosteronism type I,CYP11B2
146,Differentiated thyroid carcinoma,BRAF
146,Differentiated thyroid carcinoma,EIF1AX
146,Differentiated thyroid carcinoma,PPARG
146,Differentiated thyroid carcinoma,RET
146,Differentiated thyroid carcinoma,KRAS
146,Differentiated thyroid carcinoma,CCDC6
146,Differentiated thyroid carcinoma,TFG
146,Differentiated thyroid carcinoma,TPR
146,Differentiated thyroid carcinoma,TRIM24
146,Differentiated thyroid carcinoma,TRIM27
146,Differentiated thyroid carcinoma,TRIM33
146,Differentiated thyroid carcinoma,ERC1
146,Differentiated thyroid carcinoma,FOXE1
146,Differentiated thyroid carcinoma,GOLGA5
146,Differentiated thyroid carcinoma,HRAS
146,Differentiated thyroid carcinoma,NTRK1
146,Differentiated thyroid carcinoma,PAX8
146,Differentiated thyroid carcinoma,PCM1
146,Differentiated thyroid carcinoma,ETV6
146,Differentiated thyroid carcinoma,NKX2-1
146,Differentiated thyroid carcinoma,ALK
146,Differentiated thyroid carcinoma,NRAS
146,Differentiated thyroid carcinoma,NTRK3
146,Differentiated thyroid carcinoma,NCOA4
146,Differentiated thyroid carcinoma,DIRC3
146,Differentiated thyroid carcinoma,NDUFA13
146,Differentiated thyroid carcinoma,TERT
146,Differentiated thyroid carcinoma,GAS8-AS1
146,Differentiated thyroid carcinoma,LPAR4
1331,Familial prostate cancer,CDH1
1331,Familial prostate cancer,MSMB
1331,Familial prostate cancer,RAD51D
1331,Familial prostate cancer,ATM
1331,Familial prostate cancer,SRD5A2
1331,Familial prostate cancer,RNASEL
1331,Familial prostate cancer,BRCA1
1331,Familial prostate cancer,BRCA2
1331,Familial prostate cancer,CHEK2
1331,Familial prostate cancer,ELAC2
1331,Familial prostate cancer,EPHB2
1331,Familial prostate cancer,NBN
1331,Familial prostate cancer,HNF1B
1331,Familial prostate cancer,HOXB13
1331,Familial prostate cancer,MSR1
847,X-linked alpha-thalassemia-intellectual disability syndrome,ATRX
2268,ICF syndrome,DNMT3B
2268,ICF syndrome,ZBTB24
2268,ICF syndrome,CDCA7
2268,ICF syndrome,HELLS
2268,ICF syndrome,UHRF1
475,Isolated Joubert syndrome,CEP120
475,Isolated Joubert syndrome,PIBF1
475,Isolated Joubert syndrome,OFD1
475,Isolated Joubert syndrome,TCTN3
475,Isolated Joubert syndrome,PDE6D
475,Isolated Joubert syndrome,KIAA0753
475,Isolated Joubert syndrome,IFT74
475,Isolated Joubert syndrome,B9D2
475,Isolated Joubert syndrome,TCTN2
475,Isolated Joubert syndrome,AHI1
475,Isolated Joubert syndrome,TMEM67
475,Isolated Joubert syndrome,MKS1
475,Isolated Joubert syndrome,ARL13B
475,Isolated Joubert syndrome,INPP5E
475,Isolated Joubert syndrome,TCTN1
475,Isolated Joubert syndrome,B9D1
475,Isolated Joubert syndrome,TMEM237
475,Isolated Joubert syndrome,CEP41
475,Isolated Joubert syndrome,CPLANE1
475,Isolated Joubert syndrome,CSPP1
475,Isolated Joubert syndrome,KIAA0586
475,Isolated Joubert syndrome,CEP104
475,Isolated Joubert syndrome,KATNIP
475,Isolated Joubert syndrome,SUFU
475,Isolated Joubert syndrome,ARMC9
475,Isolated Joubert syndrome,CBY1
475,Isolated Joubert syndrome,HYLS1
475,Isolated Joubert syndrome,TOGARAM1
475,Isolated Joubert syndrome,TMEM218
475,Isolated Joubert syndrome,ARL3
392,Holt-Oram syndrome,TBX5
86,Familial abdominal aortic aneurysm,COL3A1
243,"46,XX gonadal dysgenesis",NR5A1
243,"46,XX gonadal dysgenesis",FIGLA
243,"46,XX gonadal dysgenesis",MRPS22
243,"46,XX gonadal dysgenesis",FSHR
243,"46,XX gonadal dysgenesis",BMP15
243,"46,XX gonadal dysgenesis",PSMC3IP
243,"46,XX gonadal dysgenesis",NUP107
243,"46,XX gonadal dysgenesis",BNC1
243,"46,XX gonadal dysgenesis",ZSWIM7
243,"46,XX gonadal dysgenesis",POLR3H
243,"46,XX gonadal dysgenesis",MSH4
243,"46,XX gonadal dysgenesis",SPIDR
136,Cerebral autosomal dominant arteriopathy-subcortical infarcts-leukoencephalopathy,NOTCH3
48,Congenital bilateral absence of vas deferens,ADGRG2
48,Congenital bilateral absence of vas deferens,CFTR
275,Severe combined immunodeficiency due to DCLRE1C deficiency,DCLRE1C
184,Cherubism,SH3BP2
71,Chylomicron retention disease,SAR1B
1949,Self-limited neonatal epilepsy,KCNQ2
1949,Self-limited neonatal epilepsy,KCNQ3
189,Hidrotic ectodermal dysplasia,GJB6
1473,Uveal coloboma-cleft lip and palate-intellectual disability,YAP1
1344,Isolated atrial standstill,SCN5A
1344,Isolated atrial standstill,NPPA
182050,MYH9-related syndromic thrombocytopenia,MYH9
3103,Roberts syndrome,ESCO2
181428,Familial Hyperalphalipoproteinemia,CETP
181428,Familial Hyperalphalipoproteinemia,APOC3
181428,Familial Hyperalphalipoproteinemia,SCARB1
709,Peters plus syndrome,B3GLCT
776,Lujan-Fryns syndrome,MED12
776,Lujan-Fryns syndrome,ZDHHC9
776,Lujan-Fryns syndrome,UPF3B
902,Werner syndrome,WRN
888,Van der Woude syndrome,IRF6
888,Van der Woude syndrome,GRHL3
871,Hereditary progressive cardiac conduction defect,SCN1B
871,Hereditary progressive cardiac conduction defect,SCN5A
871,Hereditary progressive cardiac conduction defect,NKX2-5
871,Hereditary progressive cardiac conduction defect,TRPM4
1587,Monosomy 13q14 syndrome,RB1
1627,Deletion 5q35 syndrome,NKX2-5
1627,Deletion 5q35 syndrome,NSD1
500,Noonan syndrome with multiple lentigines,PTPN11
500,Noonan syndrome with multiple lentigines,BRAF
500,Noonan syndrome with multiple lentigines,RAF1
233,Duane retraction syndrome,CHN1
233,Duane retraction syndrome,MAFB
233,Duane retraction syndrome,SALL4
2495,Meningioma,SMARCB1
2495,Meningioma,PDGFB
2495,Meningioma,SUFU
2495,Meningioma,NF2
2495,Meningioma,PIK3CA
2495,Meningioma,AKT1
2495,Meningioma,TERT
2495,Meningioma,BAP1
2495,Meningioma,BAP1
2495,Meningioma,SMARCE1
2495,Meningioma,TRAF7
2495,Meningioma,SMO
569,Familial or sporadic hemiplegic migraine,SCN1A
569,Familial or sporadic hemiplegic migraine,CACNA1A
569,Familial or sporadic hemiplegic migraine,ATP1A2
569,Familial or sporadic hemiplegic migraine,PRRT2
240,Léri-Weill dyschondrosteosis,SHOX
2311,Autosomal recessive spondylocostal dysostosis,TBX6
2311,Autosomal recessive spondylocostal dysostosis,DLL3
2311,Autosomal recessive spondylocostal dysostosis,MESP2
2311,Autosomal recessive spondylocostal dysostosis,LFNG
2311,Autosomal recessive spondylocostal dysostosis,HES7
2311,Autosomal recessive spondylocostal dysostosis,RIPPLY2
358,Gitelman syndrome,SLC12A3
358,Gitelman syndrome,CLCNKB
242,"46,XY complete gonadal dysgenesis",DHX37
242,"46,XY complete gonadal dysgenesis",WT1
242,"46,XY complete gonadal dysgenesis",SOX9
242,"46,XY complete gonadal dysgenesis",SRY
242,"46,XY complete gonadal dysgenesis",DHH
242,"46,XY complete gonadal dysgenesis",NR5A1
242,"46,XY complete gonadal dysgenesis",NR0B1
242,"46,XY complete gonadal dysgenesis",CBX2
242,"46,XY complete gonadal dysgenesis",MAP3K1
242,"46,XY complete gonadal dysgenesis",DMRT1
2052,Fraser syndrome,FRAS1
2052,Fraser syndrome,FREM2
2052,Fraser syndrome,GRIP1
1358,Carey-Fineman-Ziter syndrome,MYMX
1358,Carey-Fineman-Ziter syndrome,MYMK
111,Barth syndrome,TAFAZZIN
1308,C syndrome,CD96
150,Nasopharyngeal carcinoma,NFKBIA
133,Chronic beryllium disease,HLA-DPB1
1552,Currarino syndrome,MNX1
624,Familial multiple nevi flammei,GNAQ
3000,Familial peripheral male-limited precocious puberty,LHCGR
920,Ablepharon macrostomia syndrome,TWIST2
7,3C syndrome,VPS35L
7,3C syndrome,DPYSL5
7,3C syndrome,WASHC5
7,3C syndrome,CCDC22
931,Isolated acheiropodia,LMBR1
869,Triple A syndrome,TRAPPC11
869,Triple A syndrome,AAAS
869,Triple A syndrome,GMPPA
2297,Insulin-resistance syndrome type A,INSR
921,Abruzzo-Erickson syndrome,TBX22
31,Oxoglutaric aciduria,OGDH
37,Acrodermatitis enteropathica,SLC39A4
950,Acrodysostosis,PDE4D
950,Acrodysostosis,PRKAR1A
955,Hajdu-Cheney syndrome,NOTCH2
952,"Acrofacial dysostosis, Weyers type",EVC
952,"Acrofacial dysostosis, Weyers type",EVC2
952,"Acrofacial dysostosis, Weyers type",CTNNB1
1713,17p11.2 microduplication syndrome,RAI1
1762,Proximal Xq28 duplication syndrome,MECP2
1878,TRIM32-related limb-girdle muscular dystrophy R8,TRIM32
1946,Amelocerebrohypohidrotic syndrome,SLC13A5
1946,Amelocerebrohypohidrotic syndrome,ROGDI
2604,Familial visceral myopathy,ACTG2
156,Carnitine palmitoyl transferase 1A deficiency,CPT1A
2598,Mitochondrial myopathy and sideroblastic anemia,PUS1
2598,Mitochondrial myopathy and sideroblastic anemia,YARS2
1072,Ankyloblepharon filiforme adnatum-cleft palate syndrome,TP63
1053,Vein of Galen malformation,EPHB4
1052,Mosaic variegated aneuploidy syndrome,TRIP13
1052,Mosaic variegated aneuploidy syndrome,BUB1B
1052,Mosaic variegated aneuploidy syndrome,CEP57
1052,Mosaic variegated aneuploidy syndrome,BUB1
1052,Mosaic variegated aneuploidy syndrome,BUB3
1040,Metaphyseal anadysplasia,MMP13
1040,Metaphyseal anadysplasia,MMP13
1040,Metaphyseal anadysplasia,MMP9
1106,Microphthalmia with limb anomalies,SMOC1
990,Agnathia-holoprosencephaly-situs inversus syndrome,OTX2
990,Agnathia-holoprosencephaly-situs inversus syndrome,PRRX1
994,Fetal akinesia deformation sequence,SLC18A3
994,Fetal akinesia deformation sequence,MYOD1
994,Fetal akinesia deformation sequence,RAPSN
994,Fetal akinesia deformation sequence,DOK7
994,Fetal akinesia deformation sequence,MUSK
994,Fetal akinesia deformation sequence,NUP88
994,Fetal akinesia deformation sequence,GLDN
994,Fetal akinesia deformation sequence,KIF21A
994,Fetal akinesia deformation sequence,MAGEL2
994,Fetal akinesia deformation sequence,TUBA1A
51,Aicardi-Goutières syndrome,LSM11
51,Aicardi-Goutières syndrome,RNU7-1
51,Aicardi-Goutières syndrome,SAMHD1
51,Aicardi-Goutières syndrome,RNASEH2A
51,Aicardi-Goutières syndrome,RNASEH2B
51,Aicardi-Goutières syndrome,RNASEH2C
51,Aicardi-Goutières syndrome,ADAR
51,Aicardi-Goutières syndrome,TREX1
51,Aicardi-Goutières syndrome,IFIH1
978,ADULT syndrome,TP63
988,Tibial hemimelia-polysyndactyly-triphalangeal thumb syndrome,SHH
988,Tibial hemimelia-polysyndactyly-triphalangeal thumb syndrome,LMBR1
983,Testicular regression syndrome,DHX37
970,Hereditary sensory and autonomic neuropathy type 2,SCN9A
970,Hereditary sensory and autonomic neuropathy type 2,WNK1
970,Hereditary sensory and autonomic neuropathy type 2,RETREG1
970,Hereditary sensory and autonomic neuropathy type 2,KIF1A
40,"Acromesomelic dysplasia, Maroteaux type",NPR2
969,Acromicric dysplasia,FBN1
969,Acromicric dysplasia,LTBP3
974,Adams-Oliver syndrome,NOTCH1
974,Adams-Oliver syndrome,ARHGAP31
974,Adams-Oliver syndrome,DOCK6
974,Adams-Oliver syndrome,RBPJ
974,Adams-Oliver syndrome,EOGT
974,Adams-Oliver syndrome,DLL4
972,Hereditary continuous muscle fiber activity,KCNA1
959,Acro-renal-ocular syndrome,SALL4
968,"Acromesomelic dysplasia, Hunter-Thompson type",GDF5
139411,Carney triad,SDHA
139411,Carney triad,SDHB
139411,Carney triad,SDHC
1031,Enamel-renal syndrome,FAM20A
64,Alström syndrome,ALMS1
139396,X-linked cerebral adrenoleukodystrophy,ABCD1
139399,Adrenomyeloneuropathy,ABCD1
139406,Encephalopathy due to prosaposin deficiency,PSAP
701,Alopecia universalis,HR
1010,Autosomal dominant palmoplantar keratoderma and congenital alopecia,GJA1
1001,2q37 microdeletion syndrome,HDAC4
59,Allan-Herndon-Dudley syndrome,SLC16A2
127,Borjeson-Forssman-Lehmann syndrome,PHF6
1263,Boomerang dysplasia,FLNB
1234,Bartsocas-Papas syndrome,RIPK4
1231,Barber-Say syndrome,TWIST2
1229,Pseudo-TORCH syndrome type 1,OCLN
109,Bannayan-Riley-Ruvalcaba syndrome,PTEN
1239,Behr syndrome,OPA1
115,Congenital contractural arachnodactyly,FBN2
137625,Glycogen storage disease due to muscle and heart glycogen synthase deficiency,GYS1
137608,Segmental outgrowth-lipomatosis-arteriovenous malformation-epidermal nevus syndrome,PTEN
1299,Branchioskeletogenital syndrome,CDH11
1300,Autosomal dominant popliteal pterygium syndrome,IRF6
137634,Overgrowth-macrocephaly-facial dysmorphism syndrome,RNF135
1297,Branchio-oculo-facial syndrome,TFAP2A
137639,Hypomyelinating leukodystrophy-ataxia-hypodontia-hypomyelination syndrome,POLR3A
1276,Brachydactyly-arterial hypertension syndrome,PDE3A
1275,Brachydactyly-elbow wrist dysplasia syndrome,MACROH2A1
1275,Brachydactyly-elbow wrist dysplasia syndrome,PITX1
1270,Bowen-Conradi syndrome,EMG1
137605,Legius syndrome,SPRED1
1168,Ataxia-oculomotor apraxia type 1,APTX
137834,Frank-Ter Haar syndrome,SH3PXD2B
137831,X-linked intellectual disability-cerebellar hypoplasia syndrome,OPHN1
1170,Autosomal recessive cerebelloparenchymal disorder type 3,PMPCA
1175,X-linked progressive cerebellar ataxia,GJB1
1180,Ataxia-hypogonadism-choroidal dystrophy syndrome,PNPLA6
1173,Cerebellar ataxia-hypogonadism syndrome,PNPLA6
1173,Cerebellar ataxia-hypogonadism syndrome,RNF216
137681,Hepatoencephalopathy due to combined oxidative phosphorylation defect type 1,GFM1
137675,Histiocytoid cardiomyopathy,MT-CYB
137678,Spondyloepiphyseal dysplasia with metatarsal shortening,COL2A1
137754,Aminoacylase 1 deficiency,ACY1
1145,Infantile-onset X-linked spinal muscular atrophy,UBA1
137776,Lethal congenital contracture syndrome type 2,ERBB3
1149,Kuskokwim syndrome,FKBP10
1159,Progressive pseudorheumatoid dysplasia,CCN6
137783,Lethal congenital contracture syndrome type 3,PIP5K1C
137783,Lethal congenital contracture syndrome type 3,MYBPC1
1215,Autosomal dominant optic atrophy plus syndrome,OPA1
1216,Autosomal dominant congenital benign spinal muscular atrophy,TRPV4
1225,Baller-Gerold syndrome,RECQL4
1226,Bamforth-Lazarus syndrome,FOXE1
137888,Auriculocondylar syndrome,GNAI3
137888,Auriculocondylar syndrome,PLCB4
137888,Auriculocondylar syndrome,EDN1
137893,Male infertility due to large-headed multiflagellar polyploid spermatozoa,AURKC
137893,Male infertility due to large-headed multiflagellar polyploid spermatozoa,DNHD1
137893,Male infertility due to large-headed multiflagellar polyploid spermatozoa,CFAP47
137893,Male infertility due to large-headed multiflagellar polyploid spermatozoa,DNAH10
137893,Male infertility due to large-headed multiflagellar polyploid spermatozoa,AKAP3
137893,Male infertility due to large-headed multiflagellar polyploid spermatozoa,CFAP61
137893,Male infertility due to large-headed multiflagellar polyploid spermatozoa,ARMC12
137893,Male infertility due to large-headed multiflagellar polyploid spermatozoa,IFT74
1186,Infantile-onset spinocerebellar ataxia,TWNK
137898,Leukoencephalopathy with brain stem and spinal cord involvement-high lactate syndrome,DARS2
1187,Lethal ataxia with deafness and optic atrophy,PRPS1
1190,Atelosteogenesis type I,FLNB
137908,Hypotonia with lactic acidemia and hyperammonemia,MRPS22
1200,Burn-McKeown syndrome,POLR1A
1200,Burn-McKeown syndrome,TXNL4A
141258,Tessier number 4 facial cleft,SPECC1L
1458,CODAS syndrome,LONP1
1454,Joubert syndrome with hepatic defect,TMEM67
1454,Joubert syndrome with hepatic defect,RPGRIP1L
1454,Joubert syndrome with hepatic defect,CC2D2A
1454,Joubert syndrome with hepatic defect,INPP5E
190,Coats disease,NDP
1429,Benign hereditary chorea,NKX2-1
1429,Benign hereditary chorea,ADCY5
1426,Greenberg dysplasia,LBR
1427,Autosomal recessive otospondylomegaepiphyseal dysplasia,COL11A2
1435,Xq21 microdeletion syndrome,POU3F4
155878,Submucosal cleft palate,GRHL3
155878,Submucosal cleft palate,UBB
1490,Corneal dystrophy-perceptive deafness syndrome,SLC4A11
1486,Lethal congenital contracture syndrome type 1,GLE1
141276,Tessier number 7 facial cleft,PTCH2
141276,Tessier number 7 facial cleft,SPECC1L
1466,COFS syndrome,ERCC2
1466,COFS syndrome,ERCC6
1466,COFS syndrome,ERCC5
1466,COFS syndrome,ERCC1
141291,Cleft lip and alveolus,MSX1
141291,Cleft lip and alveolus,TP63
141291,Cleft lip and alveolus,IRF6
141291,Cleft lip and alveolus,NECTIN1
1410,Uncombable hair syndrome,PADI3
1410,Uncombable hair syndrome,TGM3
1412,Tarsal-carpal coalition syndrome,NOG
1416,Familial calcium pyrophosphate deposition,TNFRSF11B
1416,Familial calcium pyrophosphate deposition,ANKH
1394,Cerebrofaciothoracic dysplasia,TMCO1
1401,CHAND syndrome,RIPK4
141074,External auditory canal aplasia/hypoplasia,TSHZ1
174,"Metaphyseal chondrodysplasia, Schmid type",COL10A1
1425,Desbuquois syndrome,CSGALNACT1
1425,Desbuquois syndrome,CANT1
1425,Desbuquois syndrome,XYLT1
156728,"Spondyloepimetaphyseal dysplasia, matrilin-3 type",MATN3
163,Hereditary hyperferritinemia-cataract syndrome,FTL
1366,Autosomal recessive palmoplantar keratoderma and congenital alopecia,LSS
1393,Cerebrocostomandibular syndrome,SNRPB
157820,Cold-induced sweating syndrome,KLHL7
157820,Cold-induced sweating syndrome,CRLF1
157820,Cold-induced sweating syndrome,CLCF1
157798,Serrated polyposis syndrome,RNF43
1388,Catel-Manzke syndrome,TGDS
157801,Mesoaxial synostotic syndactyly with phalangeal reduction,BHLHA9
1387,Cataract-intellectual disability-hypogonadism syndrome,RAB3GAP1
1387,Cataract-intellectual disability-hypogonadism syndrome,RAB3GAP2
157791,Epithelioid hemangioendothelioma,TFE3
157791,Epithelioid hemangioendothelioma,CAMTA1
157791,Epithelioid hemangioendothelioma,YAP1
157791,Epithelioid hemangioendothelioma,WWTR1
157794,Hereditary mixed polyposis syndrome,BMPR1A
157794,Hereditary mixed polyposis syndrome,GREM1
157769,Situs ambiguus,PKD1L1
157769,Situs ambiguus,ZIC3
157769,Situs ambiguus,ACVR2B
157769,Situs ambiguus,LEFTY2
157769,Situs ambiguus,NODAL
157769,Situs ambiguus,CFAP53
157769,Situs ambiguus,MMP21
157769,Situs ambiguus,NODAL
157769,Situs ambiguus,CIROP
157769,Situs ambiguus,DNAH9
157769,Situs ambiguus,CFC1
157716,Late infantile CACH syndrome,EIF2B1
157716,Late infantile CACH syndrome,EIF2B2
157716,Late infantile CACH syndrome,EIF2B3
157716,Late infantile CACH syndrome,EIF2B4
157716,Late infantile CACH syndrome,EIF2B5
157719,Juvenile or adult CACH syndrome,EIF2B1
157719,Juvenile or adult CACH syndrome,EIF2B2
157719,Juvenile or adult CACH syndrome,EIF2B3
157719,Juvenile or adult CACH syndrome,EIF2B4
157719,Juvenile or adult CACH syndrome,EIF2B5
157713,Congenital or early infantile CACH syndrome,EIF2B1
157713,Congenital or early infantile CACH syndrome,EIF2B2
157713,Congenital or early infantile CACH syndrome,EIF2B3
157713,Congenital or early infantile CACH syndrome,EIF2B4
157713,Congenital or early infantile CACH syndrome,EIF2B5
1377,Cataract-microcornea syndrome,CRYAA
1377,Cataract-microcornea syndrome,CRYBA4
1377,Cataract-microcornea syndrome,CRYBB2
1377,Cataract-microcornea syndrome,CRYGC
1377,Cataract-microcornea syndrome,CRYGD
1377,Cataract-microcornea syndrome,GJA8
1377,Cataract-microcornea syndrome,CRYBB1
1377,Cataract-microcornea syndrome,MAF
157215,Hereditary hypophosphatemic rickets with hypercalciuria,SLC34A3
157215,Hereditary hypophosphatemic rickets with hypercalciuria,SLC34A1
1328,Camurati-Engelmann disease,TGFB1
1338,Heart defect-tongue hamartoma-polysyndactyly syndrome,WDPCP
1340,Cardiofaciocutaneous syndrome,BRAF
1340,Cardiofaciocutaneous syndrome,KRAS
1340,Cardiofaciocutaneous syndrome,MAP2K1
1340,Cardiofaciocutaneous syndrome,MAP2K2
2856,Persistent Müllerian duct syndrome,AMH
2856,Persistent Müllerian duct syndrome,AMHR2
1766,Dysequilibrium syndrome,VLDLR
1766,Dysequilibrium syndrome,WDR81
1766,Dysequilibrium syndrome,CA8
1766,Dysequilibrium syndrome,ATP8A2
1766,Dysequilibrium syndrome,TUBB2B
1777,Temtamy syndrome,C12ORF57
1772,"45,X/46,XY mixed gonadal dysgenesis",SRY
1782,Dysosteosclerosis,TNFRSF11A
1782,Dysosteosclerosis,TCIRG1
1782,Dysosteosclerosis,SLC29A3
1788,"Acrofacial dysostosis, Rodríguez type",SF3B4
859,Transcobalamin deficiency,TCN2
139441,Hypomyelination with atrophy of basal ganglia and cerebellum,TUBB4A
139441,Hypomyelination with atrophy of basal ganglia and cerebellum,UFM1
139447,Progressive cavitating leukoencephalopathy,NDUFV2
1573,Hypotrichosis with juvenile macular degeneration,CDH3
726,Alpers-Huttenlocher syndrome,POLG
139455,Autosomal recessive bestrophinopathy,BEST1
139466,SERKAL syndrome,WNT4
1596,Distal deletion 15q syndrome,MCTP2
139471,Microphthalmia with brain and digit anomalies,BMP4
139474,17q11.2 microduplication syndrome,NF1
1617,Developmental delay-language impairment-dopa responsive dystonia-parkinsonism syndrome due to 2q24 microdeletion,NR4A2
1617,Developmental delay-language impairment-dopa responsive dystonia-parkinsonism syndrome due to 2q24 microdeletion,TBR1
1606,1p36 deletion syndrome,RERE
1606,1p36 deletion syndrome,PRKCZ
1606,1p36 deletion syndrome,UBE4B
1606,1p36 deletion syndrome,MMP23B
1606,1p36 deletion syndrome,GABRD
1606,1p36 deletion syndrome,SKI
1606,1p36 deletion syndrome,KCNAB2
1606,1p36 deletion syndrome,PRDM16
1606,1p36 deletion syndrome,CASZ1
1606,1p36 deletion syndrome,SPEN
1606,1p36 deletion syndrome,PDPN
1606,1p36 deletion syndrome,LUZP1
1606,1p36 deletion syndrome,HSPG2
139480,Autosomal recessive spastic paraplegia type 39,PNPLA6
139485,Autosomal recessive ataxia due to ubiquinone deficiency,COQ8A
139515,Charcot-Marie-Tooth disease type 4J,FIG4
139512,Neuropathy with hearing impairment,GJB3
139525,Distal hereditary motor neuropathy type 2,HSPB1
139525,Distal hereditary motor neuropathy type 2,HSPB8
139525,Distal hereditary motor neuropathy type 2,HSPB3
139525,Distal hereditary motor neuropathy type 2,FBXO38
1658,Absence of fingerprints-congenital milia syndrome,SMARCAD1
139536,Distal hereditary motor neuropathy type 5,REEP1
139536,Distal hereditary motor neuropathy type 5,BSCL2
139536,Distal hereditary motor neuropathy type 5,GARS1
139557,X-linked distal spinal muscular atrophy type 3,ATP7A
1662,Restrictive dermopathy,ZMPSTE24
1662,Restrictive dermopathy,LMNA
139552,"Distal hereditary motor neuropathy, Jerash type",SIGMAR1
139583,X-linked hereditary sensory and autonomic neuropathy with deafness,AIFM1
1667,Wolcott-Rallison syndrome,EIF2AK3
139578,Mutilating hereditary sensory neuropathy with spastic paraplegia,CCT5
139589,Distal hereditary motor neuropathy type 7,DCTN1
139589,Distal hereditary motor neuropathy type 7,SLC5A7
140917,Stapes ankylosis with broad thumbs and toes,NOG
140922,Titin-related limb-girdle muscular dystrophy R10,TTN
1545,Crisponi syndrome,CRLF1
1545,Crisponi syndrome,CLCF1
140905,Hyperlipidemia due to hepatic triacylglycerol lipase deficiency,LIPC
1540,Jackson-Weiss syndrome,FGFR2
140908,Brachydactyly type B2,NOG
140952,Syndactyly-telecanthus-anogenital and renal malformations syndrome,CCNQ
140957,Autosomal dominant macrothrombocytopenia,TUBA8
140957,Autosomal dominant macrothrombocytopenia,GP1BA
140957,Autosomal dominant macrothrombocytopenia,TRPM7
140957,Autosomal dominant macrothrombocytopenia,GFI1B
140957,Autosomal dominant macrothrombocytopenia,GP1BB
140957,Autosomal dominant macrothrombocytopenia,TPM4
140957,Autosomal dominant macrothrombocytopenia,ITGA2B
140957,Autosomal dominant macrothrombocytopenia,ITGB3
140957,Autosomal dominant macrothrombocytopenia,TUBB1
140957,Autosomal dominant macrothrombocytopenia,ACTN1
140944,CLOVES syndrome,PIK3CA
1555,Cutis gyrata-acanthosis nigricans-craniosynostosis syndrome,FGFR2
140941,Short stature due to primary acid-labile subunit deficiency,IGFALS
1553,Curry-Jones syndrome,SMO
140927,Self-limited neonatal-infantile epilepsy,SCN2A
140927,Self-limited neonatal-infantile epilepsy,KCNQ2
140976,RHYNS syndrome,TMEM67
140969,Saldino-Mainzer syndrome,IFT140
140969,Saldino-Mainzer syndrome,IFT172
140966,"Palmoplantar keratoderma, Nagashima type",SERPINB7
140963,Bilateral microtia-deafness-cleft palate syndrome,HOXA2
382,Guanidinoacetate methyltransferase deficiency,GAMT
742,Prolidase deficiency,PEPD
1571,Knobloch syndrome,PAK2
1571,Knobloch syndrome,COL18A1
141007,Orofaciodigital syndrome type 9,TBC1D32
1568,X-linked intellectual disability-Dandy-Walker malformation-basal ganglia disease-seizures syndrome,AP1S2
1497,X-linked complicated corpus callosum dysgenesis,L1CAM
140436,Familial intraosseous vascular malformation,ELMO2
1493,Vici syndrome,EPG5
1509,Coxopodopatellar syndrome,TBX4
1507,Autosomal recessive Robinow syndrome,ROR2
1507,Autosomal recessive Robinow syndrome,NXN
1517,Cantú syndrome,ABCC9
1517,Cantú syndrome,KCNJ8
1519,SPECC1L-related hypertelorism syndrome,SPECC1L
1520,Craniofrontonasal dysplasia,EFNB1
1513,Craniodiaphyseal dysplasia,SOST
1513,Craniodiaphyseal dysplasia,SP7
140481,Autosomal dominant slowed nerve conduction velocity,ARHGEF10
1515,Cranioectodermal dysplasia,IFT122
1515,Cranioectodermal dysplasia,WDR35
1515,Cranioectodermal dysplasia,IFT43
1515,Cranioectodermal dysplasia,WDR19
1515,Cranioectodermal dysplasia,IFT52
1529,Craniofacial-deafness-hand syndrome,PAX3
1522,Craniometaphyseal dysplasia,ANKH
1522,Craniometaphyseal dysplasia,GJA1
1525,Cranio-osteoarthropathy,HPGD
1824,Lowry-Wood syndrome,RNU4ATAC
1955,Spinocerebellar ataxia type 34,ELOVL4
2209,Maternal phenylketonuria syndrome,PAH
1896,EEC syndrome,TP63
1897,EEM syndrome,CDH3
1807,Focal facial dermal dysplasia type III,TWIST2
1873,Jalili syndrome,CNNM4
1879,Melorheostosis with osteopoikilosis,LEMD3
1872,Cone rod dystrophy,RPGR
1872,Cone rod dystrophy,PRPH2
1872,Cone rod dystrophy,CFAP410
1872,Cone rod dystrophy,PITPNM3
1872,Cone rod dystrophy,OPN1MW
1872,Cone rod dystrophy,CRX
1872,Cone rod dystrophy,NMNAT1
1872,Cone rod dystrophy,CFAP418
1872,Cone rod dystrophy,CDHR1
1872,Cone rod dystrophy,MFSD8
1872,Cone rod dystrophy,ABCA4
1872,Cone rod dystrophy,RIMS1
1872,Cone rod dystrophy,RPGRIP1
1872,Cone rod dystrophy,CACNA1F
1872,Cone rod dystrophy,CNGA3
1872,Cone rod dystrophy,AIPL1
1872,Cone rod dystrophy,GUCA1A
1872,Cone rod dystrophy,GUCY2D
1872,Cone rod dystrophy,OPN1LW
1872,Cone rod dystrophy,RAX2
1872,Cone rod dystrophy,SEMA4A
1872,Cone rod dystrophy,PROM1
1872,Cone rod dystrophy,CACNA2D4
1872,Cone rod dystrophy,ADAM9
1872,Cone rod dystrophy,UNC119
1872,Cone rod dystrophy,RAB28
1872,Cone rod dystrophy,POC1B
1872,Cone rod dystrophy,DRAM2
1872,Cone rod dystrophy,TTLL5
1872,Cone rod dystrophy,TLCD3B
1872,Cone rod dystrophy,UBAP1L
1872,Cone rod dystrophy,ATF6
1871,Progressive cone dystrophy,PDE6C
1871,Progressive cone dystrophy,GNAT2
1871,Progressive cone dystrophy,CNGB3
1871,Progressive cone dystrophy,GUCA1A
1860,Thanatophoric dysplasia type 1,FGFR3
1865,"Dyssegmental dysplasia, Silverman-Handmaker type",HSPG2
1830,Schimke immuno-osseous dysplasia,SMARCAL1
1802,Ghosal hematodiaphyseal dysplasia,TBXAS1
2128,Isolated hemihyperplasia,IGF2
2128,Isolated hemihyperplasia,H19
2128,Isolated hemihyperplasia,KCNQ1OT1
2136,Hennekam syndrome,CCBE1
2136,Hennekam syndrome,FAT4
2136,Hennekam syndrome,ADAMTS3
2138,"46,XX ovotesticular difference of sex development",SOX9
2138,"46,XX ovotesticular difference of sex development",SRY
2138,"46,XX ovotesticular difference of sex development",NR5A1
2143,Donnai-Barrow syndrome,LRP2
2148,Lissencephaly type 1 due to doublecortin gene mutation,DCX
2108,Hallermann-Streiff syndrome,CHD6
2114,"Hip dysplasia, Beukes type",UFSP2
2117,Hartsfield syndrome,FGFR1
376,Gordon syndrome,PIEZO2
2092,Focal dermal hypoplasia,PORCN
2098,"Acromesomelic dysplasia, Grebe type",BMPR1B
2098,"Acromesomelic dysplasia, Grebe type",GDF5
380,Greig cephalopolysyndactyly syndrome,GLI3
2095,Gorlin-Chaudhry-Moss syndrome,SLC25A24
157846,Neuroferritinopathy,FTL
2067,GAPO syndrome,ANTXR1
2065,Galloway-Mowat syndrome,OSGEP
2065,Galloway-Mowat syndrome,TP53RK
2065,Galloway-Mowat syndrome,WDR73
2065,Galloway-Mowat syndrome,NUP107
2065,Galloway-Mowat syndrome,TPRKB
2065,Galloway-Mowat syndrome,LAGE3
2065,Galloway-Mowat syndrome,WDR4
2065,Galloway-Mowat syndrome,GON7
2065,Galloway-Mowat syndrome,NUP133
2065,Galloway-Mowat syndrome,YRDC
157941,Huntington disease-like 1,PRNP
2072,Gaucher disease-ophthalmoplegia-cardiovascular calcification syndrome,GBA1
157954,ANE syndrome,RBM28
157962,"Oculoauricular syndrome, Schorderet type",HMX1
2078,Geroderma osteodysplastica,GORAB
2078,Geroderma osteodysplastica,PYCR1
157949,Combined immunodeficiency with granulomatosis,INO80
157949,Combined immunodeficiency with granulomatosis,RAG1
157949,Combined immunodeficiency with granulomatosis,RAG2
157973,Congenital muscular dystrophy due to LMNA mutation,LMNA
2084,Glaucoma-ectopia lentis-microspherophakia-stiff joints-short stature syndrome,FBN1
157965,SLC39A13-related spondylodysplastic Ehlers-Danlos syndrome,SLC39A13
1826,Frontometaphyseal dysplasia,MAP3K7
1826,Frontometaphyseal dysplasia,FLNA
2050,Cole-Carpenter syndrome,P4HB
2050,Cole-Carpenter syndrome,SEC24D
2050,Cole-Carpenter syndrome,CRTAP
2059,Fryns syndrome,PIGN
2026,Gingival fibromatosis-hypertrichosis syndrome,ABCA5
2028,Juvenile hyaline fibromatosis,ANTXR2
2021,Fibrochondrogenesis,COL11A1
2021,Fibrochondrogenesis,COL11A2
2024,Hereditary gingival fibromatosis,GINGF2
2024,Hereditary gingival fibromatosis,SOS1
2024,Hereditary gingival fibromatosis,REST
2044,Floating-Harbor syndrome,SRCAP
2036,Scalp-ear-nipple syndrome,KCTD1
158769,Plaque-form urticaria pigmentosa,KIT
158766,Typical urticaria pigmentosa,KIT
158687,Lethal acantholytic erosive disorder,DSP
158687,Lethal acantholytic erosive disorder,JUP
158684,Epidermolysis bullosa simplex with pyloric atresia,PLEC
158684,Epidermolysis bullosa simplex with pyloric atresia,ITGB4
158681,Epidermolysis bullosa simplex with circinate migratory erythema,KRT5
158676,"Localized dystrophic epidermolysis bullosa, nails only",COL7A1
158673,"Localized dystrophic epidermolysis bullosa, acral form",COL7A1
158668,Ectodermal dysplasia-skin fragility syndrome,PKP1
158778,Isolated bone marrow mastocytosis,KIT
158775,Smoldering systemic mastocytosis,KIT
158772,Nodular urticaria pigmentosa,KIT
1986,Gollop-Wolfgang complex,BHLHA9
1980,Bilateral striopallidodentate calcinosis,NAA60
1980,Bilateral striopallidodentate calcinosis,CMPK2
1980,Bilateral striopallidodentate calcinosis,JAM2
1980,Bilateral striopallidodentate calcinosis,MYORG
1980,Bilateral striopallidodentate calcinosis,PDGFRB
1980,Bilateral striopallidodentate calcinosis,PDGFB
1980,Bilateral striopallidodentate calcinosis,SLC20A2
1980,Bilateral striopallidodentate calcinosis,XPR1
1997,Blepharo-cheilo-odontic syndrome,CTNND1
1997,Blepharo-cheilo-odontic syndrome,CDH1
2348,"Familial partial lipodystrophy, Dunnigan type",LMNA
247768,Müllerian aplasia and hyperandrogenism,WNT4
2353,Schilbach-Rott syndrome,PTCH1
247790,FTH1-related iron overload,FTH1
247798,MUTYH-related polyposis,MUTYH
247794,Juvenile cataract-microcornea-renal glucosuria syndrome,SLC16A12
247815,Autosomal recessive ataxia due to PEX10 deficiency,PEX10
2363,Lacrimoauriculodentodigital syndrome,FGF10
2363,Lacrimoauriculodentodigital syndrome,FGFR3
2363,Lacrimoauriculodentodigital syndrome,FGFR2
247691,Retinal vasculopathy with cerebral leukoencephalopathy and systemic manifestations,TREX1
2340,Keratosis follicularis spinulosa decalvans,MBTPS2
2340,Keratosis follicularis spinulosa decalvans,SAT1
2340,Keratosis follicularis spinulosa decalvans,LRP1
247685,Odontohypophosphatasia,ALPL
247709,Multiple endocrine neoplasia type 2B,RET
2342,Haim-Munk syndrome,CTSC
247698,Multiple endocrine neoplasia type 2A,RET
485,Kniest dysplasia,COL2A1
247585,Citrullinemia type II,SLC25A13
247598,Neonatal intrahepatic cholestasis due to citrin deficiency,SLC25A13
2332,KBG syndrome,ANKRD11
247604,Juvenile primary lateral sclerosis,ALS2
247604,Juvenile primary lateral sclerosis,ERLIN2
247623,Perinatal lethal hypophosphatasia,ALPL
247638,Prenatal benign hypophosphatasia,ALPL
2337,"Diffuse palmoplantar keratoderma, Bothnian type",AQP5
247651,Infantile hypophosphatasia,ALPL
247667,Childhood-onset hypophosphatasia,ALPL
247676,Adult hypophosphatasia,ALPL
494,Keratoderma hereditarium mutilans,GJB2
2322,Kabuki syndrome,KMT2D
2322,Kabuki syndrome,KDM6A
247378,Autosomal recessive secondary polycythemia not associated with VHL gene,BPGM
247511,Autosomal dominant secondary polycythemia,EPO
247511,Autosomal dominant secondary polycythemia,EGLN1
247511,Autosomal dominant secondary polycythemia,EPAS1
247511,Autosomal dominant secondary polycythemia,HBA1
247511,Autosomal dominant secondary polycythemia,HBA2
247511,Autosomal dominant secondary polycythemia,HBB
2323,Sanjad-Sakati syndrome,TBCE
247522,Primary ciliary dyskinesia-retinitis pigmentosa syndrome,RPGR
247546,Acute neonatal citrullinemia type I,ASS1
247573,Late-onset citrullinemia type I,ASS1
2407,Laryngo-onycho-cutaneous syndrome,LAMA3
2412,Dislocation of the hip-dysmorphism syndrome,TRIM33
248408,Familial hypodysfibrinogenemia,FGA
248408,Familial hypodysfibrinogenemia,FGB
248408,Familial hypodysfibrinogenemia,FGG
2396,Encephalocraniocutaneous lipomatosis,FGFR1
2396,Encephalocraniocutaneous lipomatosis,KRAS
248340,Isolated delta-storage pool disease,FLI1
2388,Choreoacanthocytosis,VPS13A
248111,Juvenile Huntington disease,HTT
2387,Leukonychia totalis,PLCD1
2379,Early-onset parkinsonism-intellectual disability syndrome,RAB39B
247834,Occult macular dystrophy,RP1L1
247820,Ectodermal dysplasia-pili torti-cutaneous syndactyly syndrome,NECTIN4
2378,Laurin-Sandrow syndrome,LMBR1
247868,NLRP12-associated hereditary periodic fever syndrome,NLRP12
2451,Mucocutaneous venous malformations,TEK
244305,Dominant hypophosphatemia with nephrolithiasis or osteoporosis,SLC34A1
244305,Dominant hypophosphatemia with nephrolithiasis or osteoporosis,NHERF1
244283,Biliary atresia with splenic malformation syndrome,CFC1
2440,Isolated split hand-split foot malformation,DLX6
2440,Isolated split hand-split foot malformation,EPS15L1
2440,Isolated split hand-split foot malformation,TP63
2440,Isolated split hand-split foot malformation,SEM1
2440,Isolated split hand-split foot malformation,WNT10B
2440,Isolated split hand-split foot malformation,DLX5
2440,Isolated split hand-split foot malformation,BTRC
2440,Isolated split hand-split foot malformation,FBXW4
244310,RFT1-CDG,RFT1
244242,HELLP syndrome,CD46
244242,HELLP syndrome,CFH
244242,HELLP syndrome,CFI
244242,HELLP syndrome,HELLPAR
296,Ollier disease,PTH1R
296,Ollier disease,IDH2
296,Ollier disease,IDH1
244275,De novo thrombotic microangiopathy after kidney transplantation,CFI
244275,De novo thrombotic microangiopathy after kidney transplantation,CFH
2438,Hand-foot-genital syndrome,HOXA13
243343,Dimethylglycine dehydrogenase deficiency,DMGDH
243367,Acute fatty liver of pregnancy,HADHA
247353,Generalized pustular psoriasis,IL36RN
247353,Generalized pustular psoriasis,AP1S3
247262,Hyperphosphatasia-intellectual disability syndrome,PIGV
247262,Hyperphosphatasia-intellectual disability syndrome,PIGL
247262,Hyperphosphatasia-intellectual disability syndrome,PIGO
247262,Hyperphosphatasia-intellectual disability syndrome,PGAP2
247262,Hyperphosphatasia-intellectual disability syndrome,PGAP3
247262,Hyperphosphatasia-intellectual disability syndrome,PIGW
247262,Hyperphosphatasia-intellectual disability syndrome,PIGY
2484,Melnick-Needles syndrome,FLNA
247198,Progressive cerebello-cerebral atrophy,SEPSECS
247198,Progressive cerebello-cerebral atrophy,VPS53
2477,Isolated megalencephaly,TBC1D7
2473,McKusick-Kaufman syndrome,MKKS
2470,Matthew-Wood syndrome,STRA6
2470,Matthew-Wood syndrome,WNT7B
561,Marshall-Smith syndrome,NFIX
559,Marinesco-Sjögren syndrome,SIL1
2462,Shprintzen-Goldberg syndrome,SKI
2462,Shprintzen-Goldberg syndrome,FBN1
2461,Marden-Walker syndrome,PIEZO2
251630,Anaplastic oligodendroglioma,IDH2
251630,Anaplastic oligodendroglioma,POT1
251636,Ependymoma,ZFTA
2176,Infantile systemic hyalinosis,ANTXR2
251656,Oligoastrocytoma,IDH2
251663,Anaplastic oligoastrocytoma,IDH2
251671,Angiocentric glioma,MYB
251671,Angiocentric glioma,QKI
2189,Hydrolethalus,HYLS1
2189,Hydrolethalus,KIF7
312,Autosomal dominant epidermolytic ichthyosis,KRT1
312,Autosomal dominant epidermolytic ichthyosis,KRT10
2196,Primary hypomagnesemia with hypercalciuria and nephrocalcinosis with severe ocular involvement,CLDN19
251576,Gliosarcoma,NFKBIA
251576,Gliosarcoma,MGMT
251576,Gliosarcoma,EGFR
251576,Gliosarcoma,FGFR1
251576,Gliosarcoma,FGFR3
251576,Gliosarcoma,TP53
251576,Gliosarcoma,TACC3
251576,Gliosarcoma,TACC1
251576,Gliosarcoma,PPARG
251576,Gliosarcoma,LZTR1
251576,Gliosarcoma,SEPTIN14
251576,Gliosarcoma,IDH1
251579,Giant cell glioblastoma,ROS1
251579,Giant cell glioblastoma,PPARG
251579,Giant cell glioblastoma,NFKBIA
251579,Giant cell glioblastoma,MGMT
251579,Giant cell glioblastoma,EGFR
251579,Giant cell glioblastoma,FGFR1
251579,Giant cell glioblastoma,FGFR3
251579,Giant cell glioblastoma,TP53
251579,Giant cell glioblastoma,TACC3
251579,Giant cell glioblastoma,TACC1
251579,Giant cell glioblastoma,IDH1
251579,Giant cell glioblastoma,LZTR1
251579,Giant cell glioblastoma,SEPTIN14
251589,Anaplastic astrocytoma,IDH2
251598,Protoplasmic astrocytoma,IDH2
251604,Gemistocytic astrocytoma,IDH2
251601,Fibrillary astrocytoma,IDH2
251615,Pilomyxoid astrocytoma,BRAF
251615,Pilomyxoid astrocytoma,BRAF
251615,Pilomyxoid astrocytoma,RAF1
251615,Pilomyxoid astrocytoma,FGFR1
251615,Pilomyxoid astrocytoma,SRGAP3
251615,Pilomyxoid astrocytoma,NTRK2
251615,Pilomyxoid astrocytoma,KIAA1549
251615,Pilomyxoid astrocytoma,KRAS
251627,Oligodendroglioma,IDH2
251627,Oligodendroglioma,POT1
2169,Methylcobalamin deficiency type cblE,MTRR
2228,Hypodontia-dysplasia of nails syndrome,MSX1
2224,Hypertryptophanemia,TDO2
2229,Dilated cardiomyopathy-hypergonadotropic hypogonadism syndrome,LMNA
2237,Hypoparathyroidism-sensorineural deafness-renal disease syndrome,GATA3
251992,Ganglioneuroma,ALK
2199,Epidermolytic palmoplantar keratoderma,KRT1
2199,Epidermolytic palmoplantar keratoderma,KRT9
2199,Epidermolytic palmoplantar keratoderma,KRT16
251863,Desmoplastic/nodular medulloblastoma,SUFU
2198,Palmoplantar keratoderma-esophageal carcinoma syndrome,RHBDF2
251858,Medulloblastoma with extensive nodularity,SUFU
251877,Ganglioneuroblastoma,ALK
2202,Palmoplantar keratoderma-deafness syndrome,GJB2
2202,Palmoplantar keratoderma-deafness syndrome,MT-TS1
251899,Choroid plexus carcinoma,TP53
251019,2q32q33 deletion syndrome,SATB2
251028,SATB2-associated syndrome due to a chromosomal rearrangement,SATB2
672,Pallister-Hall syndrome,GLI3
455,Superficial epidermolytic ichthyosis,KRT2
251061,7q31 microdeletion syndrome,FOXP2
251066,8p11.2 deletion syndrome,ANK1
251071,8p23.1 microdeletion syndrome,GATA4
2273,Ichthyosis follicularis-alopecia-photophobia syndrome,MBTPS2
139,CHILD syndrome,NSDHL
457,Harlequin ichthyosis,ABCA12
251056,6q25.2q25.3 microdeletion syndrome,ARID1B
2239,Familial isolated hypoparathyroidism due to agenesis of parathyroid gland,GCM2
2241,Megacystis-microcolon-intestinal hypoperistalsis syndrome,LMOD1
2241,Megacystis-microcolon-intestinal hypoperistalsis syndrome,MYH11
2241,Megacystis-microcolon-intestinal hypoperistalsis syndrome,ACTG2
2241,Megacystis-microcolon-intestinal hypoperistalsis syndrome,MYLK
250984,Autosomal recessive Stickler syndrome,COL9A1
250984,Autosomal recessive Stickler syndrome,COL9A2
250984,Autosomal recessive Stickler syndrome,COL9A3
250984,Autosomal recessive Stickler syndrome,LOXL3
250977,AICA-ribosiduria,ATIC
2250,Hyposmia-nasal and ocular hypoplasia-hypogonadotropic hypogonadism syndrome,SMCHD1
250923,Isolated aniridia,PAX6
250923,Isolated aniridia,TRIM44
250923,Isolated aniridia,FOXC1
250972,Polymicrogyria with optic nerve hypoplasia,TUBA8
2255,Pancreatic hypoplasia-diabetes-congenital heart disease syndrome,GATA6
251380,Hereditary persistence of fetal hemoglobin-sickle cell disease syndrome,HBB
251380,Hereditary persistence of fetal hemoglobin-sickle cell disease syndrome,BCL11A
251380,Hereditary persistence of fetal hemoglobin-sickle cell disease syndrome,HBG1
251380,Hereditary persistence of fetal hemoglobin-sickle cell disease syndrome,HBG2
251380,Hereditary persistence of fetal hemoglobin-sickle cell disease syndrome,KLF1
251383,CK syndrome,NSDHL
251370,Sickle cell S-D Punjab disease,HBB
251375,Sickle cell S-E disease,HBB
251365,Sickle cell S-C disease,HBB
2319,Juberg-Hayward syndrome,ESCO2
251523,Hyperzincemia and hypercalprotectinemia,PSTPIP1
2315,Johanson-Blizzard syndrome,UBR1
251510,"46,XY partial gonadal dysgenesis",DHX37
251510,"46,XY partial gonadal dysgenesis",WT1
251510,"46,XY partial gonadal dysgenesis",SOX9
251510,"46,XY partial gonadal dysgenesis",SRY
251510,"46,XY partial gonadal dysgenesis",WWOX
251510,"46,XY partial gonadal dysgenesis",ZFPM2
251510,"46,XY partial gonadal dysgenesis",GATA4
251510,"46,XY partial gonadal dysgenesis",NR0B1
251510,"46,XY partial gonadal dysgenesis",NR5A1
251510,"46,XY partial gonadal dysgenesis",MAP3K1
251510,"46,XY partial gonadal dysgenesis",VAMP7
2309,Pachyonychia congenita,KRT16
2309,Pachyonychia congenita,KRT17
2309,Pachyonychia congenita,KRT6A
2309,Pachyonychia congenita,KRT6B
251393,Localized junctional epidermolysis bullosa,COL17A1
251393,Localized junctional epidermolysis bullosa,ITGB4
2307,IVIC syndrome,SALL4
251295,Pigmented paravenous retinochoroidal atrophy,CRB1
251290,Parietal foramina with clavicular hypoplasia,MSX2
251287,Benign concentric annular macular dystrophy,IMPG1
251282,Autosomal dominant spastic ataxia type 1,VAMP1
251279,Microphthalmia-retinitis pigmentosa-foveoschisis-optic disc drusen syndrome,MFRP
251274,Familial hyperaldosteronism type III,KCNJ5
251262,Familial osteochondritis dissecans,ACAN
251347,Ataxia-telangiectasia-like disorder,MRE11
2289,Neuronal intranuclear inclusion disease,NOTCH2NLC
2290,Microvillus inclusion disease,MYO5B
2290,Microvillus inclusion disease,STX3
254857,Lethal infantile mitochondrial myopathy,MT-TT
2678,Familial isolated café-au-lait macules,LZTR1
254864,Mitochondrial myopathy with reversible cytochrome C oxidase deficiency,TRMU
254864,Mitochondrial myopathy with reversible cytochrome C oxidase deficiency,MT-TE
2662,Keipert syndrome,GPC4
1475,Renal coloboma syndrome,PAX2
2670,Pierson syndrome,LAMB2
254930,Combined oxidative phosphorylation defect type 7,MTRFR
254925,Combined oxidative phosphorylation defect type 4,TUFM
2697,Arthrogryposis-renal dysfunction-cholestasis syndrome,VPS33B
2697,Arthrogryposis-renal dysfunction-cholestasis syndrome,VIPAS39
254920,Combined oxidative phosphorylation defect type 2,MRPS16
254913,Isolated ATP synthase deficiency,MT-ATP6
254913,Isolated ATP synthase deficiency,ATP5MK
254913,Isolated ATP synthase deficiency,MT-ATP8
254913,Isolated ATP synthase deficiency,ATPAF2
254913,Isolated ATP synthase deficiency,ATP5F1E
254913,Isolated ATP synthase deficiency,ATP5F1A
254913,Isolated ATP synthase deficiency,ATP5F1D
255182,Pyruvate dehydrogenase E3-binding protein deficiency,PDHX
2701,Noonan syndrome-like disorder with loose anagen hair,PPP1CB
2701,Noonan syndrome-like disorder with loose anagen hair,SHOC2
255138,Pyruvate dehydrogenase E1-beta deficiency,PDHB
255132,Adult-onset autosomal recessive sideroblastic anemia,GLRX5
2698,Knuckle pads-leukonychia-sensorineural deafness-palmoplantar hyperkeratosis syndrome,GJB2
254886,Autosomal recessive progressive external ophthalmoplegia,POLG
254886,Autosomal recessive progressive external ophthalmoplegia,TK2
254886,Autosomal recessive progressive external ophthalmoplegia,TOP3A
254886,Autosomal recessive progressive external ophthalmoplegia,RRM1
254881,Spinocerebellar ataxia with epilepsy,POLG
254875,"Mitochondrial DNA depletion syndrome, myopathic form",TK2
254905,Isolated cytochrome C oxidase deficiency,COX10
254905,Isolated cytochrome C oxidase deficiency,MT-CO1
254905,Isolated cytochrome C oxidase deficiency,MT-CO2
254905,Isolated cytochrome C oxidase deficiency,MT-CO3
254905,Isolated cytochrome C oxidase deficiency,COX6B1
254905,Isolated cytochrome C oxidase deficiency,COX14
254905,Isolated cytochrome C oxidase deficiency,COX16
254905,Isolated cytochrome C oxidase deficiency,COX4I1
254905,Isolated cytochrome C oxidase deficiency,COX20
254905,Isolated cytochrome C oxidase deficiency,COA3
254905,Isolated cytochrome C oxidase deficiency,COX8A
254905,Isolated cytochrome C oxidase deficiency,COX6A2
254905,Isolated cytochrome C oxidase deficiency,PET117
254905,Isolated cytochrome C oxidase deficiency,COX5A
254902,Renal tubulopathy-encephalopathy-liver failure syndrome,BCS1L
254898,Deafness-encephaloneuropathy-obesity-valvulopathy syndrome,PDSS1
254892,Autosomal dominant progressive external ophthalmoplegia,POLG
254892,Autosomal dominant progressive external ophthalmoplegia,POLG2
254892,Autosomal dominant progressive external ophthalmoplegia,SLC25A4
254892,Autosomal dominant progressive external ophthalmoplegia,TWNK
254892,Autosomal dominant progressive external ophthalmoplegia,RRM2B
2712,Oculofaciocardiodental syndrome,BCOR
2717,Oculotrichoanal syndrome,FREM1
2704,Urofacial syndrome,HPSE2
2704,Urofacial syndrome,LRIG2
255210,Mitochondrial DNA-associated Leigh syndrome,MT-ATP6
255210,Mitochondrial DNA-associated Leigh syndrome,MT-ND1
255210,Mitochondrial DNA-associated Leigh syndrome,MT-ND2
255210,Mitochondrial DNA-associated Leigh syndrome,MT-ND3
255210,Mitochondrial DNA-associated Leigh syndrome,MT-ND4
255210,Mitochondrial DNA-associated Leigh syndrome,MT-ND5
255210,Mitochondrial DNA-associated Leigh syndrome,MT-ND6
255210,Mitochondrial DNA-associated Leigh syndrome,MT-TL1
255210,Mitochondrial DNA-associated Leigh syndrome,MT-TK
255210,Mitochondrial DNA-associated Leigh syndrome,MT-TW
255210,Mitochondrial DNA-associated Leigh syndrome,MT-TV
255229,Navajo neurohepatopathy,MPV17
2707,"Oculocerebrofacial syndrome, Kaufman type",UBE3B
255235,"Mitochondrial DNA depletion syndrome, encephalomyopathic form with renal tubulopathy",RRM2B
2710,Oculodentodigital dysplasia,GJA1
2721,Odonto-onycho-dermal dysplasia,WNT10A
260305,Autosomal recessive sideroblastic anemia,SLC25A38
260305,Autosomal recessive sideroblastic anemia,HSPA9
2754,Orofaciodigital syndrome type 6,FAM149B1
2754,Orofaciodigital syndrome type 6,OFD1
2754,Orofaciodigital syndrome type 6,TMEM216
2754,Orofaciodigital syndrome type 6,KIF7
2754,Orofaciodigital syndrome type 6,CPLANE1
2754,Orofaciodigital syndrome type 6,TCTN3
2754,Orofaciodigital syndrome type 6,PDE6D
2754,Orofaciodigital syndrome type 6,TMEM231
2754,Orofaciodigital syndrome type 6,TOPORS
2754,Orofaciodigital syndrome type 6,KIAA0753
2753,Orofaciodigital syndrome type 4,TCTN3
2751,Orofaciodigital syndrome type 2,NEK1
252128,Malignant peripheral nerve sheath tumor with perineurial differentiation,SH3PXD2A
252128,Malignant peripheral nerve sheath tumor with perineurial differentiation,HTRA1
2750,Orofaciodigital syndrome type 1,OFD1
661,Congenital central hypoventilation syndrome,LBX1
661,Congenital central hypoventilation syndrome,PHOX2B
661,Congenital central hypoventilation syndrome,EDN3
661,Congenital central hypoventilation syndrome,GDNF
661,Congenital central hypoventilation syndrome,MYO1H
661,Congenital central hypoventilation syndrome,BDNF
254361,Plectin-related limb-girdle muscular dystrophy R17,PLEC
2774,Multicentric carpo-tarsal osteolysis with or without nephropathy,MAFB
2770,Nasu-Hakola disease,TREM2
2770,Nasu-Hakola disease,TYROBP
254343,Autosomal recessive spastic ataxia-optic atrophy-dysarthria syndrome,MTPAP
254334,Autosomal recessive intermediate Charcot-Marie-Tooth disease type B,KARS1
2762,Progressive osseous heteroplasia,GNAS
252212,Malignant triton tumor,SH3PXD2A
252212,Malignant triton tumor,HTRA1
2763,Osteocraniostenosis,FAM111A
252206,Melanoma and neural system tumor syndrome,CDKN2A
252202,Constitutional mismatch repair deficiency syndrome,PMS2
252202,Constitutional mismatch repair deficiency syndrome,MLH1
252202,Constitutional mismatch repair deficiency syndrome,MSH2
252202,Constitutional mismatch repair deficiency syndrome,MSH6
2792,Otofaciocervical syndrome,EYA1
2792,Otofaciocervical syndrome,PAX1
254525,Temple syndrome due to paternal 14q32.2 microdeletion,MEG3
254525,Temple syndrome due to paternal 14q32.2 microdeletion,DLK1
254525,Temple syndrome due to paternal 14q32.2 microdeletion,RTL1
2796,Pachydermoperiostosis,SLCO2A1
2796,Pachydermoperiostosis,HPGD
254528,Kagami-Ogata syndrome due to maternal 14q32.2 microdeletion,RTL1
254528,Kagami-Ogata syndrome due to maternal 14q32.2 microdeletion,MEG3
254528,Kagami-Ogata syndrome due to maternal 14q32.2 microdeletion,DLK1
2789,Lateral meningocele syndrome,NOTCH3
2788,Osteoporosis-pseudoglioma syndrome,LRP5
2791,Otodental syndrome,FGF3
2790,"Endosteal hyperostosis, Worth type",LRP5
2783,Autosomal dominant osteopetrosis type 1,LRP5
2780,Osteopathia striata-cranial sclerosis syndrome,AMER1
2780,Osteopathia striata-cranial sclerosis syndrome,CTNNB1
667,Autosomal recessive malignant osteopetrosis,CLCN7
667,Autosomal recessive malignant osteopetrosis,TCIRG1
667,Autosomal recessive malignant osteopetrosis,TNFSF11
667,Autosomal recessive malignant osteopetrosis,SNX10
2805,Partial pancreatic agenesis,PTF1A
2805,Partial pancreatic agenesis,PDX1
254693,Partial hydatidiform mole,NLRP7
254693,Partial hydatidiform mole,KHDC3L
2807,Papilloma of choroid plexus,TP53
678,Papillon-Lefèvre syndrome,CTSC
254704,Genetic hyperferritinemia without iron overload,FTL
254534,Kagami-Ogata syndrome due to maternal 14q32.2 hypermethylation,DLK1
254534,Kagami-Ogata syndrome due to maternal 14q32.2 hypermethylation,MEG3
254534,Kagami-Ogata syndrome due to maternal 14q32.2 hypermethylation,RTL1
2802,X-linked sideroblastic anemia and spinocerebellar ataxia,ABCB7
254531,Temple syndrome due to paternal 14q32.2 hypomethylation,RTL1
254531,Temple syndrome due to paternal 14q32.2 hypomethylation,MEG3
254531,Temple syndrome due to paternal 14q32.2 hypomethylation,DLK1
254688,Complete hydatidiform mole,NLRP7
254688,Complete hydatidiform mole,KHDC3L
254688,Complete hydatidiform mole,MEI1
254688,Complete hydatidiform mole,TOP6BL
2498,Syndactyly type 8,FGF16
2499,Metachondromatosis,PTPN11
2500,Acrogeria,COL3A1
2501,"Metaphyseal chondrodysplasia, Spahr type",MMP13
2504,Metaphyseal dysplasia-maxillary hypoplasia-brachydacty syndrome,RUNX2
2505,Multiple benign circumferential skin creases on limbs,MAPRE2
2505,Multiple benign circumferential skin creases on limbs,TUBB
2510,Micro syndrome,RAB3GAP1
2510,Micro syndrome,RAB3GAP2
2510,Micro syndrome,RAB18
2510,Micro syndrome,TBC1D20
2508,Corpus callosum agenesis-abnormal genitalia syndrome,ARX
2514,Autosomal dominant primary microcephaly,DPP6
2514,Autosomal dominant primary microcephaly,LMNB1
2518,Autosomal recessive chorioretinopathy-microcephaly syndrome,PLK4
2518,Autosomal recessive chorioretinopathy-microcephaly syndrome,TUBGCP6
2518,Autosomal recessive chorioretinopathy-microcephaly syndrome,TUBGCP4
2524,Pontocerebellar hypoplasia type 2,TSEN15
2524,Pontocerebellar hypoplasia type 2,TSEN54
2524,Pontocerebellar hypoplasia type 2,TSEN34
2524,Pontocerebellar hypoplasia type 2,TSEN2
2524,Pontocerebellar hypoplasia type 2,SEPSECS
2526,Microcephaly-lymphedema-chorioretinopathy syndrome,KIF11
2554,Ear-patella-short stature syndrome,ORC4
2554,Ear-patella-short stature syndrome,ORC6
2554,Ear-patella-short stature syndrome,CDT1
2554,Ear-patella-short stature syndrome,CDC6
2554,Ear-patella-short stature syndrome,ORC1
2554,Ear-patella-short stature syndrome,GMNN
2554,Ear-patella-short stature syndrome,CDC45
2556,Microphthalmia with linear skin defects syndrome,HCCS
2556,Microphthalmia with linear skin defects syndrome,COX7B
2556,Microphthalmia with linear skin defects syndrome,NDUFB11
575,Muckle-Wells syndrome,NLRP3
2573,Moyamoya disease,DIAPH1
2573,Moyamoya disease,ACTA2
2573,Moyamoya disease,RNF213
2570,Lethal intrauterine growth restriction-cortical malformation-congenital contractures syndrome,GPKOW
261183,15q11.2 microdeletion syndrome,NIPA1
261183,15q11.2 microdeletion syndrome,NIPA2
261183,15q11.2 microdeletion syndrome,TUBG1
2585,Ataxia-pancytopenia syndrome,SAMD9L
261144,FOXG1 syndrome due to 14q12 microdeletion,FOXG1
2578,Mayer-Rokitansky-Küster-Hauser syndrome type 2,HNF1B
2578,Mayer-Rokitansky-Küster-Hauser syndrome type 2,WNT4
2576,Mulibrey nanism,TRIM37
261222,Distal 16p11.2 microdeletion syndrome,SH2B1
1359,Carney complex,PRKAR1A
1359,Carney complex,PDE11A
2593,Tubular aggregate myopathy,ORAI1
2593,Tubular aggregate myopathy,STIM1
2593,Tubular aggregate myopathy,CASQ1
261229,14q11.2 microduplication syndrome,CHD8
261229,14q11.2 microduplication syndrome,SUPT16H
2590,Spinal muscular atrophy-progressive myoclonic epilepsy syndrome,ASAH1
2588,Myhre syndrome,SMAD4
261190,Cleft palate-congenital heart defect-intellectual disability syndrome due to 15q14 microdeletion,MEIS2
261197,Proximal 16p11.2 microdeletion syndrome,SH2B1
261295,20p12.3 microdeletion syndrome,BMP2
261279,17q23.1q23.2 microdeletion syndrome,TBX4
261265,17q12 microdeletion syndrome,HNF1B
261265,17q12 microdeletion syndrome,LHX1
2616,3M syndrome,CUL7
2616,3M syndrome,OBSL1
2616,3M syndrome,CCDC8
261250,16q24.3 microdeletion syndrome,ANKRD11
2613,Nail-patella-like renal disease,LMX1B
261257,Distal 17p13.3 microdeletion syndrome,YWHAE
2623,Geleophysic dysplasia,FBN1
2623,Geleophysic dysplasia,ADAMTSL2
2623,Geleophysic dysplasia,LTBP3
261330,Distal 22q11.2 microdeletion syndrome,BCR
261330,Distal 22q11.2 microdeletion syndrome,MAPK1
261330,Distal 22q11.2 microdeletion syndrome,CRKL
261323,21q22.11q22.12 microdeletion syndrome,KIF15
2639,Fibular aplasia-complex brachydactyly syndrome,BMPR1B
2639,Fibular aplasia-complex brachydactyly syndrome,GDF5
261483,Xq27.3q28 duplication syndrome,FMR1
2632,Langer mesomelic dysplasia,SHOX
2645,Osteoglosphonic dysplasia,FGFR1
261584,5q22 microdeletion syndrome,APC
261600,Alagille syndrome due to 20p12 microdeletion,JAG1
261619,Alagille syndrome due to a JAG1 point mutation,JAG1
261537,Mowat-Wilson syndrome due to monosomy 2q22,ZEB2
261552,Mowat-Wilson syndrome due to a ZEB2 point mutation,ZEB2
2636,Microcephalic osteodysplastic primordial dwarfism types I and III,RNU4ATAC
2658,Lenz-Majewski hyperostotic dysplasia,PTDSS1
261629,Alagille syndrome due to a NOTCH2 point mutation,NOTCH2
261638,Okihiro syndrome due to 20q13 microdeletion,SALL4
261647,Okihiro syndrome due to a point mutation,SALL4
261652,Kleefstra syndrome due to a point mutation,KMT2C
261652,Kleefstra syndrome due to a point mutation,EHMT1
3057,Monoamine oxidase A deficiency,MAOA
3047,"Blepharophimosis-intellectual disability syndrome, SBBYS type",KAT6B
3042,Intellectual disability-cataracts-calcified pinnae-myopathy syndrome,ZBTB20
263662,Familial multiple meningioma,SMARCB1
263662,Familial multiple meningioma,SUFU
263662,Familial multiple meningioma,SMARCE1
263662,Familial multiple meningioma,MN1
263662,Familial multiple meningioma,PDGFB
263548,Peeling skin syndrome type A,FLG2
263548,Peeling skin syndrome type A,CHST8
263548,Peeling skin syndrome type A,SERPINB8
263553,Peeling skin syndrome type B,CDSN
3032,NPHP3-related Meckel-like syndrome,NPHP3
263534,Acral peeling skin syndrome,CSTA
263534,Acral peeling skin syndrome,TGM5
263516,Progressive myoclonic epilepsy type 3,KCTD7
263524,Acute necrotizing encephalopathy of childhood,CPT2
263524,Acute necrotizing encephalopathy of childhood,RANBP2
263501,COG4-CDG,COG4
263508,COG1-CDG,COG1
263482,"Spondyloepimetaphyseal dysplasia, Maroteaux type",TRPV4
3021,RAPADILINO syndrome,RECQL4
263494,DPM3-CDG,DPM3
263487,COG5-CDG,COG5
263458,Hyperinsulinism due to INSR deficiency,INSR
263455,Congenital hyperinsulinism due to HNF4A deficiency,HNF4A
1832,Osteosclerotic bone dysplasia,FAM20C
3019,Ramon syndrome,ELMO2
263463,CHST3-related skeletal dysplasia,CHST3
263410,Infantile spasms-psychomotor retardation-progressive brain atrophy-basal ganglia disease syndrome,SLC19A3
769,Rabson-Mendenhall syndrome,INSR
3005,Pyle disease,SFRP4
263347,MRCS syndrome,BEST1
2990,Autosomal recessive multiple pterygium syndrome,CHRNG
2990,Autosomal recessive multiple pterygium syndrome,MYH3
263297,Glycogen storage disease with severe cardiomyopathy due to glycogenin deficiency,GYG1
3138,Ulnar-mammary syndrome,TBX3
3144,Schneckenbecken dysplasia,SLC35D1
3144,Schneckenbecken dysplasia,INPPL1
798,Schinzel-Giedion syndrome,SETBP1
3115,Roussy-Lévy syndrome,PMP22
3115,Roussy-Lévy syndrome,MPZ
3102,Richieri Costa-Pereira syndrome,EIF4A3
3107,Autosomal dominant Robinow syndrome,DVL3
3107,Autosomal dominant Robinow syndrome,WNT5A
3107,Autosomal dominant Robinow syndrome,DVL1
3107,Autosomal dominant Robinow syndrome,FZD2
3086,Autosomal dominant vitreoretinochoroidopathy,BEST1
3088,Revesz syndrome,TINF2
3097,Meacham syndrome,WT1
3078,"Severe X-linked intellectual disability, Gustavson type",RBMX
3077,X-linked intellectual disability-psychosis-macroorchidism syndrome,MECP2
3063,"X-linked intellectual disability, Snyder type",SMS
2886,TARP syndrome,RBM10
2884,Piebaldism,SNAI2
2884,Piebaldism,KIT
2879,"Phocomelia, Schinzel type",WNT7A
268882,Arnold-Chiari malformation type I,DKK1
268823,Occipital encephalocele,DACT1
2874,Phakomatosis pigmentokeratotica,HRAS
2848,Camptodactyly-arthropathy-coxa-vara-pericarditis syndrome,PRG4
2854,Fuhrmann syndrome,WNT7A
708,Peters anomaly,FOXC1
708,Peters anomaly,CYP1B1
708,Peters anomaly,PITX2
708,Peters anomaly,PAX6
708,Peters anomaly,FOXE3
2850,Alopecia-intellectual disability syndrome,ITGB6
2850,Alopecia-intellectual disability syndrome,LSS
2850,Alopecia-intellectual disability syndrome,AHSG
268114,RAS-associated autoimmune leukoproliferative disease,KRAS
268114,RAS-associated autoimmune leukoproliferative disease,NRAS
268129,Spheroid body myopathy,MYOT
2822,Autosomal recessive spastic paraplegia type 11,SPG11
268261,DYRK1A-related intellectual disability syndrome due to 21q22.13q22.2 microdeletion,DYRK1A
2836,PEHO syndrome,ZNHIT3
268162,Intermediate maple syrup urine disease,BCKDHA
268162,Intermediate maple syrup urine disease,BCKDHB
268162,Intermediate maple syrup urine disease,DBT
268162,Intermediate maple syrup urine disease,PPM1K
268145,Classic maple syrup urine disease,BCKDHA
268145,Classic maple syrup urine disease,BCKDHB
268145,Classic maple syrup urine disease,DBT
268184,Thiamine-responsive maple syrup urine disease,DBT
2833,Stiff skin syndrome,FBN1
2834,Wrinkly skin syndrome,ATP6V0A2
268173,Intermittent maple syrup urine disease,BCKDHA
268173,Intermittent maple syrup urine disease,BCKDHB
268173,Intermittent maple syrup urine disease,DBT
2969,Proteus-like syndrome,PTEN
750,Pseudoachondroplasia,COMP
1848,"Renal agenesis, bilateral",WNT9B
1848,"Renal agenesis, bilateral",GREB1L
1848,"Renal agenesis, bilateral",RET
1848,"Renal agenesis, bilateral",ITGA8
1848,"Renal agenesis, bilateral",FGF20
1848,"Renal agenesis, bilateral",GFRA1
740,Hutchinson-Gilford progeria syndrome,ZMPSTE24
740,Hutchinson-Gilford progeria syndrome,LMNA
2957,Guttmacher syndrome,HOXA13
2924,Isolated polycystic liver disease,PRKCSH
2924,Isolated polycystic liver disease,SEC63
2924,Isolated polycystic liver disease,LRP5
2924,Isolated polycystic liver disease,ALG8
2896,Pitt-Hopkins syndrome,TCF4
2896,Pitt-Hopkins syndrome,TCF4
2899,Brachyolmia-amelogenesis imperfecta syndrome,LTBP3
264580,Glycogen storage disease due to liver phosphorylase kinase deficiency,PHKA2
264580,Glycogen storage disease due to liver phosphorylase kinase deficiency,PHKG2
2919,Orofaciodigital syndrome type 5,DDX59
264675,Hereditary pulmonary alveolar proteinosis,CSF2RB
264675,Hereditary pulmonary alveolar proteinosis,CSF2RA
3377,Trismus-pseudocamptodactyly syndrome,MYH8
275777,Heritable pulmonary arterial hypertension,ATP13A3
275777,Heritable pulmonary arterial hypertension,ACVRL1
275777,Heritable pulmonary arterial hypertension,BMPR2
275777,Heritable pulmonary arterial hypertension,TBX4
275777,Heritable pulmonary arterial hypertension,ENG
275777,Heritable pulmonary arterial hypertension,CAV1
275777,Heritable pulmonary arterial hypertension,SMAD9
275777,Heritable pulmonary arterial hypertension,KCNK3
275777,Heritable pulmonary arterial hypertension,EIF2AK4
275777,Heritable pulmonary arterial hypertension,GDF2
275777,Heritable pulmonary arterial hypertension,SOX17
275786,Drug- or toxin-induced pulmonary arterial hypertension,BMPR2
275798,Pulmonary arterial hypertension associated with connective tissue disease,HLA-B
3363,Trichomegaly-retina pigmentary degeneration-dwarfism syndrome,PNPLA6
3366,Non-syndromic metopic craniosynostosis,FGFR1
3366,Non-syndromic metopic craniosynostosis,FREM1
276148,Benign epithelial tumor of salivary glands,PLAG1
276148,Benign epithelial tumor of salivary glands,HMGA2
276145,Malignant epithelial tumor of salivary glands,PRKD1
3412,VACTERL with hydrocephalus,FANCB
276152,Multiple endocrine neoplasia type 4,CDKN1B
275872,Frontotemporal dementia with motor neuron disease,VCP
275872,Frontotemporal dementia with motor neuron disease,TARDBP
275872,Frontotemporal dementia with motor neuron disease,FUS
275872,Frontotemporal dementia with motor neuron disease,SQSTM1
275872,Frontotemporal dementia with motor neuron disease,C9ORF72
275872,Frontotemporal dementia with motor neuron disease,TBK1
275872,Frontotemporal dementia with motor neuron disease,CHCHD10
3384,Common arterial trunk,NKX2-6
3384,Common arterial trunk,PLXND1
275864,Behavioral variant of frontotemporal dementia,TMEM106B
275864,Behavioral variant of frontotemporal dementia,PSEN1
275864,Behavioral variant of frontotemporal dementia,CHMP2B
275864,Behavioral variant of frontotemporal dementia,TREM2
275864,Behavioral variant of frontotemporal dementia,VCP
275864,Behavioral variant of frontotemporal dementia,MAPT
275864,Behavioral variant of frontotemporal dementia,GRN
275864,Behavioral variant of frontotemporal dementia,SQSTM1
275864,Behavioral variant of frontotemporal dementia,C9ORF72
3329,Tibial aplasia-ectrodactyly syndrome,BHLHA9
3322,Hoyeraal-Hreidarsson syndrome,DKC1
3322,Hoyeraal-Hreidarsson syndrome,TERT
3322,Hoyeraal-Hreidarsson syndrome,TINF2
3322,Hoyeraal-Hreidarsson syndrome,RTEL1
3322,Hoyeraal-Hreidarsson syndrome,ACD
3322,Hoyeraal-Hreidarsson syndrome,PARN
275555,Preeclampsia,FLT1
275555,Preeclampsia,STOX1
275555,Preeclampsia,CORIN
275517,Autoimmune lymphoproliferative syndrome-recurrent viral infections due to CASP8 deficiency,CASP8
3352,Tricho-dento-osseous syndrome,DLX3
3342,Arterial tortuosity syndrome,SLC2A10
3339,Oculoectodermal syndrome,KRAS
3338,Toriello-Carey syndrome,DDX3X
3472,Yunis-Varon syndrome,FIG4
3472,Yunis-Varon syndrome,VAC14
3319,Congenital amegakaryocytic thrombocytopenia,THPO
3319,Congenital amegakaryocytic thrombocytopenia,MPL
3473,Zimmermann-Laband syndrome,KCNN3
3473,Zimmermann-Laband syndrome,ATP6V1B2
3473,Zimmermann-Laband syndrome,KCNH1
3459,Wilson-Turner syndrome,HDAC8
3459,Wilson-Turner syndrome,LAS1L
2995,Baraitser-Winter cerebrofrontofacial syndrome,ACTB
2995,Baraitser-Winter cerebrofrontofacial syndrome,ACTG1
3243,Sweet syndrome,PTPN6
3243,Sweet syndrome,MEFV
1827,Acromelic frontonasal dysplasia,ZSWIM6
268973,Isolated focal cortical dysplasia type Ia,SLC35A2
269008,Isolated focal cortical dysplasia type IIb,TSC2
269008,Isolated focal cortical dysplasia type IIb,MTOR
269008,Isolated focal cortical dysplasia type IIb,TSC1
269001,Isolated focal cortical dysplasia type IIa,TSC2
269001,Isolated focal cortical dysplasia type IIa,MTOR
2460,Van den Ende-Gupta syndrome,SCARF2
3416,Hyperostosis corticalis generalisata,LRP5
3416,Hyperostosis corticalis generalisata,SOST
3453,Autoimmune polyendocrinopathy type 1,AIRE
3449,Weill-Marchesani syndrome,ADAMTS17
3449,Weill-Marchesani syndrome,ADAMTS10
3449,Weill-Marchesani syndrome,FBN1
3449,Weill-Marchesani syndrome,LTBP2
269510,Congenital non-communicating hydrocephalus,WDR81
269510,Congenital non-communicating hydrocephalus,CCDC88C
3454,Wieacker-Wolff syndrome,ZC4H2
3455,Wiedemann-Rautenstrauch syndrome,POLR3A
269505,Congenital communicating hydrocephalus,WDR81
269505,Congenital communicating hydrocephalus,TRIM71
269505,Congenital communicating hydrocephalus,MPDZ
269215,Isolated Dandy-Walker malformation without hydrocephalus,ZIC4
269215,Isolated Dandy-Walker malformation without hydrocephalus,NID1
269215,Isolated Dandy-Walker malformation without hydrocephalus,ZIC1
269212,Isolated Dandy-Walker malformation with hydrocephalus,ZIC1
269212,Isolated Dandy-Walker malformation with hydrocephalus,ZIC4
1856,Spondyloperipheral dysplasia-short ulna syndrome,COL2A1
280333,Alpha-dystroglycan-related limb-girdle muscular dystrophy R16,DAG1
280325,Distal deletion 12p syndrome,ERC1
280293,Pelizaeus-Merzbacher-like disease due to AIMP1 mutation,AIMP1
280288,Pelizaeus-Merzbacher-like disease due to HSPD1 mutation,HSPD1
280365,Autosomal semi-dominant severe lipodystrophic laminopathy,LMNA
3197,Hereditary hyperekplexia,ATAD1
3197,Hereditary hyperekplexia,GLRA1
3197,Hereditary hyperekplexia,GLRB
3197,Hereditary hyperekplexia,GPHN
3197,Hereditary hyperekplexia,SLC6A5
3193,Supravalvular aortic stenosis,ELN
280356,PLIN1-related familial partial lipodystrophy,PLIN1
280406,Familial steroid-resistant nephrotic syndrome with sensorineural deafness,COQ6
280384,Recessive intellectual disability-motor dysfunction-multiple joint contractures syndrome,ERLIN2
280397,Familial Alzheimer-like prion disease,PRNP
280576,Nestor-Guillermo progeria syndrome,BANF1
3220,Deafness-enamel hypoplasia-nail defects syndrome,PEX1
3220,Deafness-enamel hypoplasia-nail defects syndrome,PEX6
280586,"Chondrodysplasia with joint dislocations, gPAPP type",BPNT2
280553,Fatal infantile hypertonic myofibrillar myopathy,CRYAB
280558,Warsaw breakage syndrome,DDX11
647,Nijmegen breakage syndrome,NBN
279943,Hereditary neutrophilia,CSF3R
279934,"Mitochondrial DNA depletion syndrome, hepatocerebral form due to DGUOK deficiency",DGUOK
3152,Sclerosteosis,SOST
3152,Sclerosteosis,LRP4
280142,Combined immunodeficiency due to LCK deficiency,LCK
280133,Complement component 3 deficiency,C3
3163,SHORT syndrome,PIK3R1
1479,Atrial septal defect-atrioventricular conduction defects syndrome,NKX2-5
3156,Senior-Loken syndrome,CEP290
3156,Senior-Loken syndrome,INVS
3156,Senior-Loken syndrome,IQCB1
3156,Senior-Loken syndrome,NPHP1
3156,Senior-Loken syndrome,NPHP3
3156,Senior-Loken syndrome,NPHP4
3156,Senior-Loken syndrome,SDCCAG8
3156,Senior-Loken syndrome,WDR19
3156,Senior-Loken syndrome,CEP164
3156,Senior-Loken syndrome,TRAF3IP1
280071,ALG11-CDG,ALG11
3157,Septo-optic dysplasia spectrum,PROKR2
3157,Septo-optic dysplasia spectrum,SOX2
3157,Septo-optic dysplasia spectrum,FGFR1
3157,Septo-optic dysplasia spectrum,HESX1
3157,Septo-optic dysplasia spectrum,OTX2
3157,Septo-optic dysplasia spectrum,SOX3
3157,Septo-optic dysplasia spectrum,ARNT2
280210,"Pelizaeus-Merzbacher disease, connatal form",PLP1
280219,"Pelizaeus-Merzbacher disease, classic form",PLP1
280200,Microform holoprosencephaly,FGFR1
280200,Microform holoprosencephaly,SUFU
280200,Microform holoprosencephaly,PTCH1
280200,Microform holoprosencephaly,SIX3
280200,Microform holoprosencephaly,TGIF1
280200,Microform holoprosencephaly,ZIC2
280200,Microform holoprosencephaly,GLI2
280200,Microform holoprosencephaly,CRIPTO
280200,Microform holoprosencephaly,FOXH1
280200,Microform holoprosencephaly,FGF8
280200,Microform holoprosencephaly,DISP1
280200,Microform holoprosencephaly,CDON
280200,Microform holoprosencephaly,NODAL
280200,Microform holoprosencephaly,DLL1
280200,Microform holoprosencephaly,GAS1
280200,Microform holoprosencephaly,SHH
3175,X-linked spasticity-intellectual disability-epilepsy syndrome,ARX
280195,Septopreoptic holoprosencephaly,STIL
280195,Septopreoptic holoprosencephaly,PTCH1
280195,Septopreoptic holoprosencephaly,SHH
280195,Septopreoptic holoprosencephaly,SIX3
280195,Septopreoptic holoprosencephaly,TGIF1
280195,Septopreoptic holoprosencephaly,ZIC2
280195,Septopreoptic holoprosencephaly,GLI2
280195,Septopreoptic holoprosencephaly,CRIPTO
280195,Septopreoptic holoprosencephaly,FOXH1
280195,Septopreoptic holoprosencephaly,FGF8
280195,Septopreoptic holoprosencephaly,DISP1
280195,Septopreoptic holoprosencephaly,CDON
280195,Septopreoptic holoprosencephaly,NODAL
280195,Septopreoptic holoprosencephaly,DLL1
280195,Septopreoptic holoprosencephaly,GAS1
280183,Methylmalonic aciduria due to transcobalamin receptor defect,CD320
280282,Pelizaeus-Merzbacher-like disease due to GJC2 mutation,GJC2
280270,Pelizaeus-Merzbacher-like disease,MAL
280234,Null syndrome,PLP1
1855,Spondyloenchondrodysplasia,ACP5
280224,"Pelizaeus-Merzbacher disease, transitional form",PLP1
1797,Autosomal dominant spondylocostal dysostosis,TBX6
280229,Pelizaeus-Merzbacher disease in female carriers,PLP1
276580,Autosomal dominant hyperinsulinism due to Kir6.2 deficiency,KCNJ11
3258,Cenani-Lenz syndrome,APC
3258,Cenani-Lenz syndrome,LRP4
276575,Autosomal dominant hyperinsulinism due to SUR1 deficiency,ABCC8
276598,Diazoxide-resistant focal hyperinsulinism due to SUR1 deficiency,ABCC8
276603,Diazoxide-resistant focal hyperinsulinism due to Kir6.2 deficiency,KCNJ11
276621,Sporadic pheochromocytoma/secreting paraganglioma,SDHD
276621,Sporadic pheochromocytoma/secreting paraganglioma,SDHB
276621,Sporadic pheochromocytoma/secreting paraganglioma,DNMT3A
276621,Sporadic pheochromocytoma/secreting paraganglioma,EPAS1
276621,Sporadic pheochromocytoma/secreting paraganglioma,VHL
276621,Sporadic pheochromocytoma/secreting paraganglioma,RET
276630,Symptomatic form of Coffin-Lowry syndrome in female carriers,RPS6KA3
3275,Spondylocarpotarsal synostosis,MYH3
3275,Spondylocarpotarsal synostosis,FLNB
425,Apolipoprotein A-I deficiency,APOA1
425,Apolipoprotein A-I deficiency,ABCA1
3301,Tetraamelia-multiple malformations syndrome,RSPO2
3301,Tetraamelia-multiple malformations syndrome,TBX4
3301,Tetraamelia-multiple malformations syndrome,WNT3
276198,Spinocerebellar ataxia type 36,NOP56
276193,Spinocerebellar ataxia type 35,TGM6
276183,Spinocerebellar ataxia type 32,SCA32
276238,Machado-Joseph disease type 1,ATXN3
276234,Non-syndromic male infertility due to sperm motility disorder,CFAP251
276234,Non-syndromic male infertility due to sperm motility disorder,CFAP43
276234,Non-syndromic male infertility due to sperm motility disorder,CFAP44
276234,Non-syndromic male infertility due to sperm motility disorder,ARMC2
276234,Non-syndromic male infertility due to sperm motility disorder,TTC21A
276234,Non-syndromic male infertility due to sperm motility disorder,AK7
276234,Non-syndromic male infertility due to sperm motility disorder,CFAP65
276234,Non-syndromic male infertility due to sperm motility disorder,CFAP69
276234,Non-syndromic male infertility due to sperm motility disorder,AKAP4
276234,Non-syndromic male infertility due to sperm motility disorder,SPAG17
276234,Non-syndromic male infertility due to sperm motility disorder,ACTL9
276234,Non-syndromic male infertility due to sperm motility disorder,TEKT3
276234,Non-syndromic male infertility due to sperm motility disorder,DNALI1
276234,Non-syndromic male infertility due to sperm motility disorder,USP26
276234,Non-syndromic male infertility due to sperm motility disorder,FSIP2
276234,Non-syndromic male infertility due to sperm motility disorder,CFAP70
276234,Non-syndromic male infertility due to sperm motility disorder,TTC29
276234,Non-syndromic male infertility due to sperm motility disorder,CATSPER1
276234,Non-syndromic male infertility due to sperm motility disorder,SLC26A8
276234,Non-syndromic male infertility due to sperm motility disorder,SEPTIN12
276234,Non-syndromic male infertility due to sperm motility disorder,DNAH1
276234,Non-syndromic male infertility due to sperm motility disorder,SSX1
276234,Non-syndromic male infertility due to sperm motility disorder,DRC1
276234,Non-syndromic male infertility due to sperm motility disorder,DNAH17
276234,Non-syndromic male infertility due to sperm motility disorder,SPEF2
276223,"Mucopolysaccharidosis type 6, slowly progressing",ARSB
276212,"Mucopolysaccharidosis type 6, rapidly progressing",ARSB
276244,Machado-Joseph disease type 3,ATXN3
276241,Machado-Joseph disease type 2,ATXN3
276280,Hemihyperplasia-multiple lipomatosis syndrome,PIK3CA
276399,Familial multinodular goiter,KEAP1
276399,Familial multinodular goiter,DICER1
3238,Cardiospondylocarpofacial syndrome,MAP3K7
3237,Multiple synostoses syndrome,GDF5
3237,Multiple synostoses syndrome,NOG
3237,Multiple synostoses syndrome,FGF9
3237,Multiple synostoses syndrome,GDF6
276405,Hyperbiliverdinemia,BLVRA
3250,Proximal symphalangism,GDF5
3250,Proximal symphalangism,NOG
3255,Filippi syndrome,CKAP2L
276556,Hyperinsulinism due to UCP2 deficiency,UCP2
276432,Ogden syndrome,NAA10
3253,Cleft lip/palate-ectodermal dysplasia syndrome,NECTIN1
276435,Lower motor neuron syndrome with late-adult onset,CHCHD10
911,Combined immunodeficiency due to ZAP70 deficiency,ZAP70
746,Mitochondrial trifunctional protein deficiency,HADHA
746,Mitochondrial trifunctional protein deficiency,HADHB
943,Malonic aciduria,MLYCD
621,Autosomal recessive methemoglobinemia,CYB5R3
621,Autosomal recessive methemoglobinemia,CYB5A
2089,Glycogen storage disease due to hepatic glycogen synthase deficiency,GYS2
412,Dysbetalipoproteinemia,APOE
743,Severe hereditary thrombophilia due to congenital protein S deficiency,PROS1
424,Familial hyperthyroidism due to mutations in TSH receptor,TSHR
325,Congenital factor II deficiency,F2
343,Hyperimmunoglobulinemia D with periodic fever,MVK
572,Immunodeficiency by defective expression of MHC class II,RFX5
572,Immunodeficiency by defective expression of MHC class II,RFXANK
572,Immunodeficiency by defective expression of MHC class II,RFXAP
572,Immunodeficiency by defective expression of MHC class II,CIITA
1930,Herpes simplex virus encephalitis,UNC93B1
1930,Herpes simplex virus encephalitis,TLR3
1930,Herpes simplex virus encephalitis,TICAM1
1930,Herpes simplex virus encephalitis,TRAF3
1930,Herpes simplex virus encephalitis,TBK1
158,Systemic primary carnitine deficiency,SLC22A5
2056,Essential fructosuria,KHK
206436,Infantile Krabbe disease,PSAP
206436,Infantile Krabbe disease,GALC
820,Sneddon syndrome,ADA2
1945,Self-limited epilepsy with centrotemporal spikes,GABRG2
1945,Self-limited epilepsy with centrotemporal spikes,GRIN2A
1945,Self-limited epilepsy with centrotemporal spikes,SRPX2
832,Succinyl-CoA:3-oxoacid CoA transferase deficiency,OXCT1
6,3-methylcrotonyl-CoA carboxylase deficiency,MCCC1
6,3-methylcrotonyl-CoA carboxylase deficiency,MCCC2
20,3-hydroxy-3-methylglutaric aciduria,HMGCL
714,Hemolytic anemia due to diphosphoglycerate mutase deficiency,BPGM
712,Hemolytic anemia due to glucophosphate isomerase deficiency,GPI
206546,Symptomatic form of muscular dystrophy of Duchenne and Becker in female carriers,DMD
206554,Fukutin-related limb-girdle muscular dystrophy R13,FKTN
206549,Anoctamin-5-related limb-girdle muscular dystrophy R12,ANO5
206564,POMGNT1-related limb-girdle muscular dystrophy R15,POMGNT1
206559,POMT2-related limb-girdle muscular dystrophy R14,POMT2
206580,Autosomal recessive lower motor neuron disease with childhood onset,PLEKHG5
206443,Late-infantile/juvenile Krabbe disease,GALC
206448,Adult Krabbe disease,GALC
2680,Hypomyelination neuropathy-arthrogryposis syndrome,CNTNAP1
2680,Hypomyelination neuropathy-arthrogryposis syndrome,ADCY6
2680,Hypomyelination neuropathy-arthrogryposis syndrome,LGI4
633,Laron syndrome,GHR
478,Kallmann syndrome,CCDC141
478,Kallmann syndrome,PROK2
478,Kallmann syndrome,PROKR2
478,Kallmann syndrome,CHD7
478,Kallmann syndrome,SOX10
478,Kallmann syndrome,FGFR1
478,Kallmann syndrome,HESX1
478,Kallmann syndrome,ANOS1
478,Kallmann syndrome,FGF8
478,Kallmann syndrome,WDR11
478,Kallmann syndrome,HS6ST1
478,Kallmann syndrome,SEMA3A
478,Kallmann syndrome,IL17RD
478,Kallmann syndrome,FGF17
478,Kallmann syndrome,DUSP6
478,Kallmann syndrome,SPRY4
478,Kallmann syndrome,FLRT3
478,Kallmann syndrome,FEZF1
478,Kallmann syndrome,DCC
478,Kallmann syndrome,NDNF
478,Kallmann syndrome,TACR3
478,Kallmann syndrome,CCDC141
822,Hereditary spherocytosis,SLC4A1
822,Hereditary spherocytosis,SPTA1
822,Hereditary spherocytosis,SPTB
822,Hereditary spherocytosis,ANK1
822,Hereditary spherocytosis,EPB42
910,Xeroderma pigmentosum,XPA
910,Xeroderma pigmentosum,ERCC3
910,Xeroderma pigmentosum,XPC
910,Xeroderma pigmentosum,DDB2
910,Xeroderma pigmentosum,ERCC4
910,Xeroderma pigmentosum,ERCC5
910,Xeroderma pigmentosum,ERCC2
229,Familial aortic dissection,MYH11
777,X-linked non-syndromic intellectual disability,STEEP1
777,X-linked non-syndromic intellectual disability,CASK
777,X-linked non-syndromic intellectual disability,RPS6KA3
777,X-linked non-syndromic intellectual disability,ARX
777,X-linked non-syndromic intellectual disability,DMD
777,X-linked non-syndromic intellectual disability,FTSJ1
777,X-linked non-syndromic intellectual disability,GDI1
777,X-linked non-syndromic intellectual disability,MED12
777,X-linked non-syndromic intellectual disability,UPF3B
777,X-linked non-syndromic intellectual disability,AGTR2
777,X-linked non-syndromic intellectual disability,DLG3
777,X-linked non-syndromic intellectual disability,IL1RAPL1
777,X-linked non-syndromic intellectual disability,TSPAN7
777,X-linked non-syndromic intellectual disability,ARHGEF6
777,X-linked non-syndromic intellectual disability,ZNF81
777,X-linked non-syndromic intellectual disability,SYP
777,X-linked non-syndromic intellectual disability,ZNF711
777,X-linked non-syndromic intellectual disability,RAB39B
777,X-linked non-syndromic intellectual disability,HCFC1
777,X-linked non-syndromic intellectual disability,ALG13
777,X-linked non-syndromic intellectual disability,MID2
777,X-linked non-syndromic intellectual disability,PTCHD1
777,X-linked non-syndromic intellectual disability,USP9X
777,X-linked non-syndromic intellectual disability,ACSL4
777,X-linked non-syndromic intellectual disability,MECP2
777,X-linked non-syndromic intellectual disability,SLC9A7
777,X-linked non-syndromic intellectual disability,CNKSR2
777,X-linked non-syndromic intellectual disability,FRMPD4
777,X-linked non-syndromic intellectual disability,USP27X
777,X-linked non-syndromic intellectual disability,CLCN4
766,Hemolytic anemia due to red cell pyruvate kinase deficiency,PKLR
206599,Isolated asymptomatic elevation of creatine phosphokinase,ANO5
206599,Isolated asymptomatic elevation of creatine phosphokinase,DAG1
206599,Isolated asymptomatic elevation of creatine phosphokinase,CAV3
3206,Stüve-Wiedemann syndrome,LIFR
206583,Adult polyglucosan body disease,GBE1
65,Leber congenital amaurosis,USP45
65,Leber congenital amaurosis,TUBB4B
65,Leber congenital amaurosis,SPATA7
65,Leber congenital amaurosis,GDF6
65,Leber congenital amaurosis,IFT140
65,Leber congenital amaurosis,NMNAT1
65,Leber congenital amaurosis,RD3
65,Leber congenital amaurosis,RDH12
65,Leber congenital amaurosis,RPE65
65,Leber congenital amaurosis,RPGRIP1
65,Leber congenital amaurosis,CEP290
65,Leber congenital amaurosis,AIPL1
65,Leber congenital amaurosis,TULP1
65,Leber congenital amaurosis,CRB1
65,Leber congenital amaurosis,CRX
65,Leber congenital amaurosis,GUCY2D
65,Leber congenital amaurosis,IMPDH1
65,Leber congenital amaurosis,IQCB1
65,Leber congenital amaurosis,LCA5
65,Leber congenital amaurosis,KCNJ13
65,Leber congenital amaurosis,LRAT
65,Leber congenital amaurosis,PCYT1A
321,Multiple osteochondromas,EXT1
321,Multiple osteochondromas,EXT2
144,Lynch syndrome,MSH6
144,Lynch syndrome,KRAS
144,Lynch syndrome,PMS1
144,Lynch syndrome,TGFBR2
144,Lynch syndrome,MSH2
144,Lynch syndrome,EPCAM
144,Lynch syndrome,PIK3CA
144,Lynch syndrome,PMS2
144,Lynch syndrome,MLH1
110,Bardet-Biedl syndrome,BBS1
110,Bardet-Biedl syndrome,BBS10
110,Bardet-Biedl syndrome,BBS2
110,Bardet-Biedl syndrome,BBS4
110,Bardet-Biedl syndrome,BBS5
110,Bardet-Biedl syndrome,BBS7
110,Bardet-Biedl syndrome,BBS9
110,Bardet-Biedl syndrome,CEP290
110,Bardet-Biedl syndrome,TRIM32
110,Bardet-Biedl syndrome,TTC8
110,Bardet-Biedl syndrome,ARL6
110,Bardet-Biedl syndrome,MKKS
110,Bardet-Biedl syndrome,MKS1
110,Bardet-Biedl syndrome,NPHP1
110,Bardet-Biedl syndrome,BBS12
110,Bardet-Biedl syndrome,SDCCAG8
110,Bardet-Biedl syndrome,WDPCP
110,Bardet-Biedl syndrome,LZTFL1
110,Bardet-Biedl syndrome,IFT172
110,Bardet-Biedl syndrome,BBIP1
110,Bardet-Biedl syndrome,IFT27
110,Bardet-Biedl syndrome,IFT74
110,Bardet-Biedl syndrome,CEP19
110,Bardet-Biedl syndrome,SCAPER
110,Bardet-Biedl syndrome,CFAP418
110,Bardet-Biedl syndrome,SCLT1
3095,Atypical Rett syndrome,MECP2
3095,Atypical Rett syndrome,NTNG1
3095,Atypical Rett syndrome,CDKL5
3095,Atypical Rett syndrome,SMC1A
3095,Atypical Rett syndrome,GABBR2
1114,Aplasia cutis congenita,PLEC
1114,Aplasia cutis congenita,ITGB4
1114,Aplasia cutis congenita,BMS1
1114,Aplasia cutis congenita,DLL4
1114,Aplasia cutis congenita,UBA2
1272,Aymé-Gripp syndrome,MAF
208513,Spinocerebellar ataxia type 29,ITPR1
208447,Bilateral generalized polymicrogyria,GRIN1
3051,Nicolaides-Baraitser syndrome,SMARCA2
208441,Bilateral parasagittal parieto-occipital polymicrogyria,FIG4
2963,"Progeroid syndrome, Petty type",SLC25A24
1541,"Craniosynostosis, Boston type",MSX2
1415,Hardikar syndrome,MED12
2151,Hirschsprung disease-ganglioneuroblastoma syndrome,PHOX2B
209335,Autosomal dominant adult-onset proximal spinal muscular atrophy,VAPB
209341,DYNC1H1-related autosomal dominant childhood-onset proximal spinal muscular atrophy,DYNC1H1
210110,Intermediate osteopetrosis,TCIRG1
210110,Intermediate osteopetrosis,CLCN7
210110,Intermediate osteopetrosis,PLEKHM1
210115,Sterile multifocal osteomyelitis with periostitis and pustulosis,IL1RN
209981,IRIDA syndrome,TMPRSS6
210122,Congenital alveolar capillary dysplasia,FOXF1
210128,Urocanic aciduria,UROC1
2254,Pontocerebellar hypoplasia type 1,AGTPBP1
2254,Pontocerebellar hypoplasia type 1,VRK1
2254,Pontocerebellar hypoplasia type 1,EXOSC3
2254,Pontocerebellar hypoplasia type 1,EXOSC8
2254,Pontocerebellar hypoplasia type 1,SLC25A46
2254,Pontocerebellar hypoplasia type 1,EXOSC9
209951,Autosomal spastic paraplegia type 18,ERLIN2
209967,Episodic ataxia type 6,SLC1A3
209908,Isolated childhood apraxia of speech,FOXP2
209905,Brain-lung-thyroid syndrome,NKX2-1
209902,Hypercholesterolemia due to cholesterol 7alpha-hydroxylase deficiency,CYP7A1
209932,Cone dystrophy with supernormal rod response,KCNV2
209916,Extraskeletal myxoid chondrosarcoma,TFG
209916,Extraskeletal myxoid chondrosarcoma,EWSR1
209916,Extraskeletal myxoid chondrosarcoma,TCF12
209916,Extraskeletal myxoid chondrosarcoma,NR4A3
209916,Extraskeletal myxoid chondrosarcoma,TAF15
209370,MECP2-related severe neonatal encephalopathy,MECP2
209867,Autosomal dominant rhegmatogenous retinal detachment,COL2A1
210571,Dystonia 16,PRKRA
3286,Catecholaminergic polymorphic ventricular tachycardia,CASQ2
3286,Catecholaminergic polymorphic ventricular tachycardia,TRDN
3286,Catecholaminergic polymorphic ventricular tachycardia,RYR2
3286,Catecholaminergic polymorphic ventricular tachycardia,CALM1
3286,Catecholaminergic polymorphic ventricular tachycardia,CALM2
3286,Catecholaminergic polymorphic ventricular tachycardia,CALM3
3286,Catecholaminergic polymorphic ventricular tachycardia,TECRL
210548,Macrocephaly-intellectual disability-autism syndrome,PTEN
210548,Macrocephaly-intellectual disability-autism syndrome,HEPACAM
210159,Adult hepatocellular carcinoma,AXIN1
210159,Adult hepatocellular carcinoma,PIK3CA
210159,Adult hepatocellular carcinoma,CASP8
210159,Adult hepatocellular carcinoma,TP53
210159,Adult hepatocellular carcinoma,PDGFRL
210159,Adult hepatocellular carcinoma,CTNNB1
210159,Adult hepatocellular carcinoma,TSC2
210159,Adult hepatocellular carcinoma,TSC1
210159,Adult hepatocellular carcinoma,EGF
210163,"Congenital lethal myopathy, Compton-North type",CNTN1
3240,Early-onset progressive leukoencephalopathy-central nervous system calcification-deafness-visual impairment syndrome,KARS1
210141,Inherited congenital spastic tetraplegia,KANK1
210141,Inherited congenital spastic tetraplegia,GAD1
210141,Inherited congenital spastic tetraplegia,ADD3
210144,"Lethal polymalformative syndrome, Boissel type",FTO
1063,Tufted angioma,GNA14
211067,Episodic ataxia type 5,CACNB4
211017,Spinocerebellar ataxia type 30,SCA30
656,Hereditary steroid-resistant nephrotic syndrome,MAGI2
656,Hereditary steroid-resistant nephrotic syndrome,AVIL
656,Hereditary steroid-resistant nephrotic syndrome,DAAM2
656,Hereditary steroid-resistant nephrotic syndrome,KANK2
656,Hereditary steroid-resistant nephrotic syndrome,LAMA5
656,Hereditary steroid-resistant nephrotic syndrome,ACTN4
656,Hereditary steroid-resistant nephrotic syndrome,TRPC6
656,Hereditary steroid-resistant nephrotic syndrome,WT1
656,Hereditary steroid-resistant nephrotic syndrome,COL4A3
656,Hereditary steroid-resistant nephrotic syndrome,NPHS1
656,Hereditary steroid-resistant nephrotic syndrome,NPHS2
656,Hereditary steroid-resistant nephrotic syndrome,PAX2
656,Hereditary steroid-resistant nephrotic syndrome,PLCE1
656,Hereditary steroid-resistant nephrotic syndrome,INF2
656,Hereditary steroid-resistant nephrotic syndrome,CD2AP
656,Hereditary steroid-resistant nephrotic syndrome,MYO1E
656,Hereditary steroid-resistant nephrotic syndrome,PTPRO
656,Hereditary steroid-resistant nephrotic syndrome,ARHGAP24
656,Hereditary steroid-resistant nephrotic syndrome,COQ8B
656,Hereditary steroid-resistant nephrotic syndrome,ANLN
656,Hereditary steroid-resistant nephrotic syndrome,CRB2
656,Hereditary steroid-resistant nephrotic syndrome,NUP107
656,Hereditary steroid-resistant nephrotic syndrome,NUP93
656,Hereditary steroid-resistant nephrotic syndrome,NUP205
656,Hereditary steroid-resistant nephrotic syndrome,GAPVD1
656,Hereditary steroid-resistant nephrotic syndrome,NUP85
656,Hereditary steroid-resistant nephrotic syndrome,NUP37
656,Hereditary steroid-resistant nephrotic syndrome,NUP160
656,Hereditary steroid-resistant nephrotic syndrome,NUP133
656,Hereditary steroid-resistant nephrotic syndrome,TBC1D8B
656,Hereditary steroid-resistant nephrotic syndrome,ANKFY1
656,Hereditary steroid-resistant nephrotic syndrome,EMP2
656,Hereditary steroid-resistant nephrotic syndrome,ARHGDIA
656,Hereditary steroid-resistant nephrotic syndrome,APOL1
2122,Kaposiform hemangioendothelioma,GNA14
2591,Infantile myofibromatosis,NOTCH3
2591,Infantile myofibromatosis,PDGFRB
35,Propionic acidemia,PCCA
35,Propionic acidemia,PCCB
663,Mitochondrial DNA-related progressive external ophthalmoplegia,MT-TS1
663,Mitochondrial DNA-related progressive external ophthalmoplegia,MT-TL2
663,Mitochondrial DNA-related progressive external ophthalmoplegia,MT-TN
663,Mitochondrial DNA-related progressive external ophthalmoplegia,MT-TL1
220,Denys-Drash syndrome,WT1
5,Long chain 3-hydroxyacyl-CoA dehydrogenase deficiency,HADHA
25,Glutaryl-CoA dehydrogenase deficiency,GCDH
618,Familial melanoma,CDK4
618,Familial melanoma,CDKN2A
618,Familial melanoma,MITF
618,Familial melanoma,TERT
618,Familial melanoma,MC1R
618,Familial melanoma,BAP1
618,Familial melanoma,CDKN2B
618,Familial melanoma,MGMT
618,Familial melanoma,POT1
618,Familial melanoma,ACD
618,Familial melanoma,TERF2IP
818,Smith-Lemli-Opitz syndrome,DHCR7
213504,Adenocarcinoma of ovary,INHBA
175,Cartilage-hair hypoplasia,RMRP
42,Medium chain acyl-CoA dehydrogenase deficiency,ACADM
2066,Gamma-aminobutyric acid transaminase deficiency,ABAT
300,Bifunctional enzyme deficiency,HSD17B4
300,Bifunctional enzyme deficiency,EHHADH
213726,Serous carcinoma of the corpus uteri,ERBB2
213711,Endometrial stromal sarcoma,YWHAE
213711,Endometrial stromal sarcoma,JAZF1
213711,Endometrial stromal sarcoma,SUZ12
213711,Endometrial stromal sarcoma,NUTM2A
213711,Endometrial stromal sarcoma,NUTM2B
3261,Autoimmune lymphoproliferative syndrome,CASP10
3261,Autoimmune lymphoproliferative syndrome,FAS
3261,Autoimmune lymphoproliferative syndrome,FAS
3261,Autoimmune lymphoproliferative syndrome,FASLG
2849,Perlman syndrome,DIS3L2
747,Autoimmune pulmonary alveolar proteinosis,HLA-DRB1
2953,Musculocontractural Ehlers-Danlos syndrome,CHST14
2953,Musculocontractural Ehlers-Danlos syndrome,DSE
782,Axenfeld-Rieger syndrome,PITX2
782,Axenfeld-Rieger syndrome,PITX2
782,Axenfeld-Rieger syndrome,FOXC1
216718,Isolated congenitally uncorrected transposition of the great arteries,ZIC3
216718,Isolated congenitally uncorrected transposition of the great arteries,GDF1
216718,Isolated congenitally uncorrected transposition of the great arteries,MED13L
216718,Isolated congenitally uncorrected transposition of the great arteries,CFC1
216729,Congenitally uncorrected transposition of the great arteries with cardiac malformation,CFC1
882,Tyrosinemia type 1,FAH
216796,Osteogenesis imperfecta type 1,P4HB
216796,Osteogenesis imperfecta type 1,SEC24D
216796,Osteogenesis imperfecta type 1,COL1A1
216796,Osteogenesis imperfecta type 1,COL1A2
216796,Osteogenesis imperfecta type 1,MBTPS2
216804,Osteogenesis imperfecta type 2,COL1A1
216804,Osteogenesis imperfecta type 2,COL1A2
216804,Osteogenesis imperfecta type 2,P3H1
216804,Osteogenesis imperfecta type 2,CRTAP
216804,Osteogenesis imperfecta type 2,PPIB
216804,Osteogenesis imperfecta type 2,MESD
216812,Osteogenesis imperfecta type 3,MBTPS2
216812,Osteogenesis imperfecta type 3,COL1A1
216812,Osteogenesis imperfecta type 3,COL1A2
216812,Osteogenesis imperfecta type 3,P3H1
216812,Osteogenesis imperfecta type 3,CRTAP
216812,Osteogenesis imperfecta type 3,CREB3L1
216812,Osteogenesis imperfecta type 3,PPIB
216812,Osteogenesis imperfecta type 3,SERPINH1
216812,Osteogenesis imperfecta type 3,FKBP10
216812,Osteogenesis imperfecta type 3,SERPINF1
216812,Osteogenesis imperfecta type 3,WNT1
216812,Osteogenesis imperfecta type 3,TENT5A
216812,Osteogenesis imperfecta type 3,BMP1
216820,Osteogenesis imperfecta type 4,MBTPS2
216820,Osteogenesis imperfecta type 4,TMEM38B
216820,Osteogenesis imperfecta type 4,COL1A1
216820,Osteogenesis imperfecta type 4,COL1A2
216820,Osteogenesis imperfecta type 4,CRTAP
216820,Osteogenesis imperfecta type 4,PPIB
216820,Osteogenesis imperfecta type 4,FKBP10
216820,Osteogenesis imperfecta type 4,SP7
216820,Osteogenesis imperfecta type 4,SERPINF1
216820,Osteogenesis imperfecta type 4,WNT1
216820,Osteogenesis imperfecta type 4,SPARC
216828,Osteogenesis imperfecta type 5,IFITM5
3474,CHIME syndrome,PIGL
216866,Classic pantothenate kinase-associated neurodegeneration,PANK2
216873,Atypical pantothenate kinase-associated neurodegeneration,PANK2
216972,"Niemann-Pick disease type C, severe perinatal form",NPC1
216972,"Niemann-Pick disease type C, severe perinatal form",NPC2
216978,"Niemann-Pick disease type C, late infantile neurologic onset",NPC1
216978,"Niemann-Pick disease type C, late infantile neurologic onset",NPC2
361,Familial glucocorticoid deficiency,STAR
361,Familial glucocorticoid deficiency,MC2R
361,Familial glucocorticoid deficiency,MRAP
361,Familial glucocorticoid deficiency,TXNRD2
361,Familial glucocorticoid deficiency,NNT
216975,"Niemann-Pick disease type C, severe early infantile neurologic onset",NPC1
216975,"Niemann-Pick disease type C, severe early infantile neurologic onset",NPC2
216986,"Niemann-Pick disease type C, adult neurologic onset",NPC1
216986,"Niemann-Pick disease type C, adult neurologic onset",NPC2
216981,"Niemann-Pick disease type C, juvenile neurologic onset",NPC1
216981,"Niemann-Pick disease type C, juvenile neurologic onset",NPC2
217012,Spinocerebellar ataxia type 31,BEAN1
2088,Fanconi-Bickel syndrome,SLC2A2
217266,BNAR syndrome,FREM1
179,Birdshot chorioretinopathy,HLA-A
2584,Classic mycosis fungoides,CTLA4
2584,Classic mycosis fungoides,TNFRSF1B
2584,Classic mycosis fungoides,CD28
217093,"Mucopolysaccharidosis type 2, attenuated form",IDS
3162,Sézary syndrome,CTLA4
3162,Sézary syndrome,TNFRSF1B
3162,Sézary syndrome,CD28
217085,"Mucopolysaccharidosis type 2, severe form",IDS
1451,CINCA syndrome,NLRP3
217059,Isolated nail clubbing,HPGD
217055,Autosomal recessive intermediate Charcot-Marie-Tooth disease type A,GDAP1
217335,RIN2 syndrome,RIN2
2745,Opitz GBBB syndrome,MID1
217330,REN-related autosomal dominant tubulointerstitial kidney disease,REN
1171,Cerebellar ataxia-areflexia-pes cavus-optic atrophy-sensorineural hearing loss syndrome,ATP1A3
217566,Chronic respiratory distress with surfactant metabolism deficiency,SFTPC
217563,Neonatal acute respiratory distress syndrome,SFTPB
217563,Neonatal acute respiratory distress syndrome,ABCA3
217407,Hereditary hypotrichosis with recurrent skin vesicles,DSC3
217467,Hereditary thrombophilia due to congenital histidine-rich (poly-L) glycoprotein deficiency,HRG
217390,Combined immunodeficiency due to DOCK8 deficiency,DOCK8
217385,17p13.3 microduplication syndrome,PAFAH1B1
217385,17p13.3 microduplication syndrome,YWHAE
217396,Progressive polyneuropathy with bilateral striatal necrosis,SLC25A19
217371,Acute infantile liver failure due to synthesis defect of mtDNA-encoded proteins,TRMU
217382,Neurodegenerative syndrome due to cerebral folate transport deficiency,FOLR1
217377,Microduplication Xp11.22p11.23 syndrome,IQSEC2
217622,Sensorineural deafness with dilated cardiomyopathy,EYA4
331,Congenital factor XIII deficiency,F13A1
331,Congenital factor XIII deficiency,F13B
159,Carnitine-acylcarnitine translocase deficiency,SLC25A20
79,Congenital alpha2-antiplasmin deficiency,SERPINF2
2157,Histidinemia,HAL
220402,Limited cutaneous systemic sclerosis,CAV1
220402,Limited cutaneous systemic sclerosis,HLA-DRB1
220402,Limited cutaneous systemic sclerosis,CCN2
220402,Limited cutaneous systemic sclerosis,IRF5
220402,Limited cutaneous systemic sclerosis,KIAA0319L
220402,Limited cutaneous systemic sclerosis,CCR6
3124,Saccharopinuria,AASS
220407,Limited systemic sclerosis,HLA-DRB1
220386,Semilobar holoprosencephaly,STAG2
220386,Semilobar holoprosencephaly,FGFR1
220386,Semilobar holoprosencephaly,SMC1A
220386,Semilobar holoprosencephaly,STIL
220386,Semilobar holoprosencephaly,PTCH1
220386,Semilobar holoprosencephaly,SHH
220386,Semilobar holoprosencephaly,SIX3
220386,Semilobar holoprosencephaly,TGIF1
220386,Semilobar holoprosencephaly,ZIC2
220386,Semilobar holoprosencephaly,GLI2
220386,Semilobar holoprosencephaly,CRIPTO
220386,Semilobar holoprosencephaly,FOXH1
220386,Semilobar holoprosencephaly,FGF8
220386,Semilobar holoprosencephaly,DISP1
220386,Semilobar holoprosencephaly,CDON
220386,Semilobar holoprosencephaly,NODAL
220386,Semilobar holoprosencephaly,DLL1
220386,Semilobar holoprosencephaly,GAS1
2203,Hyperlysinemia,AASS
220393,Diffuse cutaneous systemic sclerosis,CAV1
220393,Diffuse cutaneous systemic sclerosis,HLA-DRB1
220393,Diffuse cutaneous systemic sclerosis,CCN2
220393,Diffuse cutaneous systemic sclerosis,IRF5
220393,Diffuse cutaneous systemic sclerosis,CCR6
332,Congenital intrinsic factor deficiency,CBLIF
220436,Quebec platelet disorder,PLAU
2195,Dicarboxylic aminoaciduria,SLC1A1
220443,Bleeding diathesis due to thromboxane synthesis deficiency,TBXA2R
2170,Methylcobalamin deficiency type cblG,MTR
220295,Xeroderma pigmentosum-Cockayne syndrome complex,ERCC5
220295,Xeroderma pigmentosum-Cockayne syndrome complex,ERCC4
220295,Xeroderma pigmentosum-Cockayne syndrome complex,ERCC2
220295,Xeroderma pigmentosum-Cockayne syndrome complex,ERCC3
414,Gyrate atrophy of choroid and retina,OAT
927,Hyperammonemia due to N-acetylglutamate synthase deficiency,NAGS
2880,Phosphoenolpyruvate carboxykinase deficiency,PCK1
2880,Phosphoenolpyruvate carboxykinase deficiency,PCK2
941,D-glyceric aciduria,GLYCTK
220465,Laron syndrome with immunodeficiency,STAT5B
220460,Attenuated familial adenomatous polyposis,APC
2843,Pentosuria,DCXR
220497,Joubert syndrome with renal defect,NPHP1
220497,Joubert syndrome with renal defect,RPGRIP1L
220497,Joubert syndrome with renal defect,TMEM237
212,Cystathioninuria,CTH
220493,Joubert syndrome with ocular defect,AHI1
220493,Joubert syndrome with ocular defect,MKS1
220493,Joubert syndrome with ocular defect,INPP5E
220493,Joubert syndrome with ocular defect,CEP41
220493,Joubert syndrome with ocular defect,CEP120
470,Lysinuric protein intolerance,SLC7A7
145,Hereditary breast and/or ovarian cancer syndrome,PTEN
145,Hereditary breast and/or ovarian cancer syndrome,RAD51
145,Hereditary breast and/or ovarian cancer syndrome,BRCA2
145,Hereditary breast and/or ovarian cancer syndrome,BRIP1
145,Hereditary breast and/or ovarian cancer syndrome,CHEK2
145,Hereditary breast and/or ovarian cancer syndrome,TP53
145,Hereditary breast and/or ovarian cancer syndrome,MRE11
145,Hereditary breast and/or ovarian cancer syndrome,NBN
145,Hereditary breast and/or ovarian cancer syndrome,PALB2
145,Hereditary breast and/or ovarian cancer syndrome,BARD1
145,Hereditary breast and/or ovarian cancer syndrome,RAD51C
145,Hereditary breast and/or ovarian cancer syndrome,RAD50
145,Hereditary breast and/or ovarian cancer syndrome,RAD51D
145,Hereditary breast and/or ovarian cancer syndrome,ATM
145,Hereditary breast and/or ovarian cancer syndrome,BRCA1
2965,Prolactinoma,CDH23
2965,Prolactinoma,MEN1
2965,Prolactinoma,AIP
538,Lymphangioleiomyomatosis,TSC1
538,Lymphangioleiomyomatosis,TSC2
1578,Pterin-4 alpha-carbinolamine dehydratase deficiency,PCBD1
3208,Isolated succinate-CoQ reductase deficiency,SDHA
3208,Isolated succinate-CoQ reductase deficiency,SDHB
3208,Isolated succinate-CoQ reductase deficiency,SDHD
3208,Isolated succinate-CoQ reductase deficiency,SDHAF1
221008,Rothmund-Thomson syndrome type 1,ANAPC1
24,Fumaric aciduria,FH
221016,Rothmund-Thomson syndrome type 2,RECQL4
1561,Fatal infantile cytochrome C oxidase deficiency,SCO1
1561,Fatal infantile cytochrome C oxidase deficiency,SCO2
1561,Fatal infantile cytochrome C oxidase deficiency,COX15
1561,Fatal infantile cytochrome C oxidase deficiency,COA5
1561,Fatal infantile cytochrome C oxidase deficiency,COA6
1460,Isolated complex III deficiency,BCS1L
1460,Isolated complex III deficiency,MT-CYB
1460,Isolated complex III deficiency,UQCRQ
1460,Isolated complex III deficiency,UQCRB
1460,Isolated complex III deficiency,TTC19
1460,Isolated complex III deficiency,UQCRC2
1460,Isolated complex III deficiency,CYC1
1460,Isolated complex III deficiency,LYRM7
1460,Isolated complex III deficiency,UQCC2
1460,Isolated complex III deficiency,UQCC3
1460,Isolated complex III deficiency,UQCRFS1
851,Paris-Trousseau thrombocytopenia,FLI1
221043,Hereditary fibrosing poikiloderma-tendon contractures-myopathy-pulmonary fibrosis syndrome,FAM111B
221046,Poikiloderma with neutropenia,USB1
745,Severe hereditary thrombophilia due to congenital protein C deficiency,PROC
221061,Familial cerebral cavernous malformation,CCM2
221061,Familial cerebral cavernous malformation,KRIT1
221061,Familial cerebral cavernous malformation,PDCD10
221061,Familial cerebral cavernous malformation,PIK3CA
849,Glanzmann thrombasthenia,ITGA2B
849,Glanzmann thrombasthenia,ITGB3
225154,Familial infantile bilateral striatal necrosis,NUP54
225154,Familial infantile bilateral striatal necrosis,ADAR
225154,Familial infantile bilateral striatal necrosis,MT-ATP6
225154,Familial infantile bilateral striatal necrosis,NUP62
225123,TFR2-related hemochromatosis,TFR2
221126,Fowler vasculopathy,FLVCR2
221139,Combined immunodeficiency with facio-oculo-skeletal anomalies,KNSTRN
221139,Combined immunodeficiency with facio-oculo-skeletal anomalies,PIK3CD
221145,"Cutis laxa with severe pulmonary, gastrointestinal and urinary anomalies",LTBP4
221145,"Cutis laxa with severe pulmonary, gastrointestinal and urinary anomalies",LTBP4
228003,Severe combined immunodeficiency due to CORO1A deficiency,CORO1A
228000,Idiopathic CD4 lymphocytopenia,UNC119
842,Testicular seminomatous germ cell tumor,KIT
227976,"Autosomal recessive optic atrophy, OPA7 type",TMEM126A
227796,Fundus albipunctatus,PRPH2
227796,Fundus albipunctatus,RDH5
227796,Fundus albipunctatus,RLBP1
389,Langerhans cell histiocytosis,MAP2K1
389,Langerhans cell histiocytosis,NRAS
389,Langerhans cell histiocytosis,BRAF
228012,Progressive sensorineural hearing loss-hypertrophic cardiomyopathy syndrome,MYO6
543,Burkitt lymphoma,MYC
319,Skeletal Ewing sarcoma,ERG
319,Skeletal Ewing sarcoma,ETV1
319,Skeletal Ewing sarcoma,EWSR1
319,Skeletal Ewing sarcoma,FLI1
319,Skeletal Ewing sarcoma,ETV4
227535,Hereditary breast cancer,NQO2
227535,Hereditary breast cancer,ATM
227535,Hereditary breast cancer,CDH1
227535,Hereditary breast cancer,BRCA1
227535,Hereditary breast cancer,BRCA2
227535,Hereditary breast cancer,PALB2
227535,Hereditary breast cancer,XRCC2
227535,Hereditary breast cancer,KLLN
227535,Hereditary breast cancer,RAD54L
227535,Hereditary breast cancer,SLC67A1
668,Osteosarcoma,CHEK2
668,Osteosarcoma,RB1
668,Osteosarcoma,TP53
668,Osteosarcoma,TP53
227510,"Multiple system atrophy, cerebellar type",COQ2
2030,Fibrosarcoma,ETV6
2030,Fibrosarcoma,NTRK3
2126,Solitary fibrous tumor,STAT6
2126,Solitary fibrous tumor,NAB2
758,Pseudoxanthoma elasticum,ABCC6
758,Pseudoxanthoma elasticum,ENPP1
419,Hyperprolinemia type 1,PRODH
1501,Adrenocortical carcinoma,TP53
1501,Adrenocortical carcinoma,TP53
1501,Adrenocortical carcinoma,ZNRF3
1501,Adrenocortical carcinoma,CTNNB1
1501,Adrenocortical carcinoma,CDKN2A
1501,Adrenocortical carcinoma,TERT
1501,Adrenocortical carcinoma,PRKAR1A
226316,Genetic transient congenital hypothyroidism,DUOX2
226307,Hypothyroidism due to deficient transcription factors involved in pituitary development or function,POU1F1
226307,Hypothyroidism due to deficient transcription factors involved in pituitary development or function,PROP1
226307,Hypothyroidism due to deficient transcription factors involved in pituitary development or function,HESX1
226307,Hypothyroidism due to deficient transcription factors involved in pituitary development or function,LHX3
226307,Hypothyroidism due to deficient transcription factors involved in pituitary development or function,LHX4
3273,Synovial sarcoma,SS18
3273,Synovial sarcoma,SSX1
3273,Synovial sarcoma,SSX2
503,Larsen syndrome,FLNB
2478,Megalencephalic leukoencephalopathy with subcortical cysts,MLC1
2478,Megalencephalic leukoencephalopathy with subcortical cysts,HEPACAM
3337,Primary Fanconi renotubular syndrome,EHHADH
3337,Primary Fanconi renotubular syndrome,GATM
3337,Primary Fanconi renotubular syndrome,SLC34A1
3337,Primary Fanconi renotubular syndrome,NDUFAF6
223,Arginine vasopressin resistance,AVPR2
223,Arginine vasopressin resistance,AQP2
228423,GATA2 deficiency spectrum,GATA2
521,Chronic myeloid leukemia,BCR
521,Chronic myeloid leukemia,ABL1
521,Chronic myeloid leukemia,RUNX1
228415,5q35 microduplication syndrome,NSD1
132,Hereditary butyrylcholinesterase deficiency,BCHE
228426,Syndromic multisystem autoimmune disease due to Itch deficiency,ITCH
2345,Isolated Klippel-Feil syndrome,GDF3
2345,Isolated Klippel-Feil syndrome,MEOX1
2345,Isolated Klippel-Feil syndrome,GDF6
1333,Familial pancreatic carcinoma,BRCA1
1333,Familial pancreatic carcinoma,BRCA2
1333,Familial pancreatic carcinoma,CDKN2A
1333,Familial pancreatic carcinoma,SMAD4
1333,Familial pancreatic carcinoma,TP53
1333,Familial pancreatic carcinoma,KRAS
1333,Familial pancreatic carcinoma,PALB2
1333,Familial pancreatic carcinoma,PALLD
1333,Familial pancreatic carcinoma,RABL3
228429,Congenital generalized  lipodystrophy type 4,CAVIN1
228387,Spondylo-megaepiphyseal-metaphyseal dysplasia,NKX3-2
228390,Frontonasal dysplasia-alopecia-genital anomalies syndrome,ALX4
228402,2q23.1 microdeletion syndrome,MBD5
228366,CLN7 disease,MFSD8
228384,5q14.3 microdeletion syndrome,MEF2C
228374,Charcot-Marie-Tooth disease type 2B5,NEFL
228343,CLN4 disease,DNAJC5
228302,"Carnitine palmitoyl transferase II deficiency, myopathic form",CPT2
228305,"Carnitine palmitoyl transferase II deficiency, severe infantile form",CPT2
228308,"Carnitine palmitoyl transferase II deficiency, neonatal form",CPT2
3203,Overhydrated hereditary stomatocytosis,RHAG
3202,Dehydrated hereditary stomatocytosis,SLC4A1
3202,Dehydrated hereditary stomatocytosis,PIEZO1
3202,Dehydrated hereditary stomatocytosis,KCNN4
228140,Idiopathic ventricular fibrillation,SCN5A
228140,Idiopathic ventricular fibrillation,DPP6
1018,X-linked Alport syndrome-diffuse leiomyomatosis,COL4A6
1018,X-linked Alport syndrome-diffuse leiomyomatosis,COL4A5
306,Self-limited infantile epilepsy,SCN8A
306,Self-limited infantile epilepsy,SCN2A
306,Self-limited infantile epilepsy,KCNQ2
306,Self-limited infantile epilepsy,KCNQ3
306,Self-limited infantile epilepsy,PRRT2
328,Congenital factor X deficiency,F10
228174,Autosomal dominant Charcot-Marie-Tooth disease type 2N,AARS1
228169,Autosomal dominant striatal neurodegeneration,PDE8B
2132,Hemoglobin C disease,HBB
2133,Hemoglobin E disease,HBB
228179,Autosomal dominant Charcot-Marie-Tooth disease type 2M,DNM2
288,Hereditary elliptocytosis,SPTA1
288,Hereditary elliptocytosis,SPTB
288,Hereditary elliptocytosis,EPB41
288,Hereditary elliptocytosis,GYPC
231531,Hermansky-Pudlak syndrome due to BLOC-1 deficiency,DTNBP1
231531,Hermansky-Pudlak syndrome due to BLOC-1 deficiency,BLOC1S5
231531,Hermansky-Pudlak syndrome due to BLOC-1 deficiency,BLOC1S3
231531,Hermansky-Pudlak syndrome due to BLOC-1 deficiency,BLOC1S6
231512,Hermansky-Pudlak syndrome due to BLOC-2 deficiency,HPS3
231512,Hermansky-Pudlak syndrome due to BLOC-2 deficiency,HPS5
231512,Hermansky-Pudlak syndrome due to BLOC-2 deficiency,HPS6
256,Early-onset generalized limb-onset dystonia,TOR1A
256,Early-onset generalized limb-onset dystonia,EIF2AK2
256,Early-onset generalized limb-onset dystonia,SHQ1
231500,Hermansky-Pudlak syndrome due to BLOC-3 deficiency,HPS1
231500,Hermansky-Pudlak syndrome due to BLOC-3 deficiency,HPS4
2073,Narcolepsy type 1,HCRT
2073,Narcolepsy type 1,HLA-DRB1
2073,Narcolepsy type 1,HLA-DQB1
2073,Narcolepsy type 1,MOG
2073,Narcolepsy type 1,TNFSF4
2073,Narcolepsy type 1,P2RY11
2073,Narcolepsy type 1,ZNF365
2073,Narcolepsy type 1,CTSH
231401,Alpha-thalassemia-myelodysplastic syndrome,ATRX
231393,Beta-thalassemia-X-linked thrombocytopenia syndrome,GATA1
1309,Medullary sponge kidney,HNF1B
231249,Hemoglobin E-beta-thalassemia syndrome,HBB
231242,Hemoglobin C-beta-thalassemia syndrome,HBB
2197,Idiopathic hypercalciuria,ADCY10
231237,Delta-beta-thalassemia,HBB
231237,Delta-beta-thalassemia,HBG1
231237,Delta-beta-thalassemia,HBD
231226,Unstable beta globin chain variant disease,HBB
231222,Beta-thalassemia intermedia,HBB
231214,Beta-thalassemia major,HBB
2841,Hailey-Hailey disease,ATP2C1
231183,Usher syndrome type 3,CEP78
231183,Usher syndrome type 3,ARSG
231183,Usher syndrome type 3,CLRN1
231183,Usher syndrome type 3,MT-TS2
231183,Usher syndrome type 3,HARS1
347,Frasier syndrome,WT1
231178,Usher syndrome type 2,USH2A
231178,Usher syndrome type 2,ADGRV1
231178,Usher syndrome type 2,MYO7A
231178,Usher syndrome type 2,WHRN
231178,Usher syndrome type 2,PDZD7
2596,Myopathy and diabetes mellitus,MT-TE
231154,Combined immunodeficiency due to partial RAG1 deficiency,RAG1
2966,Properdin deficiency,CFP
231160,Familial cerebral saccular aneurysm,ANGPTL6
231160,Familial cerebral saccular aneurysm,COL3A1
231160,Familial cerebral saccular aneurysm,ENG
231160,Familial cerebral saccular aneurysm,TGFBR3
231160,Familial cerebral saccular aneurysm,THSD1
231169,Usher syndrome type 1,USH1K
231169,Usher syndrome type 1,CDH23
231169,Usher syndrome type 1,USH1C
231169,Usher syndrome type 1,USH1G
231169,Usher syndrome type 1,MYO7A
231169,Usher syndrome type 1,PCDH15
231169,Usher syndrome type 1,USH1E
231169,Usher syndrome type 1,USH1H
231169,Usher syndrome type 1,CIB2
231169,Usher syndrome type 1,ESPN
231140,Silver-Russell syndrome due to an imprinting defect of 11p15,IGF2
231140,Silver-Russell syndrome due to an imprinting defect of 11p15,H19
231144,Silver-Russell syndrome due to 11p15 microduplication,H19
231144,Silver-Russell syndrome due to 11p15 microduplication,IGF2
231120,Beckwith-Wiedemann syndrome due to CDKN1C mutation,CDKN1C
231127,Beckwith-Wiedemann syndrome due to 11p15 microdeletion,H19
231108,Rhabdoid tumor predisposition syndrome,SMARCB1
231108,Rhabdoid tumor predisposition syndrome,SMARCA4
231117,Beckwith-Wiedemann syndrome due to imprinting defect of 11p15,H19
231117,Beckwith-Wiedemann syndrome due to imprinting defect of 11p15,KCNQ1OT1
231117,Beckwith-Wiedemann syndrome due to imprinting defect of 11p15,IGF2
231040,Familial generalized lentiginosis,SASH1
3318,Essential thrombocythemia,TET2
3318,Essential thrombocythemia,JAK2
3318,Essential thrombocythemia,MPL
3318,Essential thrombocythemia,CALR
3318,Essential thrombocythemia,SH2B3
3318,Essential thrombocythemia,TP53
230857,Ehlers-Danlos/osteogenesis imperfecta syndrome,COL1A1
230857,Ehlers-Danlos/osteogenesis imperfecta syndrome,COL1A2
230851,Cardiac-valvular Ehlers-Danlos syndrome,COL1A2
82,Hereditary thrombophilia due to congenital antithrombin deficiency,SERPINC1
230839,Classical-like Ehlers-Danlos syndrome type 1,TNXB
238269,AApoAII amyloidosis,APOA2
238446,15q11q13 microduplication syndrome,UBE3A
238329,Severe X-linked mitochondrial encephalomyopathy,AIFM1
231568,Autosomal dominant generalized dystrophic epidermolysis bullosa,COL7A1
1900,Kyphoscoliotic Ehlers-Danlos syndrome due to lysyl hydroxylase 1 deficiency,PLOD1
231671,Isolated growth hormone deficiency type IB,GH1
286,Vascular Ehlers-Danlos syndrome,COL3A1
231679,Isolated growth hormone deficiency type II,GH1
231679,Isolated growth hormone deficiency type II,POU1F1
231662,Isolated growth hormone deficiency type IA,GH1
231662,Isolated growth hormone deficiency type IA,RNPC3
257,Epidermolysis bullosa simplex with muscular dystrophy,PLEC
1901,Dermatosparaxis Ehlers-Danlos syndrome,ADAMTS2
1901,Dermatosparaxis Ehlers-Danlos syndrome,ADAMTSL2
231720,Non-acquired combined pituitary hormone deficiency-sensorineural hearing loss-spine abnormalities syndrome,LHX3
1899,Arthrochalasia Ehlers-Danlos syndrome,COL1A2
1899,Arthrochalasia Ehlers-Danlos syndrome,COL1A1
839,"Congenital nephrotic syndrome, Finnish type",NPHS1
531,Miller-Dieker syndrome,HIC1
531,Miller-Dieker syndrome,YWHAE
531,Miller-Dieker syndrome,PAFAH1B1
452,X-linked lissencephaly with abnormal genitalia,ARX
238763,Glaucoma secondary to spherophakia/ectopia lentis and megalocornea,LTBP2
238722,Familial congenital mirror movements,DNAL4
238722,Familial congenital mirror movements,RAD51
238722,Familial congenital mirror movements,DCC
238722,Familial congenital mirror movements,NTN1
238769,1q44 microdeletion syndrome,HNRNPU
238505,Combined immunodeficiency due to CD27 deficiency,CD27
238475,Familial hypercholanemia,EPHX1
238475,Familial hypercholanemia,TJP2
238475,Familial hypercholanemia,BAAT
238475,Familial hypercholanemia,SLC10A1
238455,Infantile dystonia-parkinsonism,SLC6A3
238455,Infantile dystonia-parkinsonism,WARS2
238459,SLC35A1-CDG,SLC35A1
238578,Familial clubfoot due to 17q23.1q23.2 microduplication,TBX4
238557,Chuvash erythrocytosis,VHL
238569,Immune dysregulation-inflammatory bowel disease-arthritis-recurrent infections syndrome,IL10
238569,Immune dysregulation-inflammatory bowel disease-arthritis-recurrent infections syndrome,IL10RA
238569,Immune dysregulation-inflammatory bowel disease-arthritis-recurrent infections syndrome,IL10RB
238523,Atypical hypotonia-cystinuria syndrome,SLC3A1
238523,Atypical hypotonia-cystinuria syndrome,PREPL
238523,Atypical hypotonia-cystinuria syndrome,CAMKMT
238670,Isolated thyrotropin-releasing hormone deficiency,TRH
240071,Classic progressive supranuclear palsy syndrome,MAPT
240112,Progressive supranuclear palsy-progressive non-fluent aphasia syndrome,MAPT
240103,Progressive supranuclear palsy-corticobasal syndrome,MAPT
240094,Progressive supranuclear palsy-pure akinesia with gait freezing syndrome,MAPT
240085,Progressive supranuclear palsy-predominant parkinsonism syndrome,MAPT
240760,Nijmegen breakage syndrome-like disorder,MRE11
240760,Nijmegen breakage syndrome-like disorder,RAD50
331226,Susceptibility to infection due to TYK2 deficiency,TYK2
331176,Severe congenital neutropenia due to G6PC3 deficiency,G6PC3
331187,Immunodeficiency due to MASP-2 deficiency,MASP2
331190,Immunodeficiency due to ficolin3 deficiency,FCN3
331206,Severe combined immunodeficiency due to complete RAG1/2 deficiency,RAG1
331206,Severe combined immunodeficiency due to complete RAG1/2 deficiency,RAG2
330032,Hemoglobin Lepore-beta-thalassemia syndrome,HBD
330041,Hemoglobin M disease,HBA2
330041,Hemoglobin M disease,HBB
330041,Hemoglobin M disease,HBA1
330050,DNM1L-related encephalopathy due to mitochondrial and peroxisomal fission defect,DNM1L
330054,Congenital cataract-progressive muscular hypotonia-hearing loss-developmental delay syndrome,GFER
329802,5p13 microduplication syndrome,NIPBL
329475,Spastic paraplegia-Paget disease of bone syndrome,VCP
329481,Lipoprotein glomerulopathy,APOE
329478,Adult-onset distal myopathy due to VCP mutation,VCP
329931,C3 glomerulonephritis,CFHR1
329931,C3 glomerulonephritis,CFHR5
329931,C3 glomerulonephritis,CFHR3
329931,C3 glomerulonephritis,CFHR2
329971,Generalized juvenile polyposis/juvenile polyposis coli,BMPR1A
329971,Generalized juvenile polyposis/juvenile polyposis coli,ENG
329971,Generalized juvenile polyposis/juvenile polyposis coli,SMAD4
329967,Intermittent hydrarthrosis,MEFV
329967,Intermittent hydrarthrosis,TNFRSF1A
329903,Immunoglobulin-mediated membranoproliferative glomerulonephritis,CFH
329903,Immunoglobulin-mediated membranoproliferative glomerulonephritis,DGKE
329308,Fatty acid hydroxylase-associated neurodegeneration,FA2H
329314,Adult-onset multiple mitochondrial DNA deletion syndrome due to DGUOK deficiency,DGUOK
329319,Thrombocythemia with distal limb defects,THPO
329284,Beta-propeller protein-associated neurodegeneration,WDR45
329457,Distal arthrogryposis type 5D,ECEL1
329466,"Autosomal dominant focal dystonia, DYT25 type",GNAL
329469,Acute megakaryoblastic leukemia in children without Down syndrome,GLIS2
329469,Acute megakaryoblastic leukemia in children without Down syndrome,CBFA2T3
329336,Adult-onset chronic progressive external ophthalmoplegia with mitochondrial myopathy,RRM2B
329336,Adult-onset chronic progressive external ophthalmoplegia with mitochondrial myopathy,RNASEH1
329228,Microcephalic primordial dwarfism due to ZNF335 deficiency,ZNF335
329224,Schuurs-Hoeijmakers syndrome,PACS1
329217,Cerebral sinovenous thrombosis,F2
329217,Cerebral sinovenous thrombosis,F5
329217,Cerebral sinovenous thrombosis,PROZ
329211,Autosomal dominant neovascular inflammatory vitreoretinopathy,CAPN5
329195,Developmental delay with autism spectrum disorder and gait instability,HERC2
329191,Tall stature-long halluces-multiple extra-epiphyses syndrome,NPR2
329178,Congenital muscular dystrophy with intellectual disability and severe epilepsy,DPM2
329258,Autosomal dominant Charcot-Marie-Tooth disease type 2Q,DHTKD1
329249,Severe early-onset obesity-insulin resistance syndrome due to SH2B1 deficiency,SH2B1
329242,Congenital chronic diarrhea with protein-losing enteropathy,PLVAP
329242,Congenital chronic diarrhea with protein-losing enteropathy,DGAT1
329235,X-linked central congenital hypothyroidism with late-onset testicular enlargement,IGSF1
329173,Autoinflammatory syndrome with pyogenic bacterial infection and amylopectinosis,RBCK1
329173,Autoinflammatory syndrome with pyogenic bacterial infection and amylopectinosis,RNF31
329,Congenital factor XI deficiency,F11
1243,Best vitelliform macular dystrophy,BEST1
325524,Classic congenital lipoid adrenal hyperplasia due to STAR deficency,STAR
325448,Leydig cell hypoplasia due to LHB deficiency,LHB
325529,Non-classic congenital lipoid adrenal hyperplasia due to STAR deficency,STAR
324977,Proteasome-associated autoinflammatory syndrome,PSMB8
324718,ABetaA21G amyloidosis,APP
324713,"ABeta amyloidosis, Italian type",APP
324737,SRD5A3-CDG,SRD5A3
324723,"ABeta amyloidosis, Arctic type",APP
324708,"ABeta amyloidosis, Iowa type",APP
324703,ABetaL34V amyloidosis,APP
324611,Autosomal dominant Charcot-Marie-Tooth disease type 2 due to KIF5A mutation,KIF5A
324604,Classic multiminicore myopathy,SELENON
324604,Classic multiminicore myopathy,TTN
324604,Classic multiminicore myopathy,MYH7
324588,Familial dyskinesia and facial myokymia,ADCY5
324601,X-linked cleft palate and ankyloglossia,TBX22
324581,Benign Samaritan congenital myopathy,RYR1
324585,Autosomal dominant intermediate Charcot-Marie-Tooth disease with neuropathic pain,MPZ
324569,Pontocerebellar hypoplasia type 8,CHMP1A
324575,Hyperinsulinism due to HNF1A deficiency,HNF1A
324561,Hypopigmentation-punctate palmoplantar keratoderma syndrome,ENPP1
324530,Autoinflammation-PLCG2-associated antibody deficiency-immune dysregulation,PLCG2
324535,Combined oxidative phosphorylation defect type 11,RMND1
324525,Hypertrophic cardiomyopathy with kidney anomalies due to mitochondrial DNA mutation,MT-TL1
324442,Autosomal recessive axonal neuropathy with neuromyotonia,HINT1
324422,ALG13-CDG,ALG13
324410,X-linked intellectual disability-cardiomegaly-congestive heart failure syndrome,CLIC2
324321,Sinoatrial node dysfunction and deafness,CACNA1D
324299,Multiple paragangliomas associated with polycythemia,EPAS1
324294,T-cell immunodeficiency with epidermodysplasia verruciformis,RHOH
324290,PRDM8-related progressive myoclonus epilepsy,PRDM8
324262,Autosomal recessive congenital cerebellar ataxia due to MGLUR1 deficiency,GRM1
320360,MT-ATP6-related mitochondrial spastic paraplegia,MT-ATP6
320355,Autosomal dominant spastic paraplegia type 41,SPG41
320370,Autosomal recessive spastic paraplegia type 43,C19ORF12
320365,Autosomal dominant spastic paraplegia type 36,SPG36
320380,Autosomal recessive spastic paraplegia type 54,DDHD2
320375,Autosomal recessive spastic paraplegia type 55,MTRFR
320391,Autosomal recessive spastic paraplegia type 46,GBA2
320385,Hereditary sensory and autonomic neuropathy due to TECPR2 mutation,TECPR2
320401,Autosomal recessive spastic paraplegia type 44,GJC2
320396,Autosomal recessive spastic paraplegia type 45,NT5C2
320411,Autosomal recessive spastic paraplegia type 56,CYP2U1
320406,Spastic paraplegia-optic atrophy-neuropathy syndrome,FLRT1
320406,Spastic paraplegia-optic atrophy-neuropathy syndrome,KLC2
319547,Mendelian susceptibility to mycobacterial diseases due to complete IFNgammaR2 deficiency,IFNGR2
319519,Combined oxidative phosphorylation defect type 14,FARS2
319524,Combined oxidative phosphorylation defect type 15,MTFMT
319509,Combined oxidative phosphorylation defect type 9,MRPL3
319514,Combined oxidative phosphorylation defect type 13,PNPT1
319589,Autosomal dominant mendelian susceptibility to mycobacterial diseases due to partial IFNgammaR2 deficiency,IFNGR2
319595,Mendelian susceptibility to mycobacterial diseases due to partial STAT1 deficiency,STAT1
319574,Autosomal recessive mendelian susceptibility to mycobacterial diseases due to partial IFNgammaR2 deficiency,IFNGR2
319581,Autosomal dominant mendelian susceptibility to mycobacterial diseases due to partial IFNgammaR1 deficiency,IFNGR1
319563,Mendelian susceptibility to mycobacterial diseases due to complete ISG15 deficiency,ISG15
319569,Autosomal recessive mendelian susceptibility to mycobacterial diseases due to partial IFNgammaR1 deficiency,IFNGR1
319552,Mendelian susceptibility to mycobacterial diseases due to complete IL12RB1 deficiency,IL12RB1
319558,Mendelian susceptibility to mycobacterial diseases due to complete IL12B deficiency,IL12B
319651,Constitutional megaloblastic anemia with severe neurologic disease,DHFR
319646,PGM1-CDG,PGM1
319640,Retinal macular dystrophy type 2,PROM1
319635,Amyloidosis cutis dyschromia,GPNMB
319605,X-linked mendelian susceptibility to mycobacterial diseases,CYBB
319600,Mendelian susceptibility to mycobacterial diseases due to partial IRF8 deficiency,IRF8
319678,Encephalopathy-hypertrophic cardiomyopathy-renal tubular disease syndrome,COQ9
319678,Encephalopathy-hypertrophic cardiomyopathy-renal tubular disease syndrome,COQ7
319675,"Microcephalic primordial dwarfism, Dauber type",NIN
319671,Alazami syndrome,LARP7
319298,Papillary renal cell carcinoma,MET
319298,Papillary renal cell carcinoma,MITF
319303,Chromophobe renal cell carcinoma,HNF1A
319308,MiT family translocation renal cell carcinoma,PRCC
319308,MiT family translocation renal cell carcinoma,TFE3
319308,MiT family translocation renal cell carcinoma,ASPSCR1
319308,MiT family translocation renal cell carcinoma,TFEB
319308,MiT family translocation renal cell carcinoma,CLTC
319308,MiT family translocation renal cell carcinoma,SFPQ
319308,MiT family translocation renal cell carcinoma,NONO
319332,Autosomal recessive myogenic arthrogryposis multiplex congenita,SYNE1
319340,Carney complex-trismus-pseudocamptodactyly syndrome,MYH8
319487,Familial papillary or follicular thyroid carcinoma,MINPP1
319487,Familial papillary or follicular thyroid carcinoma,FOXE1
319487,Familial papillary or follicular thyroid carcinoma,HABP2
319480,Acute myeloid leukemia with CEBPA somatic mutations,CEBPA
319504,Combined oxidative phosphorylation defect type 8,AARS2
319465,Inherited acute myeloid leukemia,CEBPA
319465,Inherited acute myeloid leukemia,TGM6
319465,Inherited acute myeloid leukemia,ERCC6L2
319462,Inherited cancer-predisposing syndrome due to biallelic BRCA2 mutations,BRCA2
319199,Autosomal recessive spastic paraplegia type 53,VPS37A
319160,Congenital myopathy with internal nuclei and atypical cores,CCDC78
319189,Familial cortical myoclonus,NOL3
319192,Diencephalic-mesencephalic junction dysplasia,GSX2
319192,Diencephalic-mesencephalic junction dysplasia,PCDH12
319182,Wiedemann-Steiner syndrome,KMT2A
317428,Combined immunodeficiency due to ORAI1 deficiency,ORAI1
317425,Severe combined immunodeficiency due to DNA-PKcs deficiency,PRKDC
317430,Combined immunodeficiency due to STIM1 deficiency,STIM1
317473,Common variable immunodeficiency phenotype due to IKAROS functional haploinsufficiency,IKZF1
317476,XMEN,MAGT1
315311,"Classic congenital adrenal hyperplasia due to 21-hydroxylase deficiency, simple virilizing form",CYP21A2
315306,"Classic congenital adrenal hyperplasia due to 21-hydroxylase deficiency, salt wasting form",CYP21A2
314978,X-linked non progressive cerebellar ataxia,ATP2B3
314950,Primary hypereosinophilic syndrome,FGFR1
314950,Primary hypereosinophilic syndrome,FIP1L1
314950,Primary hypereosinophilic syndrome,PDGFRA
314950,Primary hypereosinophilic syndrome,PDGFRB
314950,Primary hypereosinophilic syndrome,ETV6
314918,Mild Canavan disease,ASPA
314911,Severe Canavan disease,ASPA
314679,Cerebrofacioarticular syndrome,DCHS1
314679,Cerebrofacioarticular syndrome,FAT4
314667,TMEM165-CDG,TMEM165
314689,Combined immunodeficiency due to STK4 deficiency,STK4
314652,Variant ABeta2M amyloidosis,B2M
314647,Non-progressive cerebellar ataxia with intellectual disability,CAMTA1
314647,Non-progressive cerebellar ataxia with intellectual disability,POU4F1
314662,Segmental progressive overgrowth syndrome with fibroadipose hyperplasia,PIK3CA
314655,Severe neonatal hypotonia-seizures-encephalopathy syndrome due to 5q31.3 microdeletion,PURA
314629,CLN11 disease,GRN
314637,Mitochondrial hypertrophic cardiomyopathy with lactic acidosis due to MTO1 deficiency,MTO1
314632,CLN12 disease,ATP13A2
314802,Short stature due to partial GHR deficiency,GHR
314811,Short stature due to GHSR deficiency,GHSR
314777,Familial isolated pituitary adenoma,CDH23
314777,Familial isolated pituitary adenoma,AIP
314786,Silent pituitary adenoma,MEN1
314786,Silent pituitary adenoma,AIP
314790,Null pituitary adenoma,MEN1
314790,Null pituitary adenoma,AIP
314795,SHOX-related short stature,SHOX
314718,Lethal arteriopathy syndrome due to fibulin-4 deficiency,EFEMP2
314721,Atypical dentin dysplasia due to SMOC2 deficiency,SMOC2
370109,Ataxia-telangiectasia variant,ATM
370103,"Primary dystonia, DYT17 type",DYT17
370097,Oculocutaneous albinism type 6,SLC24A5
370396,Small cell carcinoma of the ovary,SMARCA4
370348,Peripheral primitive neuroectodermal tumor,FLI1
370334,Extraskeletal Ewing sarcoma,ERG
370334,Extraskeletal Ewing sarcoma,EWSR1
370334,Extraskeletal Ewing sarcoma,FLI1
370334,Extraskeletal Ewing sarcoma,SMARCA5
370022,Ataxia-intellectual disability-oculomotor apraxia-cerebellar cysts syndrome,LAMA1
370026,Acute myeloid leukemia with t(8;16)(p11;p13) translocation,CREBBP
370026,Acute myeloid leukemia with t(8;16)(p11;p13) translocation,KAT6A
370015,"Spondyloepimetaphyseal dysplasia, Isidor-Toutain type",RPL13
370088,Acute infantile liver failure-multisystemic involvement syndrome,LARS1
370997,Muscle-eye-brain disease with bilateral multicystic leucodystrophy,DAG1
370921,STT3A-CDG,STT3A
370924,STT3B-CDG,STT3B
370927,SSR4-CDG,SSR4
370930,XYLT1-CDG,XYLT1
370959,Congenital muscular dystrophy with cerebellar involvement,POMGNT1
370959,Congenital muscular dystrophy with cerebellar involvement,POMT1
370959,Congenital muscular dystrophy with cerebellar involvement,POMT2
370959,Congenital muscular dystrophy with cerebellar involvement,FKRP
370959,Congenital muscular dystrophy with cerebellar involvement,POMK
370959,Congenital muscular dystrophy with cerebellar involvement,GMPPB
370968,Congenital muscular dystrophy with intellectual disability,POMT1
370968,Congenital muscular dystrophy with intellectual disability,POMT2
370968,Congenital muscular dystrophy with intellectual disability,FKRP
370968,Congenital muscular dystrophy with intellectual disability,LARGE1
370968,Congenital muscular dystrophy with intellectual disability,GMPPB
370980,Congenital muscular dystrophy without intellectual disability,POMT1
370980,Congenital muscular dystrophy without intellectual disability,FKTN
370980,Congenital muscular dystrophy without intellectual disability,FKRP
370980,Congenital muscular dystrophy without intellectual disability,CRPPA
370933,GM3 synthase deficiency,ST3GAL5
370943,Autism spectrum disorder-epilepsy-arthrogryposis syndrome,SLC35A3
369929,Primary hyperaldosteronism-seizures-neurological abnormalities syndrome,CACNA1D
369920,Pontocerebellar hypoplasia type 9,AMPD2
369942,CADDS,ABCD1
369942,CADDS,BCAP31
369939,Severe motor and intellectual disabilities-sensorineural deafness-dystonia syndrome,BCAP31
369955,"Methylmalonic acidemia with homocystinuria, type cblJ",ABCD4
369970,Microcornea-myopic chorioretinal atrophy-telecanthus syndrome,ADAMTS18
369962,"Methylmalonic acidemia with homocystinuria, type cblX",HCFC1
369992,Severe dermatitis-multiple allergies-metabolic wasting syndrome,DSP
369992,Severe dermatitis-multiple allergies-metabolic wasting syndrome,DSG1
370002,Focal palmoplantar keratoderma with joint keratoses,DSG1
369999,Diffuse palmoplantar keratoderma with painful fissures,DSG1
369837,Intellectual disability-seizures-hypophosphatasia-ophthalmic-skeletal anomalies syndrome,PIGT
369840,TRAPPC11-related limb-girdle muscular dystrophy R18,TRAPPC11
369847,Intellectual disability-hyperkinetic movement-truncal ataxia syndrome,TRAPPC11
369852,Congenital neutropenia-myelofibrosis-nephromegaly syndrome,VPS45
369861,Congenital sideroblastic anemia-B-cell immunodeficiency-periodic fever-developmental delay syndrome,TRNT1
369867,Autosomal recessive intermediate Charcot-Marie-Tooth disease type C,PLEKHG5
369873,Obesity due to SIM1 deficiency,SIM1
369881,2p21 microdeletion syndrome without cystinuria,PREPL
369881,2p21 microdeletion syndrome without cystinuria,CAMKMT
369891,Developmental delay-facial dysmorphism syndrome due to MED13L deficiency,MED13L
369897,"Mitochondrial DNA depletion syndrome, encephalomyopathic form with variable craniofacial anomalies",FBXL4
369913,Combined oxidative phosphorylation defect type 17,ELAC2
364063,Infantile epileptic-dyskinetic encephalopathy,ARX
364055,Severe early-childhood-onset retinal dystrophy,RPE65
364055,Severe early-childhood-onset retinal dystrophy,LCA5
364055,Severe early-childhood-onset retinal dystrophy,LRAT
364055,Severe early-childhood-onset retinal dystrophy,SPATA7
364043,ALK-positive large B-cell lymphoma,ALK
364028,X-linked intellectual disability due to GRIA3 mutations,GRIA3
772,Infantile Refsum disease,PEX2
772,Infantile Refsum disease,PEX1
772,Infantile Refsum disease,PEX10
772,Infantile Refsum disease,PEX12
772,Infantile Refsum disease,PEX13
772,Infantile Refsum disease,PEX14
772,Infantile Refsum disease,PEX16
772,Infantile Refsum disease,PEX19
772,Infantile Refsum disease,PEX26
772,Infantile Refsum disease,PEX3
772,Infantile Refsum disease,PEX5
772,Infantile Refsum disease,PEX6
772,Infantile Refsum disease,PEX11B
1194,TMEM70-related mitochondrial encephalo-cardio-myopathy,TMEM70
363999,Non-immune hydrops fetalis,ANGPT2
363999,Non-immune hydrops fetalis,THSD1
363999,Non-immune hydrops fetalis,CALCRL
363989,Familial benign flecked retina,PLA2G5
363992,Ichthyosis-short stature-brachydactyly-microspherophakia syndrome,ADAMTS17
363992,Ichthyosis-short stature-brachydactyly-microspherophakia syndrome,CERS3
363981,Charcot-Marie-Tooth disease type 4B3,SBF1
363969,Autosomal recessive cerebral atrophy,TMPRSS4
363972,Noonan syndrome-like disorder with juvenile myelomonocytic leukemia,CBL
363965,Koolen-De Vries syndrome due to a point mutation,KANSL1
363958,17q21.31 microdeletion syndrome,KANSL1
363727,X-linked dyserythropoietic anemia with abnormal platelets and neutropenia,GATA1
363722,Alexander disease type II,GFAP
363717,Alexander disease type I,GFAP
363710,Spinocerebellar ataxia type 37,DAB1
363710,Spinocerebellar ataxia type 37,SCA37
363700,Neurofibromatosis type 1 due to NF1 mutation or intragenic deletion,NF1
363694,Hyperuricemia-pulmonary hypertension-renal failure-alkalosis syndrome,SARS2
363686,Severe intellectual disability-poor language-strabismus-grimacing face-long fingers syndrome,GATAD2B
363677,Childhood-onset autosomal recessive myopathy with external ophthalmoplegia,MYH2
363417,Temtamy preaxial brachydactyly syndrome,CHSY1
363409,Fetal akinesia-cerebral and retinal hemorrhage syndrome,DNM2
363412,Hypomyelination with brain stem and spinal cord involvement and leg spasticity,DARS1
363432,Autosomal recessive congenital cerebellar ataxia due to GRID2 deficiency,GRID2
363424,Multiple mitochondrial dysfunctions syndrome type 3,IBA57
363396,High myopia-sensorineural deafness syndrome,SLITRK6
363400,Progressive encephalopathy-severe neurodegeneration-lipodystrophy syndrome,BSCL2
363618,LMNA-related cardiocutaneous progeria syndrome,LMNA
363623,GMPPB-related limb-girdle muscular dystrophy R19,GMPPB
363649,Mandibular hypoplasia-deafness-progeroid features-lipodystrophy syndrome,POLD1
363654,X-linked parkinsonism-spasticity syndrome,ATP6AP2
363665,Acroosteolysis-keloid-like lesions-premature aging syndrome,PDGFRB
363540,Leukoencephalopathy with mild cerebellar ataxia and white matter edema,CLCN2
363549,Acute encephalopathy with biphasic seizures and late reduced diffusion,ADORA2A
363611,CTCF-related neurodevelopmental disorder,CTCF
363494,Non-seminomatous germ cell tumor of testis,KITLG
363494,Non-seminomatous germ cell tumor of testis,SPRY4
363523,Hypohidrosis-enamel hypoplasia-palmoplantar keratoderma-intellectual disability syndrome,COG6
363534,"Mitochondrial DNA depletion syndrome, hepatocerebrorenal form",TWNK
363528,Intellectual disability-strabismus syndrome,ADAT3
363444,THOC6-related developmental delay-microcephaly-facial dysmorphism syndrome,THOC6
363454,BICD2-related autosomal dominant childhood-onset proximal spinal muscular atrophy,BICD2
357329,Combined immunodeficiency due to IL21R deficiency,IL21R
357237,Combined immunodeficiency due to CARD11 deficiency,CARD11
356978,"D,L-2-hydroxyglutaric aciduria",SLC25A1
356961,SLC35A2-CDG,SLC35A2
357008,Hemolytic uremic syndrome with DGKE deficiency,DGKE
356996,ANK3-related intellectual disability-sleep disturbance syndrome,ANK3
357043,Amyotrophic lateral sclerosis type 4,SETX
357034,Non-hereditary retinoblastoma,RB1
357034,Non-hereditary retinoblastoma,MYCN
357027,Hereditary retinoblastoma,RB1
357027,Hereditary retinoblastoma,MYCN
357074,"Autosomal recessive cutis laxa type 2, classic type",ATP6V1E1
357074,"Autosomal recessive cutis laxa type 2, classic type",ATP6V1A
357074,"Autosomal recessive cutis laxa type 2, classic type",ATP6V0A2
357064,Autosomal recessive cutis laxa type 2B,PYCR1
352654,Early-onset progressive neurodegeneration-blindness-ataxia-spasticity syndrome,UCHL1
352662,Corneal intraepithelial dyskeratosis-palmoplantar hyperkeratosis-laryngeal dyskeratosis syndrome,NLRP1
352641,Autosomal recessive cerebellar ataxia with late-onset spasticity,GBA2
352649,Brain dopamine-serotonin vesicular transport disease,SLC18A2
352596,Progressive myoclonic epilepsy with dystonia,TBC1D24
352577,Bainbridge-Ropers syndrome,ASXL3
352587,Focal epilepsy-intellectual disability-cerebro-cerebellar malformation,TBC1D24
352582,Familial infantile myoclonic epilepsy,CPLX1
352582,Familial infantile myoclonic epilepsy,TBC1D24
352582,Familial infantile myoclonic epilepsy,SCN8A
352734,Minimal pigment oculocutaneous albinism type 1,TYR
352737,Temperature-sensitive oculocutaneous albinism type 1,TYR
352709,CLN13 disease,CTSF
352712,Facial dysmorphism-immunodeficiency-livedo-short stature syndrome,POLE
352718,Progressive retinal dystrophy due to retinol transport defect,RBP4
352723,Attenuated Chédiak-Higashi syndrome,LYST
352665,Neurodevelopmental disorder-craniofacial dysmorphism-cardiac defect-skeletal anomalies syndrome due to 9q21.3 microdeletion,HNRNPK
352670,Autosomal dominant intermediate Charcot-Marie-Tooth disease type F,GNB4
352675,X-linked Charcot-Marie-Tooth disease type 6,PDK3
352682,Cobblestone lissencephaly without muscular or ocular involvement,LAMB1
352682,Cobblestone lissencephaly without muscular or ocular involvement,TMTC3
353277,Rubinstein-Taybi syndrome due to CREBBP mutations,CREBBP
353220,Familial primary localized cutaneous amyloidosis,OSMR
353220,Familial primary localized cutaneous amyloidosis,IL31RA
353217,Epileptic encephalopathy with global cerebral demyelination,SLC25A12
352745,Oculocutaneous albinism type 7,LRMDA
353320,"Pyruvate carboxylase deficiency, benign type",PC
353327,Congenital myasthenic syndrome with glycosylation defect,ALG2
353327,Congenital myasthenic syndrome with glycosylation defect,DPAGT1
353327,Congenital myasthenic syndrome with glycosylation defect,GFPT1
353327,Congenital myasthenic syndrome with glycosylation defect,ALG14
353327,Congenital myasthenic syndrome with glycosylation defect,GMPPB
353308,"Pyruvate carboxylase deficiency, infantile type",PC
353314,"Pyruvate carboxylase deficiency, severe neonatal type",PC
353298,Roifman syndrome,RNU4ATAC
353281,Rubinstein-Taybi syndrome due to 16p13.3 microdeletion,CREBBP
353284,Rubinstein-Taybi syndrome due to EP300 haploinsufficiency,EP300
352403,Spectrin-associated autosomal recessive cerebellar ataxia,SPTBN2
352333,Congenital ichthyosis-intellectual disability-spastic quadriplegia syndrome,ELOVL4
352328,MEGDEL syndrome,SERAC1
352447,Progressive external ophthalmoplegia-myopathy-emaciation syndrome,MGME1
352530,Intellectual disability-obesity-brain malformations-facial dysmorphism syndrome,TRAPPC9
352563,Infantile hypertrophic cardiomyopathy due to MRPL44 deficiency,MRPL44
352479,ISPD-related limb-girdle muscular dystrophy R20,CRPPA
352470,DNA2-related mitochondrial DNA deletion syndrome,DNA2
352490,Autism spectrum disorder due to AUTS2 deficiency,AUTS2
294415,Renal-hepatic-pancreatic dysplasia,NPHP3
294415,Renal-hepatic-pancreatic dysplasia,NEK8
294016,Microcephaly-capillary malformation syndrome,STAMBP
294023,Neonatal erythroderma-autoinflammation-inflammatory bowel disease syndrome,ADAM17
293964,Hypoinsulinemic hypoglycemia and body hemihypertrophy,AKT2
293978,Deficiency in anterior pituitary function-variable immunodeficiency syndrome,NFKB2
293955,Childhood encephalopathy due to thiamine pyrophosphokinase deficiency,TPK1
293948,1p21.3 microdeletion syndrome,DPYD
293936,EDICT syndrome,MIR184
293925,Lethal occipital encephalocele-skeletal dysplasia syndrome,CYP26B1
293910,"Inherited isolated arrhythmogenic cardiomyopathy, dominant-right variant",TTN
293910,"Inherited isolated arrhythmogenic cardiomyopathy, dominant-right variant",PKP2
293910,"Inherited isolated arrhythmogenic cardiomyopathy, dominant-right variant",RYR2
293910,"Inherited isolated arrhythmogenic cardiomyopathy, dominant-right variant",TGFB3
293910,"Inherited isolated arrhythmogenic cardiomyopathy, dominant-right variant",DSC2
293910,"Inherited isolated arrhythmogenic cardiomyopathy, dominant-right variant",DSG2
293910,"Inherited isolated arrhythmogenic cardiomyopathy, dominant-right variant",DSP
293910,"Inherited isolated arrhythmogenic cardiomyopathy, dominant-right variant",JUP
293910,"Inherited isolated arrhythmogenic cardiomyopathy, dominant-right variant",LDB3
293910,"Inherited isolated arrhythmogenic cardiomyopathy, dominant-right variant",LMNA
293910,"Inherited isolated arrhythmogenic cardiomyopathy, dominant-right variant",TMEM43
293910,"Inherited isolated arrhythmogenic cardiomyopathy, dominant-right variant",CTNNA3
293910,"Inherited isolated arrhythmogenic cardiomyopathy, dominant-right variant",PLN
293910,"Inherited isolated arrhythmogenic cardiomyopathy, dominant-right variant",CDH2
293899,"Inherited isolated arrhythmogenic ventricular dysplasia, biventricular variant",TTN
293899,"Inherited isolated arrhythmogenic ventricular dysplasia, biventricular variant",TMEM43
293899,"Inherited isolated arrhythmogenic ventricular dysplasia, biventricular variant",CTNNA3
293899,"Inherited isolated arrhythmogenic ventricular dysplasia, biventricular variant",DSG2
293899,"Inherited isolated arrhythmogenic ventricular dysplasia, biventricular variant",PKP2
293899,"Inherited isolated arrhythmogenic ventricular dysplasia, biventricular variant",RYR2
293899,"Inherited isolated arrhythmogenic ventricular dysplasia, biventricular variant",TGFB3
293899,"Inherited isolated arrhythmogenic ventricular dysplasia, biventricular variant",DSC2
293899,"Inherited isolated arrhythmogenic ventricular dysplasia, biventricular variant",DSP
293899,"Inherited isolated arrhythmogenic ventricular dysplasia, biventricular variant",JUP
293899,"Inherited isolated arrhythmogenic ventricular dysplasia, biventricular variant",LDB3
293899,"Inherited isolated arrhythmogenic ventricular dysplasia, biventricular variant",LMNA
293888,"Inherited isolated arrhythmogenic cardiomyopathy, dominant-left variant",PKP2
293888,"Inherited isolated arrhythmogenic cardiomyopathy, dominant-left variant",DSC2
293888,"Inherited isolated arrhythmogenic cardiomyopathy, dominant-left variant",TTN
293888,"Inherited isolated arrhythmogenic cardiomyopathy, dominant-left variant",TMEM43
293888,"Inherited isolated arrhythmogenic cardiomyopathy, dominant-left variant",RYR2
293888,"Inherited isolated arrhythmogenic cardiomyopathy, dominant-left variant",TGFB3
293888,"Inherited isolated arrhythmogenic cardiomyopathy, dominant-left variant",DSG2
293888,"Inherited isolated arrhythmogenic cardiomyopathy, dominant-left variant",DSP
293888,"Inherited isolated arrhythmogenic cardiomyopathy, dominant-left variant",JUP
293888,"Inherited isolated arrhythmogenic cardiomyopathy, dominant-left variant",LDB3
293888,"Inherited isolated arrhythmogenic cardiomyopathy, dominant-left variant",LMNA
293888,"Inherited isolated arrhythmogenic cardiomyopathy, dominant-left variant",CTNNA3
293864,Hypoplastic pancreas-intestinal atresia-hypoplastic gallbladder syndrome,RFX6
293843,3MC syndrome,COLEC10
293843,3MC syndrome,MASP1
293843,3MC syndrome,COLEC11
293822,MITF-related melanoma and renal cell carcinoma predisposition syndrome,MITF
293825,Congenital dyserythropoietic anemia type IV,KLF1
293707,"Blepharophimosis-intellectual disability syndrome, MKB type",MED12
293633,PYCR1-related De Barsy syndrome,PYCR1
289891,Hypermethioninemia due to glycine N-methyltransferase deficiency,GNMT
289863,Atypical glycine encephalopathy,SLC6A9
289863,Atypical glycine encephalopathy,AMT
289863,Atypical glycine encephalopathy,GCSH
289863,Atypical glycine encephalopathy,GLDC
289916,Vitamin B12-unresponsive methylmalonic acidemia type mut0,MMUT
289857,Neonatal glycine encephalopathy,AMT
289857,Neonatal glycine encephalopathy,GCSH
289857,Neonatal glycine encephalopathy,GLDC
289860,Infantile glycine encephalopathy,SLC6A9
289860,Infantile glycine encephalopathy,AMT
289860,Infantile glycine encephalopathy,GCSH
289860,Infantile glycine encephalopathy,GLDC
289846,Glutathione synthetase deficiency with 5-oxoprolinuria,GSS
289849,Glutathione synthetase deficiency without 5-oxoprolinuria,GSS
289560,Mitochondrial membrane protein-associated neurodegeneration,C19ORF12
289548,Inherited isolated adrenal insufficiency due to partial CYP11A1 deficiency,CYP11A1
289539,BAP1-related tumor predisposition syndrome,BAP1
289601,Hereditary arterial and articular multiple calcification syndrome,NT5E
289586,Exfoliative ichthyosis,SERPINB8
289586,Exfoliative ichthyosis,CSTA
293381,Epithelial recurrent erosion dystrophy,COL17A1
293603,Congenital hereditary endothelial dystrophy type II,SLC4A11
811,Shwachman-Diamond syndrome,SBDS
811,Shwachman-Diamond syndrome,EFL1
811,Shwachman-Diamond syndrome,DNAJC21
293150,Familial clubfoot due to PITX1 point mutation,PITX1
741,Familial mitral valve prolapse,DCHS1
293144,Familial clubfoot due to 5q31 microdeletion,PITX1
293168,Infantile-onset ascending hereditary spastic paralysis,ALS2
293165,Skin fragility-woolly hair-palmoplantar keratoderma syndrome,DSP
428,Autosomal dominant hypocalcemia,CASR
428,Autosomal dominant hypocalcemia,GNA11
293181,Epilepsy of infancy with migrating focal seizures,SCN2A
293181,Epilepsy of infancy with migrating focal seizures,KCNQ2
293181,Epilepsy of infancy with migrating focal seizures,PIGA
293181,Epilepsy of infancy with migrating focal seizures,SCN1A
293181,Epilepsy of infancy with migrating focal seizures,SLC25A22
293181,Epilepsy of infancy with migrating focal seizures,TBC1D24
293181,Epilepsy of infancy with migrating focal seizures,PLCB1
293181,Epilepsy of infancy with migrating focal seizures,KCNT1
293181,Epilepsy of infancy with migrating focal seizures,SLC12A5
293199,Pleomorphic rhabdomyosarcoma,TP53
293199,Pleomorphic rhabdomyosarcoma,NF1
393,"46,XX testicular difference of sex development",SOX9
393,"46,XX testicular difference of sex development",SRY
393,"46,XX testicular difference of sex development",SOX3
393,"46,XX testicular difference of sex development",NR0B1
393,"46,XX testicular difference of sex development",NR5A1
293284,Tetrahydrobiopterin-responsive phenylketonuria,PAH
2394,Pyruvate dehydrogenase E3 deficiency,DLD
2686,Cyclic neutropenia,ELANE
284414,"Glycerol kinase deficiency, adult form",GK
284417,"Phosphoserine aminotransferase deficiency, infantile/juvenile form",PSAT1
284426,Glycogen storage disease due to lactate dehydrogenase M-subunit deficiency,LDHA
284435,Glycogen storage disease due to lactate dehydrogenase H-subunit deficiency,LDHB
284973,Marfan syndrome type 2,TGFBR1
284973,Marfan syndrome type 2,TGFBR2
284963,Marfan syndrome type 1,FBN1
284984,Aneurysm-osteoarthritis syndrome,SMAD3
284979,Neonatal Marfan syndrome,FBN1
289365,Familial vesicoureteral reflux,TNXB
289365,Familial vesicoureteral reflux,ROBO2
289365,Familial vesicoureteral reflux,SOX17
289377,Early-onset myopathy with fatal cardiomyopathy,TTN
289380,Myosclerosis,COL6A2
289290,Hypermethioninemia encephalopathy due to adenosine kinase deficiency,ADK
289266,Early-onset epileptic encephalopathy and intellectual disability due to GRIN2A mutation,GRIN2A
289307,Developmental delay due to methylmalonate semialdehyde dehydrogenase deficiency,ALDH6A1
289504,Combined malonic and methylmalonic acidemia,ACSF3
289499,Congenital cataract microcornea with corneal opacity,PXDN
289499,Congenital cataract microcornea with corneal opacity,ATOH7
289513,12q15q21 microdeletion syndrome,CNOT2
289465,Isolated congenital adermatoglyphia,SMARCAD1
289478,PASH syndrome,NCSTN
289176,Autosomal recessive hypophosphatemic rickets,DMP1
289176,Autosomal recessive hypophosphatemic rickets,ENPP1
289157,Hypocalcemic vitamin D-dependent rickets,CYP27B1
289157,Hypocalcemic vitamin D-dependent rickets,CYP2R1
281090,Syndromic recessive X-linked ichthyosis,STS
281190,Congenital reticular ichthyosiform erythroderma,KRT1
281190,Congenital reticular ichthyosiform erythroderma,KRT10
281201,Keratosis linearis-ichthyosis congenita-sclerosing keratoderma syndrome,POMP
281139,Annular epidermolytic ichthyosis,KRT10
281139,Annular epidermolytic ichthyosis,KRT1
281122,Self-improving collodion baby,ALOX12B
281122,Self-improving collodion baby,ALOXE3
281122,Self-improving collodion baby,TGM1
281127,Acral self-healing collodion baby,TGM1
280628,Familial progressive hyper- and hypopigmentation,KITLG
280633,Multiple congenital anomalies-hypotonia-seizures syndrome,PIGN
280615,Low oxygen affinity gamma chain hemoglobin disease,HBG2
280598,Hereditary sensorimotor neuropathy with hyperelastic skin,FBLN5
280620,Progressive myoclonic epilepsy type 6,GOSR2
280671,Megaconial congenital muscular dystrophy,CHKB
280640,Occipital pachygyria and polymicrogyria,LAMC3
280654,Autosomal recessive nail dysplasia,FZD6
280785,Bullous diffuse cutaneous mastocytosis,KIT
280794,Pseudoxanthomatous diffuse cutaneous mastocytosis,KIT
280679,Moyamoya angiopathy-short stature-facial dysmorphism-hypergonadotropic hypogonadism syndrome,BRCC3
280763,Severe intellectual disability and progressive spastic paraplegia,AP4M1
280763,Severe intellectual disability and progressive spastic paraplegia,AP4E1
280763,Severe intellectual disability and progressive spastic paraplegia,AP4B1
280763,Severe intellectual disability and progressive spastic paraplegia,AP4S1
284149,Craniosynostosis-dental anomalies,IL11RA
284139,"Larsen-like syndrome, B3GAT3 type",B3GAT3
284169,Facial dysmorphism-developmental delay-behavioral abnormalities syndrome due to 10p11.21p12.31 microdeletion,WAC
284247,Familial retinal arterial macroaneurysm,IGFBP7
284232,Autosomal dominant Charcot-Marie-Tooth disease type 2O,DYNC1H1
284271,Autosomal recessive cerebellar ataxia-psychomotor delay syndrome,SYT14
284324,Childhood-onset autosomal recessive slowly progressive spinocerebellar ataxia,TPP1
284282,Autosomal recessive cerebellar ataxia-epilepsy-intellectual disability syndrome due to WWOX deficiency,WWOX
284289,Adult-onset autosomal recessive cerebellar ataxia,ANO10
284343,DICER1 tumor-predisposition syndrome,DICER1
284339,Pontocerebellar hypoplasia type 7,TOE1
284339,Pontocerebellar hypoplasia type 7,MINPP1
284411,"Glycerol kinase deficiency, juvenile form",GK
282166,Inherited Creutzfeldt-Jakob disease,PRNP
309854,Cirrhosis-dystonia-polycythemia-hypermanganesemia syndrome,SLC30A10
309803,Rhizomelic chondrodysplasia punctata type 3,AGPS
309789,Rhizomelic chondrodysplasia punctata type 1,PEX7
309796,Rhizomelic chondrodysplasia punctata type 2,GNPAT
314029,High bone mass osteogenesis imperfecta,COL1A1
314029,High bone mass osteogenesis imperfecta,COL1A2
314029,High bone mass osteogenesis imperfecta,BMP1
314022,Gastric adenocarcinoma and proximal polyposis of the stomach,APC
313892,Developmental and speech delay due to SOX5 deficiency,SOX5
313884,12p12.1 microdeletion syndrome,SOX5
313855,FGFR2-related bent bone dysplasia,FGFR2
313850,Infantile cerebellar-retinal degeneration,ACO2
313846,Familial cutaneous telangiectasia and oropharyngeal cancer predisposition syndrome,ATR
313838,Coats plus syndrome,CTC1
313838,Coats plus syndrome,STN1
313800,Retinal dystrophy-optic nerve edema-splenomegaly-anhidrosis-migraine headache syndrome,ALPK1
313808,Adult-onset leukoencephalopathy with axonal spheroids and pigmented glia,AARS2
313808,Adult-onset leukoencephalopathy with axonal spheroids and pigmented glia,CSF1R
313795,Jawad syndrome,RBBP8
313772,Early-onset spastic ataxia-myoclonic epilepsy-neuropathy syndrome,AFG3L2
314603,Autosomal recessive spastic ataxia with leukoencephalopathy,MARS2
314597,Chudley-McCullough syndrome,GPSM2
314485,Young adult-onset distal hereditary motor neuropathy,DNAJB2
314485,Young adult-onset distal hereditary motor neuropathy,VWA1
314555,Facial dysmorphism-ocular anomalies-osteopenia-intellectual disability-dental anomalies syndrome,IRX5
314394,Short stature-onychodysplasia-facial dysmorphism-hypotrichosis syndrome,POC1A
314399,Autosomal dominant aplasia and myelodysplasia,SRP72
314404,Autosomal dominant cerebellar ataxia-deafness-narcolepsy syndrome,DNMT1
314373,Chronic infantile diarrhea due to guanylate cyclase 2C overactivity,GUCY2C
314376,Intestinal obstruction in the newborn due to guanylate cyclase 2C deficiency,GUCY2C
314381,Hereditary sensory and autonomic neuropathy type 6,DST
314051,Leukoencephalopathy-thalamus and brainstem anomalies-high lactate syndrome,EARS2
306674,Kufor-Rakeb syndrome,ATP13A2
306734,"Primary dystonia, DYT21 type",DYT21
308380,Methylcobalamin deficiency type cblDv1,MMADHC
308386,Sulfite oxidase deficiency due to molybdenum cofactor deficiency type A,MOCS1
308393,Sulfite oxidase deficiency due to molybdenum cofactor deficiency type B,MOCS2
308400,Sulfite oxidase deficiency due to molybdenum cofactor deficiency type C,GPHN
308410,Autism-epilepsy syndrome due to branched chain ketoacid dehydrogenase kinase deficiency,BCKDK
308425,Methylmalonic acidemia due to methylmalonyl-CoA epimerase deficiency,MCEE
308698,"Glycogen storage disease due to glycogen branching enzyme deficiency, childhood neuromuscular form",GBE1
308712,"Glycogen storage disease due to glycogen branching enzyme deficiency, adult neuromuscular form",GBE1
308670,"Glycogen storage disease due to glycogen branching enzyme deficiency, congenital neuromuscular form",GBE1
308684,"Glycogen storage disease due to glycogen branching enzyme deficiency, childhood combined hepatic and myopathic form",GBE1
309015,Familial lipoprotein lipase deficiency,LPL
309020,Familial apolipoprotein C-II deficiency,APOC2
308487,Generalized galactose epimerase deficiency,GALE
178,Chordoma,PALB2
178,Chordoma,BRCA2
178,Chordoma,TBXT
308473,Erythrocyte galactose epimerase deficiency,GALE
2637,Microcephalic osteodysplastic primordial dwarfism type II,PCNT
308442,"Vitamin B12-responsive methylmalonic acidemia, type cblDv2",MMADHC
308655,"Glycogen storage disease due to glycogen branching enzyme deficiency, fatal perinatal neuromuscular form",GBE1
308638,"Glycogen storage disease due to glycogen branching enzyme deficiency, non progressive hepatic form",GBE1
308621,"Glycogen storage disease due to glycogen branching enzyme deficiency, progressive hepatic form",GBE1
308552,"Glycogen storage disease due to acid maltase deficiency, infantile onset",GAA
309271,"Metachromatic leukodystrophy, adult form",PSAP
309271,"Metachromatic leukodystrophy, adult form",ARSA
309282,"Alpha-mannosidosis, infantile form",MAN2B1
309288,"Alpha-mannosidosis, adult form",MAN2B1
309246,"GM2 gangliosidosis, AB variant",GM2A
309252,Atypical Gaucher disease due to saposin C deficiency,PSAP
309256,"Metachromatic leukodystrophy, late infantile form",PSAP
309256,"Metachromatic leukodystrophy, late infantile form",ARSA
309263,"Metachromatic leukodystrophy, juvenile form",PSAP
309263,"Metachromatic leukodystrophy, juvenile form",ARSA
309324,"Free sialic acid storage disease, infantile form",SLC17A5
309331,Intermediate severe Salla disease,SLC17A5
309334,Salla disease,SLC17A5
309297,Mucopolysaccharidosis type 4A,GALNS
309310,Mucopolysaccharidosis type 4B,GLB1
309185,"Tay-Sachs disease, juvenile form",HEXA
309178,"Tay-Sachs disease, infantile form",HEXA
309192,"Tay-Sachs disease, adult form",HEXA
309155,"Sandhoff disease, infantile form",HEXB
309169,"Sandhoff disease, adult form",HEXB
309162,"Sandhoff disease, juvenile form",HEXB
300547,Autosomal recessive infantile hypercalcemia,CYP24A1
300547,Autosomal recessive infantile hypercalcemia,SLC34A1
300570,Cortical dysgenesis with pontocerebellar hypoplasia due to TUBB3 mutation,TUBB3
300573,Polymicrogyria due to TUBB2B mutation,TUBB2B
300496,Multiple congenital anomalies-hypotonia-seizures syndrome type 2,PIGA
300525,Pseudohypoaldosteronism type 2D,KLHL3
300530,Pseudohypoaldosteronism type 2E,CUL3
300536,DDOST-CDG,DDOST
300865,Primary cutaneous anaplastic large cell lymphoma,TYK2
300865,Primary cutaneous anaplastic large cell lymphoma,NPM1
300878,Hairy cell leukemia variant,IGHV4-34
300895,ALK-positive anaplastic large cell lymphoma,ALK
300605,Juvenile amyotrophic lateral sclerosis,ALS2
300605,Juvenile amyotrophic lateral sclerosis,SPG11
300605,Juvenile amyotrophic lateral sclerosis,SIGMAR1
300605,Juvenile amyotrophic lateral sclerosis,FUS
300605,Juvenile amyotrophic lateral sclerosis,SPTLC1
300751,Familial dilated cardiomyopathy with conduction defect due to LMNA mutation,LMNA
306550,FADD-related immunodeficiency,FADD
306542,Frontonasal dysplasia-severe microphthalmia-severe facial clefting syndrome,ALX1
306547,Porencephaly-microcephaly-bilateral congenital cataract syndrome,JAM3
306530,Congenital hereditary facial paralysis-variable hearing loss syndrome,HOXB1
306511,Autosomal recessive spastic paraplegia type 48,AP5Z1
306504,Interstitial lung disease-nephrotic syndrome-epidermolysis bullosa syndrome,ITGA3
306661,Familial hyperphosphatemic tumoral calcinosis/Hyperphosphatemic hyperostosis syndrome,FGF23
306661,Familial hyperphosphatemic tumoral calcinosis/Hyperphosphatemic hyperostosis syndrome,GALNT3
306661,Familial hyperphosphatemic tumoral calcinosis/Hyperphosphatemic hyperostosis syndrome,KL
306658,Familial normophosphatemic tumoral calcinosis,SAMD9
306617,X-linked complicated spastic paraplegia type 1,L1CAM
306577,Hereditary sodium channelopathy-related small fibers neuropathy,SCN9A
306577,Hereditary sodium channelopathy-related small fibers neuropathy,SCN10A
306577,Hereditary sodium channelopathy-related small fibers neuropathy,SCN11A
306558,Primary microcephaly-epilepsy-permanent neonatal diabetes syndrome,IER3IP1
306558,Primary microcephaly-epilepsy-permanent neonatal diabetes syndrome,YIPF5
295195,Synpolydactyly type 1,HOXD13
295191,Zygodactyly type 3,HOXD13
295201,"Congenital vertical talus, unilateral",HOXD10
295203,"Congenital vertical talus, bilateral",HOXD10
295197,Synpolydactyly type 2,FBLN1
295239,"Macrodactyly of fingers, unilateral",PIK3CA
295243,"Macrodactyly of toes, unilateral",PIK3CA
300179,Kyphoscoliotic Ehlers-Danlos syndrome due to FKBP22 deficiency,FKBP14
300319,Charcot-Marie-Tooth disease type 2P,LRSAM1
300324,Persistent polyclonal B-cell lymphocytosis,CARD11
300313,Congenital cataract-hearing loss-severe developmental delay syndrome,SLC33A1
300298,Severe congenital hypochromic anemia with ringed sideroblasts,STEAP3
300284,Connective tissue disorder due to lysyl hydroxylase-3 deficiency,PLOD3
300293,Transient infantile hypertriglyceridemia and hepatosteatosis,GPD1
300293,Transient infantile hypertriglyceridemia and hepatosteatosis,CREB3L3
300382,Progeroid and marfanoid aspect-lipodystrophy syndrome,FBN1
300345,Autosomal systemic lupus erythematosus,C1QA
300345,Autosomal systemic lupus erythematosus,C4A
300345,Autosomal systemic lupus erythematosus,DNASE1L3
300345,Autosomal systemic lupus erythematosus,C1R
300345,Autosomal systemic lupus erythematosus,DNASE1
300359,PLCG2-associated antibody deficiency and immune dysregulation,PLCG2
300333,Nephrotic syndrome-epidermolysis bullosa-sensorineural deafness syndrome,CD151
464724,Fever-associated acute infantile liver failure syndrome,NBAS
464724,Fever-associated acute infantile liver failure syndrome,RINT1
464738,Basel-Vanagaite-Smirin-Yosef syndrome,MED25
464760,Familial cavitary optic disc anomaly,MMP19
464756,Familial gastric type 1 neuroendocrine tumor,ATP4A
465508,Symptomatic form of HFE-related hemochromatosis,HFE
465508,Symptomatic form of HFE-related hemochromatosis,BMP6
464282,Spastic paraplegia-severe developmental delay-epilepsy syndrome,HACE1
464288,Short stature-brachydactyly-obesity-global developmental delay syndrome,PRMT7
464311,Intellectual disability syndrome due to a DYRK1A point mutation,DYRK1A
464366,NEK9-related lethal skeletal dysplasia,NEK9
464336,BENTA disease,CARD11
464443,COG6-CGD,COG6
464440,"Primary dystonia, DYT27 type",COL6A3
464370,Neonatal alloimmune neutropenia,FCGR3B
456328,X-linked myotubular myopathy-abnormal genitalia syndrome,MAMLD1
456328,X-linked myotubular myopathy-abnormal genitalia syndrome,MTM1
456333,Hereditary neuroendocrine tumor of small intestine,IPMK
456312,Infantile multisystem neurologic-endocrine-pancreatic disease,PTRH2
456318,Hereditary sensory neuropathy-deafness-dementia syndrome,DNMT1
454840,NTHL1-related polyposis,NTHL1
454745,Kuru,PRNP
453533,Polyendocrine-polyneuropathy syndrome,DMXL2
453521,Autosomal recessive cerebellar ataxia due to CWF19L1 deficiency,CWF19L1
451612,Familial congenital nasolacrimal duct obstruction,IGSF3
453504,Neurodevelopmental disorder-craniofacial dysmorphism-cardiac defect-skeletal anomalies syndrome due to a point mutation,HNRNPK
453510,Congenital insensitivity to pain with severe intellectual disability,CLTCL1
448264,Isolated focal non-epidermolytic palmoplantar keratoderma,TRPV3
448264,Isolated focal non-epidermolytic palmoplantar keratoderma,KRT16
448251,Progressive autosomal recessive ataxia-deafness syndrome,SLC9A1
448267,Regressive spondylometaphyseal dysplasia,LBR
448010,CAD-CDG,CAD
447997,Spastic tetraplegia-thin corpus callosum-progressive postnatal microcephaly syndrome,SLC1A4
448242,Autosomal recessive brachyolmia,PAPSS2
447977,Progressive scapulohumeroperoneal distal myopathy,ACTA1
447974,Klippel-Feil anomaly-myopathy-facial dysmorphism syndrome,MYO18B
447980,19p13.3 microduplication syndrome,NFIX
447954,Combined oxidative phosphorylation defect type 25,MARS2
447964,Autosomal dominant Charcot-Marie-Tooth disease type 2V,NAGLU
447961,Pigmentation defects-palmoplantar keratoderma-skin carcinoma syndrome,SASH1
459033,Ataxia-oculomotor apraxia type 4,PNKP
459051,"Spondyloepiphyseal dysplasia, Stanescu type",COL2A1
459061,Craniofacial dysplasia-short stature-ectodermal anomalies-intellectual disability syndrome,DPH1
459061,Craniofacial dysplasia-short stature-ectodermal anomalies-intellectual disability syndrome,DPH2
459056,Autosomal recessive spastic paraplegia type 75,MAG
459070,X-linked intellectual disability-cerebellar hypoplasia-spondylo-epiphyseal dysplasia syndrome,RPL10
458798,Spinocerebellar ataxia type 41,TRPC3
458803,Spinocerebellar ataxia type 42,CACNA1G
457485,Macrocephaly-intellectual disability-neurodevelopmental disorder-small thorax syndrome,MTOR
457265,Progressive myoclonic epilepsy type 9,LMNB2
457279,Intellectual disability-macrocephaly-hypotonia-behavioral abnormalities syndrome,PPP2R5D
457260,X-linked intellectual disability-hypotonia-movement disorder syndrome,DDX3X
457240,X-linked intellectual disability-short stature-overweight syndrome,THOC2
457246,Clear cell sarcoma of kidney,BCOR
457246,Clear cell sarcoma of kidney,YWHAE
457246,Clear cell sarcoma of kidney,NUTM2B
457246,Clear cell sarcoma of kidney,NUTM2E
457246,Clear cell sarcoma of kidney,TERT
457246,Clear cell sarcoma of kidney,IRX2
457395,Progressive spondyloepimetaphyseal dysplasia-short stature-short fourth metatarsals-intellectual disability syndrome,RSPRY1
457406,Multiple mitochondrial dysfunctions syndrome type 4,ISCA2
457375,ITPA-related lethal infantile neurological disorder with cataract and cardiac involvement,ITPA
457378,Complex lethal osteochondrodysplasia,TAPT1
457359,Megalencephaly-severe kyphoscoliosis-overgrowth syndrome,HERC1
457284,Microcephaly-corpus callosum hypoplasia-intellectual disability-facial dysmorphism syndrome,PPP2R1A
457351,Microcephaly-intellectual disability-sensorineural hearing loss-epilepsy-abnormal muscle tone syndrome,AFG2A
457185,Neonatal encephalomyopathy-cardiomyopathy-respiratory distress syndrome,COQ4
457088,Predisposition to invasive fungal disease due to CARD9 deficiency,CARD9
457223,Syndromic sensorineural deafness due to combined oxidative phosphorylation defect,MRPS7
457212,Progressive essential tremor-speech impairment-facial dysmorphism-intellectual disability-abnormal behavior syndrome,SLC6A17
457193,KAT6-related intellectual disability-craniofacial anomalies-cardiac defects syndrome,KAT6A
456369,Polyglucosan body myopathy type 2,GYG1
457050,Autosomal dominant mitochondrial myopathy with exercise intolerance,CHCHD10
317,Erythrokeratodermia variabilis,GJA1
317,Erythrokeratodermia variabilis,GJB4
317,Erythrokeratodermia variabilis,GJB3
317,Erythrokeratodermia variabilis,KDSR
629,Short stature due to growth hormone qualitative anomaly,GH1
632,Short stature due to isolated growth hormone deficiency with X-linked hypogammaglobulinemia,BTK
632,Short stature due to isolated growth hormone deficiency with X-linked hypogammaglobulinemia,ELF4
248,Autosomal recessive hypohidrotic ectodermal dysplasia,EDAR
248,Autosomal recessive hypohidrotic ectodermal dysplasia,EDARADD
248,Autosomal recessive hypohidrotic ectodermal dysplasia,WNT10A
248,Autosomal recessive hypohidrotic ectodermal dysplasia,CSTB
1810,Autosomal dominant hypohidrotic ectodermal dysplasia,EDAR
1810,Autosomal dominant hypohidrotic ectodermal dysplasia,EDARADD
1810,Autosomal dominant hypohidrotic ectodermal dysplasia,TRAF6
1810,Autosomal dominant hypohidrotic ectodermal dysplasia,LRP6
1810,Autosomal dominant hypohidrotic ectodermal dysplasia,KDF1
3437,Vogt-Koyanagi-Harada disease,HLA-DRB1
3437,Vogt-Koyanagi-Harada disease,FAS
3437,Vogt-Koyanagi-Harada disease,PTPN22
2032,Idiopathic pulmonary fibrosis,SFTPA1
2032,Idiopathic pulmonary fibrosis,DSP
2032,Idiopathic pulmonary fibrosis,TERT
2032,Idiopathic pulmonary fibrosis,TERC
2032,Idiopathic pulmonary fibrosis,MUC5B
2032,Idiopathic pulmonary fibrosis,SFTPA2
2032,Idiopathic pulmonary fibrosis,RTEL1
2032,Idiopathic pulmonary fibrosis,FAM13A
2032,Idiopathic pulmonary fibrosis,STN1
2032,Idiopathic pulmonary fibrosis,ATP11A
2032,Idiopathic pulmonary fibrosis,DPP9
2032,Idiopathic pulmonary fibrosis,PARN
2032,Idiopathic pulmonary fibrosis,SFTPC
2032,Idiopathic pulmonary fibrosis,ABCA3
198,Occipital horn syndrome,ATP7A
891,Familial exudative vitreoretinopathy,CTNNB1
891,Familial exudative vitreoretinopathy,FZD4
891,Familial exudative vitreoretinopathy,LRP5
891,Familial exudative vitreoretinopathy,NDP
891,Familial exudative vitreoretinopathy,TSPAN12
891,Familial exudative vitreoretinopathy,ZNF408
466688,Severe intellectual disability-corpus callosum agenesis-facial dysmorphism-cerebellar ataxia syndrome,FRMD4A
466650,Exercise-induced malignant hyperthermia,RYR1
466962,SMARCA4-deficient sarcoma of thorax,SMARCA4
466950,Facial dysmorphism-developmental delay-behavioral abnormalities syndrome due to WAC point mutation,WAC
466926,Seizures-scoliosis-macrocephaly syndrome,EXT2
466934,VPS11-related autosomal recessive hypomyelinating leukodystrophy,VPS11
466921,Childhood-onset progressive contractures-limb-girdle weakness-muscle dystrophy syndrome,TTN
466806,Autosomal dominant thrombocytopenia with platelet secretion defect,SLFN14
466794,Acute infantile liver failure-cerebellar ataxia-peripheral sensory motor neuropathy syndrome,SCYL1
466791,Macrocephaly-intellectual disability-left ventricular non compaction syndrome,NONO
466784,Neonatal severe cardiopulmonary failure due to mitochondrial methylation defect,SLC25A26
466775,Autosomal recessive Charcot-Marie-Tooth disease type 2X,SPG11
466768,Autosomal dominant Charcot-Marie-Tooth disease type 2Z,MORC2
466729,Familial patent arterial duct,TFAP2B
466729,Familial patent arterial duct,PRDM6
466722,Autosomal recessive spastic paraplegia type 77,FARS2
466718,Martinique crinkled retinal pigment epitheliopathy,MAPKAPK3
466703,TMEM199-CDG,VMA12
465824,Fetal encasement syndrome,CHUK
466026,Class I glucose-6-phosphate dehydrogenase deficiency,G6PD
468620,Intellectual disability-epilepsy-extrapyramidal syndrome,DEAF1
468631,Microcephalic cortical malformations-short stature due to RTTN deficiency,RTTN
467166,Tubulinopathy-associated dysgyria,TUBA1A
467166,Tubulinopathy-associated dysgyria,TUBB2B
467166,Tubulinopathy-associated dysgyria,TUBB3
467176,Severe hypotonia-psychomotor developmental delay-strabismus-cardiac septal defect syndrome,CCDC174
468635,Cryptogenic multifocal ulcerous stenosing enteritis,PLA2G4A
468641,Chronic enteropathy associated with SLCO2A1 gene,SLCO2A1
468661,Autosomal recessive spastic paraplegia type 74,IBA57
468666,Isolated generalized anhidrosis with normal sweat glands,ITPR2
468678,White-Sutton syndrome,POGZ
468684,CCDC115-CDG,VMA22
468672,Colobomatous macrophthalmia-microcornea syndrome,CRIM1
468726,Severe primary trimethylaminuria,FMO3
468699,SLC39A8-CDG,SLC39A8
468717,Rhizomelic chondrodysplasia punctata type 5,PEX5
401785,Autosomal recessive spastic paraplegia type 62,ERLIN1
401780,Autosomal recessive spastic paraplegia type 61,ARL6IP1
401800,Autosomal recessive spastic paraplegia type 60,WDR48
401795,Autosomal recessive spastic paraplegia type 59,USP8
401768,Proximal myopathy with extrapyramidal signs,MICU1
401764,Pancytopenia-developmental delay syndrome,ERCC6L2
401777,Optic atrophy-intellectual disability syndrome,NR2F1
401830,Autosomal recessive spastic paraplegia type 69,RAB3GAP2
401835,Autosomal recessive spastic paraplegia type 70,MARS1
401840,Autosomal recessive spastic paraplegia type 71,ZFR
401805,Autosomal recessive spastic paraplegia type 63,AMPD2
401810,Autosomal recessive spastic paraplegia type 64,ENTPD1
401815,Autosomal recessive spastic paraplegia type 66,ARSI
401820,Autosomal recessive spastic paraplegia type 67,PGAP1
401866,Childhood-onset spasticity with hyperglycinemia,GLRX5
401869,Multiple mitochondrial dysfunctions syndrome type 1,NFU1
401874,Multiple mitochondrial dysfunctions syndrome type 2,BOLA3
401849,Autosomal spastic paraplegia type 72,REEP2
401859,Lipoic acid synthetase deficiency,LIAS
401862,Lipoyl transferase 1 deficiency,LIPT1
401920,Fibrolamellar hepatocellular carcinoma,DNAJB1
401920,Fibrolamellar hepatocellular carcinoma,PRKACA
401911,AXIN2-related polyposis,AXIN2
401901,Huntington disease-like syndrome due to C9ORF72 expansions,C9ORF72
401959,Partial corpus callosum agenesis-cerebellar vermis hypoplasia with posterior fossa cysts syndrome,KPNA7
401948,Hyperammonemic encephalopathy due to carbonic anhydrase VA deficiency,CA5A
401945,Moyamoya disease with early-onset achalasia,GUCY1A1
401986,1p31p32 microdeletion syndrome,NFIA
401979,"Autosomal recessive spondylometaphyseal dysplasia, Mégarbané type",PAM16
401973,MEND syndrome,EBP
401964,Autosomal dominant Charcot-Marie-Tooth disease type 2 with giant axons,DCAF8
402003,Autosomal dominant focal non-epidermolytic palmoplantar keratoderma with plantar blistering,KRT6C
401996,Karyomegalic interstitial nephritis,FAN1
402017,Acute myeloid leukemia with t(9;11)(p22;q23),KMT2A
402017,Acute myeloid leukemia with t(9;11)(p22;q23),MLLT3
402020,Acute myeloid leukemia with inv(3)(q21q26.2) or t(3;3)(q21;q26.2),MECOM
402020,Acute myeloid leukemia with inv(3)(q21q26.2) or t(3;3)(q21;q26.2),RPN1
402014,Acute myeloid leukemia with t(6;9)(p23;q34),NUP214
402014,Acute myeloid leukemia with t(6;9)(p23;q34),DEK
402023,Megakaryoblastic acute myeloid leukemia with t(1;22)(p13;q13),RBM15
402023,Megakaryoblastic acute myeloid leukemia with t(1;22)(p13;q13),MRTFA
402026,Acute myeloid leukemia with NPM1 somatic mutations,NPM1
402082,Progressive myoclonic epilepsy type 5,PRICKLE2
402082,Progressive myoclonic epilepsy type 5,POLG
402364,Infantile cerebral and cerebellar atrophy with postnatal progressive microcephaly,MED17
402041,Autosomal recessive distal renal tubular acidosis,FOXI1
402041,Autosomal recessive distal renal tubular acidosis,ATP6V0A4
402041,Autosomal recessive distal renal tubular acidosis,ATP6V1B1
402041,Autosomal recessive distal renal tubular acidosis,WDR72
402075,Familial bicuspid aortic valve,NKX2-5
402075,Familial bicuspid aortic valve,GATA5
402075,Familial bicuspid aortic valve,ROBO4
402075,Familial bicuspid aortic valve,NOTCH1
402075,Familial bicuspid aortic valve,SMAD6
806,Scott syndrome,ANO6
404473,Intellectual disability-eye abnormalities-microcephaly-peripheral spasticity syndrome,CTNNB1
404463,Multisystemic smooth muscle dysfunction syndrome,ACTA2
404466,Female infertility due to zona pellucida defect,ZP2
404466,Female infertility due to zona pellucida defect,ZP3
404466,Female infertility due to zona pellucida defect,ZP1
404451,FBLN1-related developmental delay-central nervous system anomaly-syndactyly syndrome,FBLN1
404454,Alacrimia-choreoathetosis-liver dysfunction syndrome,NGLY1
404443,Tatton-Brown-Rahman syndrome,DNMT3A
404448,Helsmoortel-Van der Aa syndrome,ADNP
404437,Diffuse cerebral and cerebellar atrophy-intractable seizures-progressive microcephaly syndrome,QARS1
404560,Familial atypical multiple mole melanoma syndrome,CDKN2A
404553,Deficiency of adenosine deaminase 2,ADA2
404546,DITRA,IL36RN
404521,Spinal muscular atrophy with respiratory distress type 2,LAS1L
404511,Clear cell papillary renal cell carcinoma,HNF1A
404511,Clear cell papillary renal cell carcinoma,TMEM127
404511,Clear cell papillary renal cell carcinoma,MITF
404511,Clear cell papillary renal cell carcinoma,PBRM1
404507,Chondromyxoid fibroma,GRM1
404499,Autosomal recessive cerebellar ataxia-epilepsy-intellectual disability syndrome due to RUBCN deficiency,RUBCN
404493,Autosomal recessive cerebellar ataxia-epilepsy-intellectual disability syndrome due to TUD deficiency,TDP2
404476,Global developmental delay-lung cysts-overgrowth-Wilms tumor syndrome,DICER1
411536,Mild phosphoribosylpyrophosphate synthetase superactivity,PRPS1
411543,Severe phosphoribosylpyrophosphate synthetase superactivity,PRPS1
411590,Wolfram-like syndrome,WFS1
411602,Hereditary late-onset Parkinson disease,SNCA
411602,Hereditary late-onset Parkinson disease,GBA1
411602,Hereditary late-onset Parkinson disease,LRRK2
411602,Hereditary late-onset Parkinson disease,EIF4G1
411602,Hereditary late-onset Parkinson disease,VPS35
411602,Hereditary late-onset Parkinson disease,DNAJC13
411602,Hereditary late-onset Parkinson disease,GIGYF2
411629,Infantile nephropathic cystinosis,CTNS
411493,Pontocerebellar hypoplasia type 10,CLP1
411511,Angelman syndrome due to a point mutation,UBE3A
411515,Angelman syndrome due to imprinting defect in 15q11-q13,SNRPN
411515,Angelman syndrome due to imprinting defect in 15q11-q13,UBE3A
411515,Angelman syndrome due to imprinting defect in 15q11-q13,ATP10A
411712,Maternal riboflavin deficiency,SLC52A1
411788,Familial isolated trichomegaly,FGF5
411986,Early-onset epileptic encephalopathy-cortical blindness-intellectual disability-facial dysmorphism syndrome,DOCK7
412022,Facial dysmorphism-lens dislocation-anterior segment abnormalities-spontaneous filtering blebs syndrome,ASPH
411641,Ocular cystinosis,CTNS
411634,Juvenile nephropathic cystinosis,CTNS
371428,Multicentric osteolysis-nodulosis-arthropathy spectrum,MMP2
371428,Multicentric osteolysis-nodulosis-arthropathy spectrum,MMP14
391677,Short stature-optic atrophy-Pelger-Huët anomaly syndrome,NBAS
391474,Frontorhiny,ALX3
391490,Adult-onset myasthenia gravis,TNFRSF11A
391490,Adult-onset myasthenia gravis,CTLA4
391490,Adult-onset myasthenia gravis,HLA-DQA1
391487,STAT1-related autoimmune enteropathy and endocrinopathy-susceptibility to chronic infections syndrome,STAT1
391646,Feingold syndrome type 2,MIR17HG
391641,Feingold syndrome type 1,MYCN
391665,Homozygous familial hypercholesterolemia,ABCG5
391665,Homozygous familial hypercholesterolemia,ABCG8
391665,Homozygous familial hypercholesterolemia,APOB
391665,Homozygous familial hypercholesterolemia,LDLRAP1
391665,Homozygous familial hypercholesterolemia,PCSK9
391665,Homozygous familial hypercholesterolemia,LDLR
391343,Fatal post-viral neurodegenerative disorder,PRF1
391348,Growth and developmental delay-hypotonia-vision impairment-lactic acidosis syndrome,SFXN4
391351,SURF1-related Charcot-Marie-Tooth disease type 4,SURF1
391366,Growth retardation-mild developmental delay-chronic hepatitis syndrome,SH2B3
391372,FOXP1 Syndrome,FOXP1
391376,Congenital microcephaly-severe encephalopathy-progressive cerebral atrophy syndrome,ASNS
391389,Familial episodic pain syndrome with predominantly upper body involvement,TRPA1
391392,Familial episodic pain syndrome with predominantly lower limb involvement,SCN11A
391397,Hereditary sensory and autonomic neuropathy type 7,SCN11A
391408,Primary microcephaly-mild intellectual disability-young-onset diabetes syndrome,PPP1R15B
391408,Primary microcephaly-mild intellectual disability-young-onset diabetes syndrome,TRMT10A
391411,Atypical juvenile parkinsonism,PODXL
391411,Atypical juvenile parkinsonism,DNAJC6
391411,Atypical juvenile parkinsonism,SYNJ1
391428,"HSD10 disease, infantile type",HSD17B10
391457,"HSD10 disease, neonatal type",HSD17B10
391307,Severe intellectual disability-short stature-behavioral abnormalities-facial dysmorphism syndrome,TTI2
391316,Infantile-onset mesial temporal lobe epilepsy with severe cognitive regression,TNK2
391311,Susceptibility to viral and mycobacterial infections due to STAT1 deficiency,STAT1
391320,East Texas bleeding disorder,F5
391330,X-linked osteoporosis with fractures,PLS3
397968,Charcot-Marie-Tooth disease type 2R,TRIM2
397964,Combined immunodeficiency due to MALT1 deficiency,MALT1
397959,TCR-alpha-beta-positive T-cell deficiency,TRAC
397951,Microcephaly-thin corpus callosum-intellectual disability syndrome,TAF2
397946,Autosomal spastic paraplegia type 58,KIF1C
397941,MAN1B1-CDG,MAN1B1
397937,Polyglucosan body myopathy type 1,RBCK1
397933,Severe intellectual disability-progressive postnatal microcephaly-midline stereotypic hand movements syndrome,IQSEC2
397927,Sacral agenesis-abnormal ossification of the vertebral bodies-persistent notochordal canal syndrome,TBXT
397922,Ferro-cerebro-cutaneous syndrome,PIGA
397787,Combined immunodeficiency due to IKBKB deficiency,IKBKB
397755,Periodic paralysis with transient compartment-like syndrome,CACNA1S
397758,Retinal dystrophy with inner retinal dysfunction and ganglion cell anomalies,ITM2B
397744,MYH14-related peripheral neuropathy-myopathy-hoarseness-hearing loss syndrome,MYH14
397750,Periodic paralysis with later-onset distal motor neuropathy,MT-ATP6
397750,Periodic paralysis with later-onset distal motor neuropathy,MT-ATP8
397725,COASY protein-associated neurodegeneration,COASY
397735,Autosomal dominant Charcot-Marie-Tooth disease type 2U,MARS1
397709,Intellectual disability-coarse face-macrocephaly-cerebellar hypotrophy syndrome,SNX14
397715,Joubert syndrome with Jeune asphyxiating thoracic dystrophy,CSPP1
397715,Joubert syndrome with Jeune asphyxiating thoracic dystrophy,KIAA0586
397692,Hereditary isolated aplastic anemia,THPO
397692,Hereditary isolated aplastic anemia,MPL
397692,Hereditary isolated aplastic anemia,ACD
397623,Short stature-auditory canal atresia-mandibular hypoplasia-skeletal anomalies syndrome,GSC
397685,Familial hyperprolactinemia,PRLR
397615,Obesity due to CEP19 deficiency,CEP19
397618,Foveal hypoplasia-optic nerve decussation defect-anterior segment dysgenesis syndrome,SLC38A8
397593,Severe neonatal lactic acidosis due to NFS1-ISD11 complex deficiency,LYRM4
397593,Severe neonatal lactic acidosis due to NFS1-ISD11 complex deficiency,NFS1
397612,Macrocephaly-developmental delay syndrome,KPTN
397606,PrP systemic amyloidosis,PRNP
397590,Silver-Russell syndrome due to a point mutation,IGF2
397590,Silver-Russell syndrome due to a point mutation,CDKN1C
397590,Silver-Russell syndrome due to a point mutation,HMGA2
397590,Silver-Russell syndrome due to a point mutation,PLAG1
394532,"Multiple acyl-CoA dehydrogenase deficiency, mild type",SLC25A32
394532,"Multiple acyl-CoA dehydrogenase deficiency, mild type",FLAD1
394532,"Multiple acyl-CoA dehydrogenase deficiency, mild type",ETFA
394532,"Multiple acyl-CoA dehydrogenase deficiency, mild type",ETFB
394532,"Multiple acyl-CoA dehydrogenase deficiency, mild type",ETFDH
394529,"Multiple acyl-CoA dehydrogenase deficiency, severe neonatal type",ETFA
394529,"Multiple acyl-CoA dehydrogenase deficiency, severe neonatal type",ETFB
394529,"Multiple acyl-CoA dehydrogenase deficiency, severe neonatal type",ETFDH
394529,"Multiple acyl-CoA dehydrogenase deficiency, severe neonatal type",FLAD1
399805,Male infertility with azoospermia or oligozoospermia due to single gene mutation,SPAG17
399805,Male infertility with azoospermia or oligozoospermia due to single gene mutation,TEX14
399805,Male infertility with azoospermia or oligozoospermia due to single gene mutation,TDRD9
399805,Male infertility with azoospermia or oligozoospermia due to single gene mutation,NANOS1
399805,Male infertility with azoospermia or oligozoospermia due to single gene mutation,FANCM
399805,Male infertility with azoospermia or oligozoospermia due to single gene mutation,TEX15
399805,Male infertility with azoospermia or oligozoospermia due to single gene mutation,CT55
399805,Male infertility with azoospermia or oligozoospermia due to single gene mutation,RPL10L
399805,Male infertility with azoospermia or oligozoospermia due to single gene mutation,GCNA
399805,Male infertility with azoospermia or oligozoospermia due to single gene mutation,CATIP
399805,Male infertility with azoospermia or oligozoospermia due to single gene mutation,RNF212
399805,Male infertility with azoospermia or oligozoospermia due to single gene mutation,TERB1
399805,Male infertility with azoospermia or oligozoospermia due to single gene mutation,TERB2
399805,Male infertility with azoospermia or oligozoospermia due to single gene mutation,MOV10L1
399805,Male infertility with azoospermia or oligozoospermia due to single gene mutation,FBXO43
399805,Male infertility with azoospermia or oligozoospermia due to single gene mutation,SHOC1
399805,Male infertility with azoospermia or oligozoospermia due to single gene mutation,PNLDC1
399805,Male infertility with azoospermia or oligozoospermia due to single gene mutation,DNAH10
399805,Male infertility with azoospermia or oligozoospermia due to single gene mutation,STAG3
399805,Male infertility with azoospermia or oligozoospermia due to single gene mutation,CFTR
399805,Male infertility with azoospermia or oligozoospermia due to single gene mutation,NR5A1
399805,Male infertility with azoospermia or oligozoospermia due to single gene mutation,TAF4B
399805,Male infertility with azoospermia or oligozoospermia due to single gene mutation,ZMYND15
399805,Male infertility with azoospermia or oligozoospermia due to single gene mutation,TEX11
399805,Male infertility with azoospermia or oligozoospermia due to single gene mutation,SYCP3
399805,Male infertility with azoospermia or oligozoospermia due to single gene mutation,SOHLH1
399805,Male infertility with azoospermia or oligozoospermia due to single gene mutation,XRCC2
399805,Male infertility with azoospermia or oligozoospermia due to single gene mutation,SYCE1
399805,Male infertility with azoospermia or oligozoospermia due to single gene mutation,MEIOB
399805,Male infertility with azoospermia or oligozoospermia due to single gene mutation,C14ORF39
399805,Male infertility with azoospermia or oligozoospermia due to single gene mutation,KLHL10
399805,Male infertility with azoospermia or oligozoospermia due to single gene mutation,CCDC34
399805,Male infertility with azoospermia or oligozoospermia due to single gene mutation,PDHA2
399805,Male infertility with azoospermia or oligozoospermia due to single gene mutation,DNHD1
399805,Male infertility with azoospermia or oligozoospermia due to single gene mutation,ZSWIM7
399805,Male infertility with azoospermia or oligozoospermia due to single gene mutation,SPINK2
399805,Male infertility with azoospermia or oligozoospermia due to single gene mutation,MSH5
399058,Alpha-B crystallin-related late-onset myopathy,CRYAB
398987,Malignant teratoma of ovary,BMP15
399086,HNRNPA1-related adult-onset distal myopathy,HNRNPA1
399081,KLHL9-related early-onset distal myopathy,KLHL9
399103,Autosomal recessive distal nebulin myopathy,NEB
399096,Distal anoctaminopathy,ANO5
398189,Focal facial dermal dysplasia type IV,CYP26C1
398069,Schaaf-Yang syndrome,MAGEL2
398079,SIM1-related Prader-Willi-like syndrome,SIM1
398088,Hereditary cryohydrocytosis with normal stomatin,SLC4A1
435628,Keppen-Lubinsky syndrome,KCNJ6
435660,LIPE-related familial partial lipodystrophy,LIPE
435651,CIDEC-related familial partial lipodystrophy,CIDEC
435638,3p25.3 microdeletion syndrome,SETD5
435638,3p25.3 microdeletion syndrome,BRPF1
435804,Short stature-advanced bone age-early-onset osteoarthritis syndrome,ACAN
435845,Lethal neonatal spasticity-epileptic encephalopathy syndrome,BRAT1
435930,Colobomatous optic disc-macular atrophy-chorioretinopathy syndrome,SIX6
435819,Autosomal dominant Charcot-Marie-Tooth disease type 2 due to TFG mutation,TFG
435953,Progeroid features-hepatocellular carcinoma predisposition syndrome,SPRTN
435988,Chronic atrial and intestinal dysrhythmia syndrome,SGO1
435934,COG2-CDG,COG2
435938,X-linked microcephaly-growth retardation-prognathism-cryptorchidism syndrome,RPL10
436141,HIDEA syndrome,P4HTM
436144,Intrauterine growth restriction-short stature-early adult-onset diabetes syndrome,CDKN1C
435998,Autosomal recessive intermediate Charcot-Marie-Tooth disease type D,COX6A1
436159,Autoimmune lymphoproliferative syndrome due to CTLA4 haploinsuffiency,CTLA4
436151,Intellectual disability-expressive aphasia-facial dysmorphism syndrome,SETBP1
436169,Thrombomodulin-related bleeding disorder,THBD
436166,Periodic fever-infantile enterocolitis-autoinflammatory syndrome,NLRC4
436182,Microcephalic primordial dwarfism-insulin resistance syndrome,NSMCE2
436182,Microcephalic primordial dwarfism-insulin resistance syndrome,XRCC4
436174,Cataract-growth hormone deficiency-sensory neuropathy-sensorineural hearing loss-skeletal dysplasia syndrome,IARS2
436245,Retinitis pigmentosa-juvenile cataract-short stature-intellectual disability syndrome,RDH11
436242,Hereditary atrial tachyarrhythmia-infra-Hisian cardiac conduction disease,TNNI3K
436271,Non-progressive predominantly posterior cavitating leukoencephalopathy with peripheral neuropathy,COA8
436252,Combined immunodeficiency-multiple intestinal atresia,TTC7A
436252,Combined immunodeficiency-multiple intestinal atresia,PI4KA
436274,Pseudoxanthoma elasticum-like skin manifestations with retinitis pigmentosa,GGCX
437552,Autosomal recessive primary immunodeficiency with defective spontaneous natural killer cell cytotoxicity,FCGR3A
438178,Fatty acyl-CoA reductase 1 deficiency,FAR1
438159,STAT3-related early-onset multisystem autoimmune disease,STAT3
438134,PCNA-related progressive neurodegenerative photosensitivity syndrome,PCNA
438117,Steel syndrome,COL27A1
438114,RARS-related autosomal recessive hypomyelinating leukodystrophy,RARS1
438075,Ketoacidosis due to monocarboxylate transporter-1 deficiency,SLC16A1
438274,GCGR-related hyperglucagonemia,GCGR
438216,PURA-related severe neonatal hypotonia-seizures-encephalopathy syndrome due to a point mutation,PURA
438207,Severe autosomal recessive macrothrombocytopenia,PRKACG
438207,Severe autosomal recessive macrothrombocytopenia,GNE
439212,Early-onset myopathy-areflexia-respiratory distress-dysphagia syndrome,MEGF10
439218,KCNQ2-related developmental and epileptic encephalopathy,KCNQ2
439822,PDE4D haploinsufficiency syndrome,PDE4D
439854,Fatal congenital hypertrophic cardiomyopathy due to glycogen storage disease,PRKAG2
439897,Lethal fetal cerebrorenogenitourinary agenesis/hypoplasia syndrome,KIF14
440402,Interstitial lung disease due to ABCA3 deficiency,ABCA3
440354,Autosomal dominant myopia-midfacial retrusion-sensorineural hearing loss-rhizomelic dysplasia syndrome,COL11A1
440392,Interstitial lung disease due to SP-C deficiency,SFTPC
440713,Isolated sedoheptulokinase deficiency,SHPK
440731,L-ferritin deficiency,FTL
440731,L-ferritin deficiency,FTL
440427,Severe early-onset pulmonary alveolar proteinosis due to MARS deficiency,MARS1
440437,Familial colorectal cancer Type X,BMPR1A
440437,Familial colorectal cancer Type X,NPAT
440437,Familial colorectal cancer Type X,MUTYH
440437,Familial colorectal cancer Type X,SEMA4A
440437,Familial colorectal cancer Type X,RPS20
440437,Familial colorectal cancer Type X,POLE
440437,Familial colorectal cancer Type X,POLD1
440437,Familial colorectal cancer Type X,BRCA2
440437,Familial colorectal cancer Type X,ATM
440437,Familial colorectal cancer Type X,CHEK2
440706,Ribose-5-P isomerase deficiency,RPIA
441447,Early-onset posterior subcapsular cataract,LEMD2
441447,Early-onset posterior subcapsular cataract,CRYBB2
441447,Early-onset posterior subcapsular cataract,CHMP4B
441447,Early-onset posterior subcapsular cataract,EPHA2
441447,Early-onset posterior subcapsular cataract,UNC45B
441452,Early-onset lamellar cataract,BFSP2
441452,Early-onset lamellar cataract,CRYAA
441452,Early-onset lamellar cataract,CRYAB
441452,Early-onset lamellar cataract,CRYBA1
441452,Early-onset lamellar cataract,CRYBA4
441452,Early-onset lamellar cataract,CRYGC
441452,Early-onset lamellar cataract,CRYGD
441452,Early-onset lamellar cataract,HSF4
441452,Early-onset lamellar cataract,MIP
441452,Early-onset lamellar cataract,CRYGS
441452,Early-onset lamellar cataract,CRYGB
443057,Sporadic porphyria cutanea tarda,HFE
443062,Familial porphyria cutanea tarda,UROD
443062,Familial porphyria cutanea tarda,HFE
443073,Charcot-Marie-Tooth disease type 2S,IGHMBP2
442835,Non-specific early-onset epileptic encephalopathy,ACTL6B
442835,Non-specific early-onset epileptic encephalopathy,GABRG2
442835,Non-specific early-onset epileptic encephalopathy,GABRA2
442835,Non-specific early-onset epileptic encephalopathy,FZR1
442835,Non-specific early-onset epileptic encephalopathy,GABRA5
442835,Non-specific early-onset epileptic encephalopathy,PACS2
442835,Non-specific early-onset epileptic encephalopathy,YWHAG
442835,Non-specific early-onset epileptic encephalopathy,UBA5
442835,Non-specific early-onset epileptic encephalopathy,GRIN2D
442835,Non-specific early-onset epileptic encephalopathy,DALRD3
442835,Non-specific early-onset epileptic encephalopathy,TRAK1
442835,Non-specific early-onset epileptic encephalopathy,SLC1A2
442835,Non-specific early-onset epileptic encephalopathy,AP3B2
442835,Non-specific early-onset epileptic encephalopathy,ATP6V1A
442835,Non-specific early-onset epileptic encephalopathy,SCN3A
442835,Non-specific early-onset epileptic encephalopathy,GABRB2
442835,Non-specific early-onset epileptic encephalopathy,CLTC
442835,Non-specific early-onset epileptic encephalopathy,DEPDC5
442835,Non-specific early-onset epileptic encephalopathy,NUS1
442835,Non-specific early-onset epileptic encephalopathy,CYFIP2
442835,Non-specific early-onset epileptic encephalopathy,FBXO28
442835,Non-specific early-onset epileptic encephalopathy,NTRK2
442835,Non-specific early-onset epileptic encephalopathy,KCNC2
442835,Non-specific early-onset epileptic encephalopathy,KCNH5
442835,Non-specific early-onset epileptic encephalopathy,SLC38A3
442835,Non-specific early-onset epileptic encephalopathy,FGF12
442835,Non-specific early-onset epileptic encephalopathy,SZT2
442835,Non-specific early-onset epileptic encephalopathy,CELF2
442835,Non-specific early-onset epileptic encephalopathy,DHDDS
442835,Non-specific early-onset epileptic encephalopathy,PPP3CA
442835,Non-specific early-onset epileptic encephalopathy,SYNJ1
442835,Non-specific early-onset epileptic encephalopathy,FOXG1
442835,Non-specific early-onset epileptic encephalopathy,SYNGAP1
442835,Non-specific early-onset epileptic encephalopathy,SCN1A
442835,Non-specific early-onset epileptic encephalopathy,AARS1
442835,Non-specific early-onset epileptic encephalopathy,SCN8A
442835,Non-specific early-onset epileptic encephalopathy,NECAP1
442835,Non-specific early-onset epileptic encephalopathy,HCN1
442835,Non-specific early-onset epileptic encephalopathy,SLC13A5
442835,Non-specific early-onset epileptic encephalopathy,KCNB1
442835,Non-specific early-onset epileptic encephalopathy,DNM1
442835,Non-specific early-onset epileptic encephalopathy,KCNA2
442835,Non-specific early-onset epileptic encephalopathy,KCNA2
442835,Non-specific early-onset epileptic encephalopathy,EEF1A2
442835,Non-specific early-onset epileptic encephalopathy,CNKSR2
442835,Non-specific early-onset epileptic encephalopathy,PARS2
442835,Non-specific early-onset epileptic encephalopathy,UFSP2
442835,Non-specific early-onset epileptic encephalopathy,ATP1A2
442835,Non-specific early-onset epileptic encephalopathy,ATP1A3
442835,Non-specific early-onset epileptic encephalopathy,GABBR2
442835,Non-specific early-onset epileptic encephalopathy,CACNA1B
442835,Non-specific early-onset epileptic encephalopathy,CDK19
442835,Non-specific early-onset epileptic encephalopathy,CACNA1A
442835,Non-specific early-onset epileptic encephalopathy,CACNA2D1
443197,X-linked erythropoietic protoporphyria,ALAS2
298,Mitochondrial neurogastrointestinal encephalomyopathy,POLG
298,Mitochondrial neurogastrointestinal encephalomyopathy,TYMP
298,Mitochondrial neurogastrointestinal encephalomyopathy,RRM2B
298,Mitochondrial neurogastrointestinal encephalomyopathy,LIG3
443236,Postural orthostatic tachycardia syndrome due to NET deficiency,SLC6A2
552,MODY,ABCC8
552,MODY,CEL
552,MODY,GCK
552,MODY,HNF4A
552,MODY,KCNJ11
552,MODY,KLF11
552,MODY,NEUROD1
552,MODY,PDX1
552,MODY,HNF1A
552,MODY,INS
552,MODY,PAX4
552,MODY,BLK
552,MODY,APPL1
443087,"46,XY difference of sex development due to testicular 17,20-desmolase deficiency",AKR1C2
443087,"46,XY difference of sex development due to testicular 17,20-desmolase deficiency",AKR1C4
443167,NUT midline carcinoma,NUTM1
443167,NUT midline carcinoma,BRD4
130,Brugada syndrome,HCN4
130,Brugada syndrome,ABCC9
130,Brugada syndrome,CACNB2
130,Brugada syndrome,CACNA1C
130,Brugada syndrome,CACNA2D1
130,Brugada syndrome,KCNE3
130,Brugada syndrome,GPD1L
130,Brugada syndrome,KCND3
130,Brugada syndrome,SCN3B
130,Brugada syndrome,TRPM4
130,Brugada syndrome,SCN10A
130,Brugada syndrome,SLMAP
130,Brugada syndrome,SCN1B
130,Brugada syndrome,AKAP9
130,Brugada syndrome,KCNE5
130,Brugada syndrome,RANGRF
130,Brugada syndrome,SCN5A
130,Brugada syndrome,SCNN1A
130,Brugada syndrome,SEMA3A
130,Brugada syndrome,SCN2B
130,Brugada syndrome,KCNJ8
130,Brugada syndrome,PKP2
277,Severe combined immunodeficiency due to adenosine deaminase deficiency,ADA
443162,NDE1-related microhydranencephaly,NDE1
443811,PGM3-CDG,PGM3
443950,DNAJB2-related Charcot-Marie-Tooth disease type 2,DNAJB2
443988,Ventriculomegaly-cystic kidney disease,CRB2
444092,Autoimmune interstitial lung disease-arthritis syndrome,COPA
444099,Autosomal dominant spastic paraplegia type 73,CPT1C
444138,Peeling skin-leukonychia-acral punctate keratoses-cheilitis-knuckle pads syndrome,CAST
443995,Mandibulofacial dysostosis with alopecia,EDNRA
444048,"46,XX ovarian dysgenesis-short stature syndrome",MCM9
444013,Combined oxidative phosphorylation defect type 23,GTPBP3
444069,Lethal fetal brain malformation-duodenal atresia-bilateral renal hypoplasia syndrome,CENPF
444077,Cognitive impairment-coarse facies-heart defects-obesity-pulmonary involvement-short stature-skeletal dysplasia syndrome,AFF4
444072,Cerebellar-facial-dental syndrome,BRF1
444463,Autoimmune hemolytic anemia-autoimmune thrombocytopenia-primary immunodeficiency syndrome due to TPP2 deficiency,TPP2
444458,Combined oxidative phosphorylation defect type 24,NARS2
445110,Limb-girdle muscular dystrophy due to POMK deficiency,POMK
445062,Juvenile-onset diabetes mellitus-central and peripheral neurodegeneration syndrome,DNAJC3
445038,3-methylglutaconic aciduria-neonatal cataract-neurologic involvement-congenital neutropenia syndrome,CLPB
445018,Syndromic autoimmune enteropathy due to LRBA deficiency,LRBA
447731,NIK deficiency,MAP3K14
447737,Combined immunodeficiency due to DOCK2 deficiency,DOCK2
447740,Aggressive periodontitis,FPR1
447877,Polymerase proofreading-related polyposis,POLE
447877,Polymerase proofreading-related polyposis,POLD1
447896,Tremor-ataxia-central hypomyelination syndrome,POLR3A
447893,Hypomyelination-cerebellar atrophy-hypoplasia of the corpus callosum syndrome,POLR3A
447784,Mitochondrial pyruvate carrier deficiency,MPC1
447757,Autosomal dominant spastic paraplegia type 9B,ALDH18A1
447753,Autosomal dominant spastic paraplegia type 9A,ALDH18A1
447760,Autosomal recessive spastic paraplegia type 9B,ALDH18A1
412066,PRKAR1B-related neurodegenerative dementia with intermediate filaments,PRKAR1B
412057,Autosomal recessive cerebellar ataxia due to STUB1 deficiency,STUB1
412181,Epidermolysis bullosa simplex due to BP230 deficiency,DST
412069,AHDC1-related intellectual disability-obstructive sleep apnea-mild dysmorphism syndrome,AHDC1
412189,Epidermolysis bullosa simplex due to exophilin 5 deficiency,EXPH5
412206,Primary failure of tooth eruption,PTH1R
420179,Malan overgrowth syndrome,NFIX
420702,Autosomal recessive severe congenital neutropenia due to CSF3R deficiency,CSF3R
420728,Combined oxidative phosphorylation defect type 20,VARS2
420733,Combined oxidative phosphorylation defect type 21,TARS2
420741,RIDDLE syndrome,RNF168
420492,"Adult-onset cervical dystonia, DYT23 type",CIZ1
420485,Cranio-cervical dystonia with laryngeal and upper-limb involvement,ANO3
420429,"Glycogen storage disease due to acid maltase deficiency, late-onset",GAA
420611,Transient myeloproliferative syndrome,GATA1
420584,Postaxial polydactyly-anterior pituitary anomalies-facial dysmorphism syndrome,GLI2
420699,Autosomal recessive severe congenital neutropenia due to CXCR2 deficiency,CXCR2
420686,Woolly hair-palmoplantar keratoderma syndrome,KANK2
420561,Temple-Baraitser syndrome,KCNH1
420573,Severe combined immunodeficiency due to CTPS1 deficiency,CTPS1
420566,Bleeding disorder due to CalDAG-GEFI deficiency,RASGRP2
423461,Mucolipidosis type III alpha/beta,GNPTAB
423470,Mucolipidosis type III gamma,GNPTG
423454,Nail and teeth abnormalities-marginal palmoplantar keratoderma-oral hyperpigmentation syndrome,GRHL2
423384,Severe congenital neutropenia due to JAGN1 deficiency,JAGN1
423296,Spinocerebellar ataxia type 38,ELOVL5
423306,Microcephaly-short stature-intellectual disability-facial dysmorphism syndrome,QARS1
423479,X-linked intellectual disability-limb spasticity-retinal dystrophy-arginine vasopressin deficiency,PRPS1
422526,Hereditary clear cell renal cell carcinoma,OGG1
422526,Hereditary clear cell renal cell carcinoma,SLC49A4
422526,Hereditary clear cell renal cell carcinoma,FLCN
422526,Hereditary clear cell renal cell carcinoma,RNF139
422526,Hereditary clear cell renal cell carcinoma,FHIT
422526,Hereditary clear cell renal cell carcinoma,HSPBAP1
422526,Hereditary clear cell renal cell carcinoma,DIRC3
423275,Spinocerebellar ataxia type 40,CCDC88C
424107,Congenital myopathy with myasthenic-like onset,RYR1
424099,Colobomatous microphthalmia-rhizomelic dysplasia syndrome,MAB21L2
424261,TOR1AIP1-related limb-girdle muscular dystrophy,TOR1AIP1
424027,Progressive myoclonic epilepsy type 8,CERS1
423894,Microcephaly-complex motor and sensory axonal neuropathy syndrome,VRK1
425120,STING-associated vasculopathy with onset in infancy,STING1
431361,Progressive encephalopathy with leukodystrophy due to DECR deficiency,NADK2
431272,X-linked scapuloperoneal muscular dystrophy,FHL1
431329,Autosomal recessive spastic paraplegia type 57,TFG
431255,Scapuloperoneal spinal muscular atrophy,TRPV4
431149,Combined immunodeficiency due to OX40 deficiency,TNFRSF4
431166,Primary immunodeficiency with post-measles-mumps-rubella vaccine viral infection,IFNAR2
431166,Primary immunodeficiency with post-measles-mumps-rubella vaccine viral infection,STAT2
435438,Progressive myoclonic epilepsy type 7,KCNC1
435387,Autosomal dominant Charcot-Marie-Tooth disease type 2Y,VCP
434179,Orofaciodigital syndrome type 14,C2CD3
504476,Cerebellar ataxia with neuropathy and bilateral vestibular areflexia syndrome,RFC1
504523,Severe combined immunodeficiency due to LAT deficiency,LAT
504530,Combined immunodeficiency due to Moesin deficiency,MSN
26793,Very long chain acyl-CoA dehydrogenase deficiency,ACADVL
29072,Hereditary pheochromocytoma-paraganglioma,SLC25A11
29072,Hereditary pheochromocytoma-paraganglioma,KIF1B
29072,Hereditary pheochromocytoma-paraganglioma,MDH2
29072,Hereditary pheochromocytoma-paraganglioma,DLST
29072,Hereditary pheochromocytoma-paraganglioma,RET
29072,Hereditary pheochromocytoma-paraganglioma,SDHA
29072,Hereditary pheochromocytoma-paraganglioma,SDHC
29072,Hereditary pheochromocytoma-paraganglioma,SDHD
29072,Hereditary pheochromocytoma-paraganglioma,FH
29072,Hereditary pheochromocytoma-paraganglioma,SDHB
29072,Hereditary pheochromocytoma-paraganglioma,TMEM127
29072,Hereditary pheochromocytoma-paraganglioma,MAX
29072,Hereditary pheochromocytoma-paraganglioma,NF1
29072,Hereditary pheochromocytoma-paraganglioma,VHL
29072,Hereditary pheochromocytoma-paraganglioma,SDHAF2
28378,Tyrosinemia type 2,TAT
29207,Reactive arthritis,HLA-B
29207,Reactive arthritis,HLA-B
29073,Multiple myeloma,CCND1
320,Apparent mineralocorticoid excess,HSD11B2
230,Dopamine beta-hydroxylase deficiency,DBH
725,Developmental and epileptic encephalopathy with spike-wave activation in sleep,GRIN2A
725,Developmental and epileptic encephalopathy with spike-wave activation in sleep,FRRS1L
404,Familial hyperaldosteronism type II,CLCN2
162,Congenital cataract-anterior segment dysgenesis syndrome,PITX3
545,Follicular lymphoma,BCL2
545,Follicular lymphoma,HLA-DRB1
545,Follicular lymphoma,BCL6
545,Follicular lymphoma,IGH
88,Idiopathic aplastic anemia,PRF1
88,Idiopathic aplastic anemia,SBDS
88,Idiopathic aplastic anemia,IFNG
88,Idiopathic aplastic anemia,TERT
88,Idiopathic aplastic anemia,TERC
824,Primary myelofibrosis,JAK2
824,Primary myelofibrosis,MPL
824,Primary myelofibrosis,TET2
824,Primary myelofibrosis,CALR
729,Polycythemia vera,JAK2
25980,X-linked myopathy with excessive autophagy,VMA21
26106,Hereditary diffuse gastric cancer,CDH1
26106,Hereditary diffuse gastric cancer,MAP3K6
26106,Hereditary diffuse gastric cancer,CTNNA1
26792,Short chain acyl-CoA dehydrogenase deficiency,ACADS
353,Gamma-sarcoglycan-related limb-girdle muscular dystrophy R5,SGCG
219,Delta-sarcoglycan-related limb-girdle muscular dystrophy R6,SGCD
119,Beta-sarcoglycan-related limb-girdle muscular dystrophy R4,SGCB
603,"Distal myopathy, Welander type",TIA1
603,"Distal myopathy, Welander type",SQSTM1
603,"Distal myopathy, Welander type",TIA1
505227,Combined immunodeficiency due to GINS1 deficiency,GINS1
588,Muscle-eye-brain disease,CRPPA
588,Muscle-eye-brain disease,LARGE1
588,Muscle-eye-brain disease,POMGNT1
588,Muscle-eye-brain disease,POMT1
588,Muscle-eye-brain disease,POMT2
588,Muscle-eye-brain disease,FKTN
588,Muscle-eye-brain disease,FKRP
588,Muscle-eye-brain disease,B3GALNT2
588,Muscle-eye-brain disease,GMPPB
505237,Early-onset seizures-distal limb anomalies-facial dysmorphism-global developmental delay syndrome,OTUD6B
899,Walker-Warburg syndrome,COL4A1
899,Walker-Warburg syndrome,POMGNT1
899,Walker-Warburg syndrome,POMT1
899,Walker-Warburg syndrome,POMT2
899,Walker-Warburg syndrome,FKTN
899,Walker-Warburg syndrome,FKRP
899,Walker-Warburg syndrome,LARGE1
899,Walker-Warburg syndrome,DAG1
899,Walker-Warburg syndrome,CRPPA
899,Walker-Warburg syndrome,POMGNT2
899,Walker-Warburg syndrome,RXYLT1
899,Walker-Warburg syndrome,B3GALNT2
899,Walker-Warburg syndrome,B4GAT1
899,Walker-Warburg syndrome,POMK
505216,3-methylglutaconic aciduria type 9,TIMM50
272,"Congenital muscular dystrophy, Fukuyama type",FKTN
505208,3-methylglutaconic aciduria type 8,HTRA2
268,Dysferlin-related limb-girdle muscular dystrophy R2,DYSF
600,Vocal cord and pharyngeal distal myopathy,MATR3
505248,Mucopolysaccharidosis-like syndrome with congenital heart defects and hematopoietic disorders,VPS33A
609,Tibial muscular dystrophy,TTN
602,GNE myopathy,GNE
505242,Psychomotor regression-oculomotor apraxia-movement disorder-nephropathy syndrome,SLC30A9
508093,MEPAN syndrome,MECR
508533,Skeletal dysplasia-T-cell immunodeficiency-developmental delay syndrome,EXTL3
508542,Congenital progressive bone marrow failure-B-cell immunodeficiency-skeletal dysplasia syndrome,MYSM1
508512,Intrauterine growth restriction-congenital multiple café-au-lait macules-increased sister chromatid exchange syndrome,RMI2
508512,Intrauterine growth restriction-congenital multiple café-au-lait macules-increased sister chromatid exchange syndrome,TOP3A
508529,Intermediate epidermolysis bullosa simplex with cardiomyopathy,KLHL24
508523,Hyperphenylalaninemia due to DNAJC12 deficiency,DNAJC12
508488,8q24.3 microdeletion syndrome,PUF60
508476,Cleft lip and palate-craniofacial dysmorphism-congenital heart defect-hearing loss syndrome,HYAL2
508501,Orofaciodigital syndrome type 18,IFT57
508498,Intellectual disability-cardiac anomalies-short stature-joint laxity syndrome,PUF60
505652,CDKL5-deficiency disorder,CDKL5
506334,Familial steroid-resistant nephrotic syndrome with adrenal insufficiency,SGPL1
506307,Stromme syndrome,CENPF
506358,Gabriele-de Vries syndrome,YY1
506353,Autosomal recessive complex spastic paraplegia due to Kennedy pathway dysfunction,SELENOI
495274,Charcot-Marie-Tooth disease type 2T,MME
495844,C11ORF73-related autosomal recessive hypomyelinating leukodystrophy,HIKESHI
495818,9q33.3q34.11 microdeletion syndrome,LMX1B
495818,9q33.3q34.11 microdeletion syndrome,STXBP1
495875,Congenital labioscrotal agenesis-cerebellar malformation-corneal dystrophy-facial dysmorphism syndrome,MAB21L1
496641,Early-onset progressive diffuse brain atrophy-microcephaly-muscle weakness-optic atrophy syndrome,TBCD
496686,Kyphosis-lateral tongue atrophy-myofibrillar myopathy syndrome,KY
496689,Kyphoscoliosis-lateral tongue atrophy-hereditary spastic paraplegia syndrome,KY
496751,EVEN-plus syndrome,HSPA9
496756,Early-onset progressive encephalopathy-spastic ataxia-distal spinal muscular atrophy syndrome,TBCE
496790,Ocular anomalies-axonal neuropathy-developmental delay syndrome,ATAD3A
494433,MIRAGE syndrome,SAMD9
494439,Retinitis pigmentosa-hearing loss-premature aging-short stature-facial dysmorphism syndrome,EXOSC2
494444,DIAPH1-related sensorineural hearing loss-thrombocytopenia syndrome,DIAPH1
494344,RERE-related neurodevelopmental syndrome,RERE
494547,Squamous cell carcinoma of the hypopharynx,TNFRSF10B
494547,Squamous cell carcinoma of the hypopharynx,PTEN
494547,Squamous cell carcinoma of the hypopharynx,ING1
494541,Childhood-onset benign chorea with striatal involvement,PDE10A
494526,Infantile-onset generalized dyskinesia with orofacial involvement,PDE10A
494550,Squamous cell carcinoma of the larynx,TNFRSF10B
494550,Squamous cell carcinoma of the larynx,PTEN
494550,Squamous cell carcinoma of the larynx,ING1
500180,Childhood-onset motor and cognitive regression syndrome with extrapyramidal movement disorder,UBTF
500188,X-linked external auditory canal atresia-dilated internal auditory canal-facial dysmorphism syndrome,GPRASP2
500150,ZTTK syndrome,SON
500159,Microcephaly-corpus callosum and cerebellar vermis hypoplasia-facial dysmorphism-intellectual disability syndrom,RAC1
302,Inherited epidermodysplasia verruciformis,TMC6
302,Inherited epidermodysplasia verruciformis,TMC8
302,Inherited epidermodysplasia verruciformis,IL7
302,Inherited epidermodysplasia verruciformis,CIB1
500166,SIN3-related intellectual disability syndrome due to a point mutation,SIN3A
500166,SIN3-related intellectual disability syndrome due to a point mutation,SIN3B
500135,Multinucleated neurons-anhydramnios-renal dysplasia-cerebellar hypoplasia-hydranencephaly syndrome,CEP55
500144,Early-onset progressive encephalopathy-hearing loss-pons hypoplasia-brain atrophy syndrome,TRAPPC12
500055,Hao-Fountain syndrome due to 16p13.2 microdeletion,USP7
500095,Tall stature-intellectual disability-renal anomalies syndrome,FIBP
500062,Infantile-onset periodic fever-panniculitis-dermatosis syndrome,OTULIN
123,Björnstad syndrome,BCS1L
898,Wagner disease,VCAN
500478,Squamous cell carcinoma of the oropharynx,TNFRSF10B
500478,Squamous cell carcinoma of the oropharynx,PTEN
500478,Squamous cell carcinoma of the oropharynx,ING1
505,Graham Little-Piccardi-Lassueur syndrome,HLA-DRA
170,Woolly hair,LPAR6
170,Woolly hair,LIPH
170,Woolly hair,KRT74
170,Woolly hair,KRT71
170,Woolly hair,KRT25
500548,Osteosclerotic metaphyseal dysplasia,LRRK1
500533,Polyhydramnios-megalencephaly-symptomatic epilepsy syndrome,STRADA
500545,Severe neurodevelopmental disorder with feeding difficulties-stereotypic hand movement-bilateral cataract,NACC1
500464,Squamous cell carcinoma of the nasal cavity and paranasal sinuses,TNFRSF10B
500464,Squamous cell carcinoma of the nasal cavity and paranasal sinuses,PTEN
500464,Squamous cell carcinoma of the nasal cavity and paranasal sinuses,ING1
520,Acute promyelocytic leukemia,PML
520,Acute promyelocytic leukemia,PRKAR1A
520,Acute promyelocytic leukemia,RARA
520,Acute promyelocytic leukemia,STAT5B
520,Acute promyelocytic leukemia,FIP1L1
520,Acute promyelocytic leukemia,NPM1
520,Acute promyelocytic leukemia,NABP1
520,Acute promyelocytic leukemia,ZBTB16
520,Acute promyelocytic leukemia,NUMA1
520,Acute promyelocytic leukemia,TBL1XR1
520,Acute promyelocytic leukemia,IRF2BP2
520,Acute promyelocytic leukemia,STAT3
520,Acute promyelocytic leukemia,BCOR
502363,Squamous cell carcinoma of the oral cavity,TNFRSF10B
502363,Squamous cell carcinoma of the oral cavity,PTEN
502363,Squamous cell carcinoma of the oral cavity,ING1
502366,Squamous cell carcinoma of the lip,TNFRSF10B
502366,Squamous cell carcinoma of the lip,PTEN
502366,Squamous cell carcinoma of the lip,ING1
502423,Mitochondrial myopathy-cerebellar ataxia-pigmentary retinopathy syndrome,MSTO1
502430,Weiss-Kruszka Syndrome,ZNF462
502434,STAG1-related intellectual disability-facial dysmorphism-gastroesophageal reflux syndrome,STAG1
502444,Alkaline ceramidase 3 deficiency,ACER3
432,Normosmic congenital hypogonadotropic hypogonadism,NHLH2
432,Normosmic congenital hypogonadotropic hypogonadism,PROK2
432,Normosmic congenital hypogonadotropic hypogonadism,PROKR2
432,Normosmic congenital hypogonadotropic hypogonadism,CHD7
432,Normosmic congenital hypogonadotropic hypogonadism,FGFR1
432,Normosmic congenital hypogonadotropic hypogonadism,GNRHR
432,Normosmic congenital hypogonadotropic hypogonadism,KISS1R
432,Normosmic congenital hypogonadotropic hypogonadism,NSMF
432,Normosmic congenital hypogonadotropic hypogonadism,GNRH1
432,Normosmic congenital hypogonadotropic hypogonadism,FGF8
432,Normosmic congenital hypogonadotropic hypogonadism,TAC3
432,Normosmic congenital hypogonadotropic hypogonadism,TACR3
432,Normosmic congenital hypogonadotropic hypogonadism,WDR11
432,Normosmic congenital hypogonadotropic hypogonadism,HS6ST1
432,Normosmic congenital hypogonadotropic hypogonadism,KISS1
432,Normosmic congenital hypogonadotropic hypogonadism,FGF17
432,Normosmic congenital hypogonadotropic hypogonadism,DUSP6
432,Normosmic congenital hypogonadotropic hypogonadism,SPRY4
91,Aromatase deficiency,CYP19A1
785,Estrogen resistance syndrome,ESR1
873,Desmoid tumor,CTNNB1
873,Desmoid tumor,APC
703,Bullous pemphigoid,HLA-DRB1
703,Bullous pemphigoid,HLA-DQB1
841,Sebocystomatosis,KRT17
867,Familial multiple trichoepithelioma,CYLD
735,Porokeratosis of Mibelli,MVK
735,Porokeratosis of Mibelli,PMVK
497906,Childhood-onset basal ganglia degeneration syndrome,VAC14
659,Mutilating palmoplantar keratoderma with periorificial keratotic plaques,PERP
659,Mutilating palmoplantar keratoderma with periorificial keratotic plaques,MBTPS2
659,Mutilating palmoplantar keratoderma with periorificial keratotic plaques,TRPV3
523,Hereditary leiomyomatosis and renal cell cancer,FH
497757,MME-related autosomal dominant Charcot Marie Tooth disease type 2,MME
497764,Spinocerebellar ataxia type 43,MME
530,Lipoid proteinosis,ECM1
734,Alpha delta granule deficiency,GFI1B
721,Gray platelet syndrome,NBEAL2
722,Hypoplasminogenemia,PLG
749,Congenital prekallikrein deficiency,KLKB1
853,Fetal and neonatal alloimmune thrombocytopenia,GP1BA
853,Fetal and neonatal alloimmune thrombocytopenia,GP1BB
853,Fetal and neonatal alloimmune thrombocytopenia,ITGA2B
853,Fetal and neonatal alloimmune thrombocytopenia,ITGB3
853,Fetal and neonatal alloimmune thrombocytopenia,ITGA2
853,Fetal and neonatal alloimmune thrombocytopenia,CD109
483,Congenital high-molecular-weight kininogen deficiency,KNG1
498359,Aquagenic palmoplantar keratoderma,CFTR
852,X-linked thrombocytopenia with normal platelets,WAS
465,Congenital plasminogen activator inhibitor type 1 deficiency,SERPINE1
498251,Menstrual cycle-dependent periodic fever,HTR1A
143,Parathyroid carcinoma,CDC73
786,Generalized glucocorticoid resistance syndrome,NR3C1
334,Hereditary atrial fibrillation,ABCC9
334,Hereditary atrial fibrillation,PITX2
334,Hereditary atrial fibrillation,SCN5A
334,Hereditary atrial fibrillation,GATA4
334,Hereditary atrial fibrillation,KCNE1
334,Hereditary atrial fibrillation,KCNE2
334,Hereditary atrial fibrillation,KCNJ2
334,Hereditary atrial fibrillation,KCNQ1
334,Hereditary atrial fibrillation,NKX2-5
334,Hereditary atrial fibrillation,GJA5
334,Hereditary atrial fibrillation,SCN1B
334,Hereditary atrial fibrillation,KCNJ3
334,Hereditary atrial fibrillation,MYL4
334,Hereditary atrial fibrillation,TTN
334,Hereditary atrial fibrillation,NKX2-6
334,Hereditary atrial fibrillation,SCN4B
334,Hereditary atrial fibrillation,KCNA5
334,Hereditary atrial fibrillation,NUP155
334,Hereditary atrial fibrillation,NPPA
334,Hereditary atrial fibrillation,SCN3B
334,Hereditary atrial fibrillation,GATA6
334,Hereditary atrial fibrillation,GATA5
334,Hereditary atrial fibrillation,SCN2B
334,Hereditary atrial fibrillation,KCNJ5
615,Familial atrial myxoma,PRKAR1A
498497,Short rib-polydactyly syndrome type 5,WDR35
498693,MYBPC1-related autosomal recessive non-lethal arthrogryposis multiplex congenita syndrome,MYBPC1
444,Marie Unna hereditary hypotrichosis,EPS8L3
444,Marie Unna hereditary hypotrichosis,HR
498481,LRP5-related primary osteoporosis,LRP5
498481,LRP5-related primary osteoporosis,LRP5
573,Monilethrix,KRT86
573,Monilethrix,KRT83
573,Monilethrix,KRT81
573,Monilethrix,DSG4
840,Syringocystadenoma papilliferum,BRAF
498494,Mirror-image polydactyly,PITX1
384,Huriez syndrome,SMARCAD1
41,Dyschromatosis symmetrica hereditaria,ADAR
122,Birt-Hogg-Dubé syndrome,PRDM10
122,Birt-Hogg-Dubé syndrome,FLCN
38,Acrokeratoelastoidosis of Costa,CCDC91
241,Dyschromatosis universalis hereditaria,ABCB6
316,Progressive symmetric erythrokeratodermia,TRPM4
316,Progressive symmetric erythrokeratodermia,KRT83
316,Progressive symmetric erythrokeratodermia,KDSR
316,Progressive symmetric erythrokeratodermia,LORICRIN
211,Familial cylindromatosis,CYLD
2908,Kindler epidermolysis bullosa,FERMT1
779,Reynolds syndrome,LBR
486811,Prenatal-onset spinal muscular atrophy with congenital bone fractures,ASCC1
486811,Prenatal-onset spinal muscular atrophy with congenital bone fractures,TRIP4
486815,Congenital muscular dystrophy-respiratory failure-skin abnormalities-joint hyperlaxity syndrome,TRIP4
485418,EMILIN-1-related connective tissue disease,EMILIN1
485421,MFF-related encephalopathy due to mitochondrial and peroxisomal fission defect,MFF
485350,CLCN4-related X-linked intellectual disability syndrome,CLCN4
485275,Acquired schizencephaly,EMX2
485275,Acquired schizencephaly,SIX3
485275,Acquired schizencephaly,SHH
482606,X-linked keloid scarring-reduced joint mobility-increased optic cup-to-disc ratio syndrome,FLNA
482601,Adenylosuccinate synthetase-like 1-related distal myopathy,ADSS1
480864,Recurrent metabolic encephalomyopathic crises-rhabdomyolysis-cardiac arrhythmia-intellectual disability syndrome,TANGO2
31837,Pulmonary venoocclusive disease,BMPR2
31837,Pulmonary venoocclusive disease,EIF2AK4
480907,X-linked intellectual disability-global development delay-facial dysmorphism-sacral caudal remnant syndrome,TAF1
480898,Global developmental delay-visual anomalies-progressive cerebellar atrophy-truncal hypotonia syndrome,EMC1
480880,X-linked female restricted facial dysmorphism-short stature-choanal atresia-intellectual disability,USP9X
480556,Isolated neonatal sclerosing cholangitis,DCDC2
480541,High grade B-cell lymphoma with MYC and/ or BCL2 and/or BCL6 rearrangement,BCL6
480541,High grade B-cell lymphoma with MYC and/ or BCL2 and/or BCL6 rearrangement,MYC
480541,High grade B-cell lymphoma with MYC and/ or BCL2 and/or BCL6 rearrangement,BCL2
480851,Hereditary thrombocytopenia with early-onset myelofibrosis,SRC
480682,POGLUT1-related limb-girdle muscular dystrophy R21,POGLUT1
481665,Pseudo-TORCH syndrome type 2,USP18
482077,HTRA1-related autosomal dominant cerebral small vessel disease,HTRA1
481986,Familial schizencephaly,COL4A1
481152,PYCR2-related microcephaly-progressive leukoencephalopathy,PYCR2
481662,Familial Chilblain lupus,SAMHD1
481662,Familial Chilblain lupus,TREX1
481662,Familial Chilblain lupus,STING1
480476,Progressive familial intrahepatic cholestasis type 5,NR1H4
480491,MYO5B-related progressive familial intrahepatic cholestasis,MYO5B
480483,Progressive familial intrahepatic cholestasis type 4,TJP2
480528,Lethal hydranencephaly-diaphragmatic hernia syndrome,PLAT
480536,MSH3-related polyposis,MSH3
477814,Progressive microcephaly-seizures-cortical blindness-developmental delay syndrome,DIAPH1
477787,Cytosolic phospholipase-A2 alpha deficiency associated bleeding disorder,PLA2G4A
478029,Combined oxidative phosphorylation defect type 29,TXN2
478042,Combined oxidative phosphorylation defect type 30,TRMT10C
477993,Palatal anomalies-widely spaced teeth-facial dysmorphism-developmental delay syndrome,KDM1A
477857,Mendelian susceptibility to mycobacterial diseases due to complete RORgamma receptor deficiency,RORC
477817,PMP22-RAI1 contiguous gene duplication syndrome,RAI1
477831,Kosaki overgrowth syndrome,PDGFRB
478049,Lethal left ventricular non-compaction-seizures-hypotonia-cataract-developmental delay syndrome,MIPEP
478664,Hereditary sensory and autonomic neuropathy type 8,PRDM12
477661,IL21-related infantile inflammatory bowel disease,IL21
477684,Combined oxidative phosphorylation defect type 26,TRMT5
477673,Postnatal microcephaly-infantile hypotonia-spastic diplegia-dysarthria-intellectual disability syndrome,GPT2
477738,Pediatric multiple sclerosis,HLA-DQB1
477738,Pediatric multiple sclerosis,HLA-DRB1
477749,Pontine autosomal dominant microangiopathy with leukoencephalopathy,COL4A1
477742,Nodular fasciitis,USP6
477742,Nodular fasciitis,MYH9
477774,Combined oxidative phosphorylation defect type 27,CARS2
476119,Autosomal dominant preaxial polydactyly-upperback hypertrichosis syndrome,SHH
476113,Combined immunodeficiency due to TFRC deficiency,TFRC
476126,Micrognathia-recurrent infections-behavioral abnormalities-mild intellectual disability syndrome,TRIO
476406,Congenital generalized hypercontractile muscle stiffness syndrome,TPM3
476394,PMP2-related Charcot-Marie-Tooth disease type 1,PMP2
493342,Vibratory urticaria,ADGRE2
488642,TELO2-related intellectual disability-neurodevelopmental disorder,TELO2
488647,DDX41-related hematologic malignancy predisposition syndrome,DDX41
488650,"Distal myopathy, Tateyama type",CAV3
488618,Transketolase deficiency,TKT
488627,Severe growth deficiency-strabismus-extensive dermal melanocytosis-intellectual disability syndrome,PUS3
488632,TBCK-related encephalopathy-severe hypotonia-craniofacial dysmorphism syndrome,TBCK
488635,Early-onset epilepsy-intellectual disability-brain anomalies syndrome,PIGG
488265,Osteofibrous dysplasia,MET
488232,Split-foot malformation-mesoaxial polydactyly syndrome,MAP3K20
488333,Autosomal dominant Charcot-Marie-Tooth disease type 2W,HARS1
488437,SIX2-related frontonasal dysplasia,SIX2
488613,Global developmental delay-neuro-ophthalmological abnormalities-seizures-intellectual disability syndrome,GNB1
488594,Autosomal recessive spastic paraplegia type 76,CAPN1
488197,Familial progressive retinal dystrophy-iris coloboma-congenital cataract syndrome,MIR204
488168,Microcephaly-congenital cataract-psoriasiform dermatitis syndrome,MSMO1
488191,Female infertility due to oocyte meiotic arrest,TLE6
488191,Female infertility due to oocyte meiotic arrest,ZFP36L2
488191,Female infertility due to oocyte meiotic arrest,WEE2
488191,Female infertility due to oocyte meiotic arrest,PANX1
488191,Female infertility due to oocyte meiotic arrest,PATL2
488191,Female infertility due to oocyte meiotic arrest,TUBB8
487796,Takenouchi-Kosaki syndrome,CDC42
487814,Autosomal dominant Charcot-Marie-Tooth disease type 2 due to DGAT2 mutation,DGAT2
487825,Pierpont syndrome,TBL1XR1
31150,Tangier disease,ABCA1
31043,Primary hypomagnesemia with hypercalciuria and nephrocalcinosis without severe ocular involvement,CLDN16
31112,Dermatofibrosarcoma protuberans,COL1A1
31112,Dermatofibrosarcoma protuberans,PDGFB
30924,Primary hypomagnesemia with secondary hypocalcemia,TRPM6
30925,Hereditary arginine vasopressin deficiency,AVP
476084,BVES-related limb-girdle muscular dystrophy,POPDC1
476096,Erythrokeratodermia-cardiomyopathy syndrome,DSP
476093,HSPB8-related autosomal dominant distal axonal motor neuropathy-myofibrillar myopathy syndrome,HSPB8
71278,Congenital brain dysgenesis due to glutamine synthetase deficiency,GLUL
71271,Split hand-split foot-deafness syndrome,DLX5
71275,Rh deficiency syndrome,RHCE
71275,Rh deficiency syndrome,RHD
71275,Rh deficiency syndrome,RHAG
71277,Classic glucose transporter type 1 deficiency syndrome,SLC2A1
71212,Hyperinsulinism due to short chain 3-hydroxylacyl-CoA dehydrogenase deficiency,HADH
70592,Transient predisposition to invasive pyogenic bacterial infection,MYD88
70592,Transient predisposition to invasive pyogenic bacterial infection,IRAK4
70595,Sensory ataxic neuropathy-dysarthria-ophthalmoparesis syndrome,POLG
70595,Sensory ataxic neuropathy-dysarthria-ophthalmoparesis syndrome,TWNK
70594,Dopa-responsive dystonia due to sepiapterin reductase deficiency,SPR
70573,Small cell lung cancer,RB1
70573,Small cell lung cancer,TP53
70573,Small cell lung cancer,TP73
70472,"Congenital lactic acidosis, Saguenay-Lac-Saint-Jean type",LRPPRC
70567,Cholangiocarcinoma,BRCA1
70567,Cholangiocarcinoma,BRCA2
70567,Cholangiocarcinoma,ROS1
70567,Cholangiocarcinoma,PTPN3
69735,Hypotrichosis-lymphedema-telangiectasia-renal defect syndrome,SOX18
69737,Bosley-Salih-Alorainy syndrome,HOXA1
69739,Athabaskan brainstem dysgenesis syndrome,HOXA1
69663,Low phospholipid-associated cholelithiasis,ABCB4
69665,Intrahepatic cholestasis of pregnancy,NR1H4
69665,Intrahepatic cholestasis of pregnancy,ABCB11
69665,Intrahepatic cholestasis of pregnancy,ABCB4
69665,Intrahepatic cholestasis of pregnancy,ATP8B1
69723,Tyrosinemia type 3,HPD
69126,PAPA syndrome,PSTPIP1
69087,Naegeli-Franceschetti-Jadassohn syndrome,KRT14
69088,Hypohidrotic ectodermal dysplasia-immunodeficiency-osteopetrosis-lymphedema syndrome,IKBKG
69085,Limb-mammary syndrome,TP63
69084,Pure hair and nail ectodermal dysplasia,KRT85
69084,Pure hair and nail ectodermal dysplasia,KRT74
69084,Pure hair and nail ectodermal dysplasia,HOXC13
69076,Familial renal glucosuria,SLC5A2
69063,Congenital membranous nephropathy due to fetomaternal anti-neutral endopeptidase alloimmunization,MME
67046,3-methylglutaconic aciduria type 1,AUH
67047,3-methylglutaconic aciduria type 3,MICOS13
67047,3-methylglutaconic aciduria type 3,OPA3
67044,Thrombocytopenia with congenital dyserythropoietic anemia,GATA1
67045,X-linked intellectual disability with isolated growth hormone deficiency,SOX3
67042,Late-onset retinal degeneration,C1QTNF5
67041,Hyaluronidase deficiency,HYAL1
67038,B-cell chronic lymphocytic leukemia,P2RX7
67038,B-cell chronic lymphocytic leukemia,IGHV3-21
67038,B-cell chronic lymphocytic leukemia,ATM
67038,B-cell chronic lymphocytic leukemia,CCND1
67038,B-cell chronic lymphocytic leukemia,TP53
67038,B-cell chronic lymphocytic leukemia,ARL11
67038,B-cell chronic lymphocytic leukemia,IGHG1
67038,B-cell chronic lymphocytic leukemia,POT1
67038,B-cell chronic lymphocytic leukemia,RPS15
67038,B-cell chronic lymphocytic leukemia,IKZF3
67036,Autosomal dominant optic atrophy and cataract,OPA3
66637,Diaphanospondylodysostosis,BMPER
66634,Dilated cardiomyopathy with ataxia,DNAJC19
66631,CEDNIK syndrome,SNAP29
66629,Goldberg-Shprintzen megacolon syndrome,KIFBP
66628,Obesity due to congenital leptin deficiency,LEP
65282,Carvajal syndrome,DSP
65285,Lhermitte-Duclos disease,PTEN
65284,Biotin-thiamine-responsive basal ganglia disease,SLC19A3
65287,Beta-ureidopropionase deficiency,UPB1
65288,Permanent neonatal diabetes mellitus-pancreatic and cerebellar agenesis syndrome,PTF1A
65684,Monomelic amyotrophy,CPLANE1
65684,Monomelic amyotrophy,CEP126
65748,Multiple self-healing squamous epithelioma,TGFBR1
65743,Autosomal dominant multiple pterygium syndrome,MYH3
65759,Carpenter syndrome,MEGF8
65759,Carpenter syndrome,RAB23
64748,Dejerine-Sottas syndrome,PMP22
64748,Dejerine-Sottas syndrome,PRX
64748,Dejerine-Sottas syndrome,EGR2
64748,Dejerine-Sottas syndrome,MPZ
64751,Hereditary motor and sensory neuropathy type 5,MFN2
562509,Heme oxygenase-1 deficiency,HMOX1
64752,Hereditary sensory and autonomic neuropathy type 5,NTRK1
64752,Hereditary sensory and autonomic neuropathy type 5,NGF
64753,Spinocerebellar ataxia with axonal neuropathy type 2,SETX
64753,Spinocerebellar ataxia with axonal neuropathy type 2,PIK3R5
64754,Nevus comedonicus syndrome,NEK9
562528,Congenital limbs-face contractures-hypotonia-developmental delay syndrome,NALCN
64755,Becker nevus syndrome,ACTB
562559,Anterior maxillary protrusion-strabismus-intellectual disability syndrome,SOBP
562538,Autosomal recessive extra-oral halitosis,SELENBP1
562569,TMEM94-associated congenital heart defect-facial dysmorphism-developmental delay syndrome,TMEM94
64280,Childhood absence epilepsy,GABRA1
64280,Childhood absence epilepsy,GABRG2
64280,Childhood absence epilepsy,GABRB3
64280,Childhood absence epilepsy,CACNA1H
64280,Childhood absence epilepsy,JRK
64739,Ovarian hyperstimulation syndrome,FSHR
63269,Antley-Bixler syndrome with genital anomaly and disorder of steroidogenesis,POR
63260,Craniorachischisis,DACT1
63442,Angel-shaped phalango-epiphyseal dysplasia,GDF5
63273,FLNC-related handgrip and calf weakness-distal myopathy,FLNC
63446,Acrocapitofemoral dysplasia,IHH
60040,Megalencephaly-capillary malformation-polymicrogyria syndrome,PIK3CA
60033,Idiopathic bronchiectasis,CFTR
60033,Idiopathic bronchiectasis,SCNN1A
60033,Idiopathic bronchiectasis,SCNN1B
60033,Idiopathic bronchiectasis,SCNN1G
59303,Neonatal ichthyosis-sclerosing cholangitis syndrome,CLDN1
59306,McLeod neuroacanthocytosis syndrome,XK
60015,Enlarged parietal foramina,ALX4
60015,Enlarged parietal foramina,MSX2
60025,Pulmonary alveolar microlithiasis,SLC34A2
564178,Primary hypomagnesemia-refractory seizures-intellectual disability syndrome,ATP1A1
60030,Loeys-Dietz syndrome,TGFB2
60030,Loeys-Dietz syndrome,TGFB3
60030,Loeys-Dietz syndrome,SMAD2
60030,Loeys-Dietz syndrome,SMAD3
60030,Loeys-Dietz syndrome,IPO8
60030,Loeys-Dietz syndrome,TGFBR1
60030,Loeys-Dietz syndrome,TGFBR2
563708,Syndromic congenital sodium diarrhea,SPINT2
59181,Sorsby fundus dystrophy,TIMP3
59135,Laing distal myopathy,MYH7
58017,Classic hairy cell leukemia,BRAF
57782,Mazabraud syndrome,GNAS
55595,TNP03-related limb-girdle muscular dystrophy D2,TNPO3
55596,HNRNPDL-related limb-girdle muscular dystrophy D3,HNRNPDL
54595,Craniopharyngioma,BRAF
54595,Craniopharyngioma,CTNNB1
56304,Atelosteogenesis type II,SLC26A2
56305,Atelosteogenesis type III,FLNB
563612,Isolated exencephaly,VANGL2
563612,Isolated exencephaly,MTHFR
563609,Isolated anencephaly,VANGL2
563609,Isolated anencephaly,MTHFR
55880,Chondrosarcoma,EXT1
55654,Hypotrichosis simplex,LSS
55654,Hypotrichosis simplex,LIPH
55654,Hypotrichosis simplex,APCDD1
55654,Hypotrichosis simplex,RPL21
55654,Hypotrichosis simplex,SNRPE
55654,Hypotrichosis simplex,LPAR6
55654,Hypotrichosis simplex,DSG4
565837,Laminin subunit alpha 2-related limb-girdle muscular dystrophy R23,LAMA2
565858,Craniosynostosis-microretrognathia-severe intellectual disability syndrome,PPP3CA
565788,Infantile inflammatory bowel disease with neurological involvement,TGFB1
565909,Calpain-3-related limb-girdle muscular dystrophy D4,CAPN3
79233,Hypoxanthine guanine phosphoribosyltransferase partial deficiency,HPRT1
79230,HJV or HAMP-related hemochromatosis,HJV
79230,HJV or HAMP-related hemochromatosis,HAMP
79237,Galactokinase deficiency,GALK1
566067,CEBPE-associated autoinflammation-immunodeficiency-neutrophil dysfunction syndrome,CEBPE
79234,Crigler-Najjar syndrome type 1,UGT1A1
79235,Crigler-Najjar syndrome type 2,UGT1A1
565624,Combined oxidative phosphorylation defect type 39,GFM2
565612,Primary triglyceride deposit cardiomyovasculopathy,PNPLA2
79157,2-methylbutyryl-CoA dehydrogenase deficiency,ACADSB
79155,Hydroxykynureninuria,KYNU
79154,2-aminoadipic 2-oxoadipic aciduria,DHTKD1
79152,Disseminated superficial actinic porokeratosis,MVK
79152,Disseminated superficial actinic porokeratosis,SLC17A9
79152,Disseminated superficial actinic porokeratosis,MVD
79152,Disseminated superficial actinic porokeratosis,FDPS
79151,Acrokeratosis verruciformis of Hopf,ATP2A2
79146,Familial progressive hyperpigmentation,KITLG
79145,Dowling-Degos disease,PSENEN
79145,Dowling-Degos disease,KRT5
79145,Dowling-Degos disease,POFUT1
79145,Dowling-Degos disease,POGLUT1
79159,Isobutyryl-CoA dehydrogenase deficiency,ACAD8
79107,Developmental malformations-deafness-dystonia syndrome,ACTB
566231,Resistance to thyroid hormone due to a mutation in thyroid hormone receptor alpha,THRA
79106,Eiken syndrome,PTH1R
566243,Resistance to thyroid hormone due to a mutation in thyroid hormone receptor beta,THRB
79118,Neonatal diabetes-congenital hypothyroidism-congenital glaucoma-hepatic fibrosis-polycystic kidneys syndrome,GLIS3
566393,Acute mast cell leukemia,KIT
79113,Mandibulofacial dysostosis-microcephaly syndrome,EFTUD2
79102,Thyrotoxic periodic paralysis,CACNA1S
79102,Thyrotoxic periodic paralysis,GABRA3
79102,Thyrotoxic periodic paralysis,KCNJ18
79105,Myxofibrosarcoma,FUS
79105,Myxofibrosarcoma,CREB3L2
79105,Myxofibrosarcoma,CREB3L1
79101,Hyperprolinemia type 2,ALDH4A1
566192,Congenital autosomal recessive small-platelet thrombocytopenia,FYB1
79100,Atrophoderma vermiculata,LRP1
79095,Congenital bile acid synthesis defect type 4,AMACR
79094,Grange syndrome,YY1AP1
566175,Complement hyperactivation-angiopathic thrombosis-protein-losing enteropathy syndrome,CD55
79096,Pyridoxamine-5-phosphate deficiency-developmental and epileptic encephalopathy,PNPO
79134,DEND syndrome,ABCC8
79134,DEND syndrome,KCNJ11
79134,DEND syndrome,NARS2
79137,Generalized epilepsy-paroxysmal dyskinesia syndrome,KCNMA1
79124,Hepatic veno-occlusive disease-immunodeficiency syndrome,SP110
566396,Chronic mast cell leukemia,KIT
77293,Chronic visceral acid sphingomyelinase deficiency,SMPD1
77295,Odontoleukodystrophy,POLR3A
77261,Gaucher disease type 3,GBA1
77292,Infantile neurovisceral acid sphingomyelinase deficiency,SMPD1
77298,Anophthalmia/microphthalmia-esophageal atresia syndrome,SOX2
77297,Majeed syndrome,LPIN2
567502,B-cell immunodeficiency-limb anomaly-urogenital malformation syndrome,TOP2B
77301,Monosomy 9q22.3 syndrome,PTCH1
79083,PPARG-related familial partial lipodystrophy,PPARG
79076,Juvenile polyposis of infancy,PTEN
79076,Juvenile polyposis of infancy,BMPR1A
79087,Acquired partial lipodystrophy,LMNB2
79085,AKT2-related familial partial lipodystrophy,AKT2
79084,"Familial partial lipodystrophy, Köbberling type",LMNA
79091,Hereditary inclusion body myopathy-joint contractures-ophthalmoplegia syndrome,MYH2
75327,North Carolina macular dystrophy,DHS6S1
75373,Progressive bifocal chorioretinal atrophy,DHS6S1
75374,Bradyopsia,RGS9BP
75374,Bradyopsia,RGS9
75376,Familial drusen,CFI
75376,Familial drusen,CFH
75376,Familial drusen,EFEMP1
75377,Central areolar choroidal dystrophy,GUCA1A
75377,Central areolar choroidal dystrophy,PRPH2
75377,Central areolar choroidal dystrophy,GUCY2D
75382,Oguchi disease,SAG
75382,Oguchi disease,GRK1
75391,Primary immunodeficiency with natural-killer cell deficiency and adrenal insufficiency,MCM4
75392,Periodontal Ehlers-Danlos syndrome,C1S
75392,Periodontal Ehlers-Danlos syndrome,C1R
75496,B4GALT7-related spondylodysplastic Ehlers-Danlos syndrome,B4GALT7
75497,X-linked Ehlers-Danlos syndrome,FLNA
75563,X-linked sideroblastic anemia,ALAS2
75564,Acquired idiopathic sideroblastic anemia,TET2
75564,Acquired idiopathic sideroblastic anemia,SF3B1
75857,6q terminal deletion syndrome,ERMARD
75840,Ullrich congenital muscular dystrophy,COL6A1
75840,Ullrich congenital muscular dystrophy,COL6A2
75840,Ullrich congenital muscular dystrophy,COL6A3
75840,Ullrich congenital muscular dystrophy,COL12A1
75858,MORM syndrome,INPP5E
77258,Trichorhinophalangeal syndrome type 1,TRPS1
77260,Gaucher disease type 2,GBA1
77259,Gaucher disease type 1,GBA1
77259,Gaucher disease type 1,SCARB2
569821,Congenital primary lymphedema of Gordon,VEGFC
569816,CELSR1-related late-onset primary lymphedema,CELSR1
73272,Growth delay due to insulin-like growth factor type 1 deficiency,IGF1
73273,Growth delay due to insulin-like growth factor I resistance,IGF1R
75326,Familial isolated retinal arteriolar tortuosity,COL4A1
75249,Familial isolated restrictive cardiomyopathy,FLNC
75249,Familial isolated restrictive cardiomyopathy,KIF20A
75249,Familial isolated restrictive cardiomyopathy,TNNI3
75249,Familial isolated restrictive cardiomyopathy,TNNT2
75249,Familial isolated restrictive cardiomyopathy,MYPN
75234,Cholesteryl ester storage disease,LIPA
75233,Wolman disease,LIPA
568065,EPHB4-related lymphatic-related hydrops fetalis,EPHB4
71290,Familial platelet disorder with associated myeloid malignancy,RUNX1
568062,PIEZO1-related generalized lymphatic dysplasia with non-immune hydrops fetalis,PIEZO1
71493,Familial thrombocytosis,THPO
71493,Familial thrombocytosis,JAK2
71493,Familial thrombocytosis,MPL
568051,GJC2-related late-onset primary lymphedema,GJC2
71289,Radio-ulnar synostosis-amegakaryocytic thrombocytopenia syndrome,MECOM
71289,Radio-ulnar synostosis-amegakaryocytic thrombocytopenia syndrome,HOXA11
71526,Obesity due to pro-opiomelanocortin deficiency,POMC
71528,Obesity due to prohormone convertase I deficiency,PCSK1
71529,Obesity due to melanocortin 4 receptor deficiency,MC4R
569164,Angiomatoid fibrous histiocytoma,CREB1
569164,Angiomatoid fibrous histiocytoma,EWSR1
71517,Rapid-onset dystonia-parkinsonism,ATP1A3
71518,Benign paroxysmal torticollis of infancy,CACNA1A
569274,Multiple mitochondrial dysfunctions syndrome type 5,ISCA1
569290,Multiple mitochondrial dysfunctions syndrome type 6,PMPCB
569248,Microcystic stromal tumor,CTNNB1
73229,HANAC syndrome,COL4A1
73224,Kidney tubulopathy-dilated cardiomyopathy syndrome,RRAGD
530849,Familial apolipoprotein A5 deficiency,APOA5
39041,Omenn syndrome,ADA
39041,Omenn syndrome,RAG1
39041,Omenn syndrome,RAG2
39041,Omenn syndrome,CHD7
39041,Omenn syndrome,DCLRE1C
39041,Omenn syndrome,IL2RG
39041,Omenn syndrome,LIG4
39041,Omenn syndrome,RMRP
39041,Omenn syndrome,IL7R
39041,Omenn syndrome,PSMB10
530838,KRT1-related diffuse nonepidermolytic keratoderma,KRT1
39044,Uveal melanoma,CYSLTR2
39044,Uveal melanoma,BAP1
39044,Uveal melanoma,BAP1
39044,Uveal melanoma,GNAQ
39044,Uveal melanoma,GNA11
39044,Uveal melanoma,SF3B1
530792,RELA fusion-positive ependymoma,ZFTA
530792,RELA fusion-positive ependymoma,RELA
38874,Dihydropyrimidinuria,DPYS
530303,Progressive dementia with neuroserpin inclusion bodies,SERPINI1
37612,Episodic ataxia type 1,KCNA1
37553,Andersen-Tawil syndrome,KCNJ2
37553,Andersen-Tawil syndrome,KCNJ5
37042,Immune dysregulation-polyendocrinopathy-enteropathy-X-linked syndrome,FOXP3
36899,Myoclonus-dystonia syndrome,SGCE
36899,Myoclonus-dystonia syndrome,TOR1A
36899,Myoclonus-dystonia syndrome,DRD2
36899,Myoclonus-dystonia syndrome,DYT15
36899,Myoclonus-dystonia syndrome,KCTD17
41751,Bietti crystalline dystrophy,CYP4V2
42062,Iminoglycinuria,SLC6A20
42062,Iminoglycinuria,SLC36A2
42062,Iminoglycinuria,SLC6A18
42062,Iminoglycinuria,SLC6A19
35706,Glutaric acidemia type 3,SUGCT
35704,L-Arginine:glycine amidinotransferase deficiency,GATM
35710,Glucose-galactose malabsorption,SLC5A1
35737,Morning glory disc anomaly,PAX6
35708,Aromatic L-amino acid decarboxylase deficiency,DDC
35689,Primary lateral sclerosis,SPG7
35701,3-hydroxy-3-methylglutaryl-CoA synthase deficiency,HMGCS2
35612,Nanophthalmos,MFRP
35612,Nanophthalmos,TMEM98
35612,Nanophthalmos,OTX2
35612,Nanophthalmos,SIX6
35612,Nanophthalmos,RAX
35612,Nanophthalmos,ALDH1A3
35612,Nanophthalmos,PRSS56
35612,Nanophthalmos,SOX2
35612,Nanophthalmos,BEST1
35612,Nanophthalmos,CRB1
35173,X-linked dominant chondrodysplasia punctata,EBP
35664,ALDH18A1-related De Barsy syndrome,ALDH18A1
35120,Hemolytic anemia due to pyrimidine 5' nucleotidase deficiency,NT5C3A
35107,Desmosterolosis,DHCR24
35099,Non-syndromic bicoronal craniosynostosis,FGFR3
35099,Non-syndromic bicoronal craniosynostosis,ZIC1
35099,Non-syndromic bicoronal craniosynostosis,TCF12
35099,Non-syndromic bicoronal craniosynostosis,TWIST1
35122,Congenital sucrase-isomaltase deficiency,SI
36387,Genetic epilepsy with febrile seizure plus,HCN1
36387,Genetic epilepsy with febrile seizure plus,SLC32A1
36387,Genetic epilepsy with febrile seizure plus,FGF13
36387,Genetic epilepsy with febrile seizure plus,SCN1A
36387,Genetic epilepsy with febrile seizure plus,SCN1B
36387,Genetic epilepsy with febrile seizure plus,SCN2A
36387,Genetic epilepsy with febrile seizure plus,SCN9A
36387,Genetic epilepsy with febrile seizure plus,GABRD
36387,Genetic epilepsy with febrile seizure plus,GABRG2
36387,Genetic epilepsy with febrile seizure plus,STX1B
36387,Genetic epilepsy with febrile seizure plus,CPA6
36387,Genetic epilepsy with febrile seizure plus,PRRT2
36387,Genetic epilepsy with febrile seizure plus,ADGRV1
36412,Hypocomplementemic urticarial vasculitis,DNASE1L3
36426,Stevens-Johnson syndrome,HLA-B
36426,Stevens-Johnson syndrome,IKZF1
36355,Bleeding disorder due to P2Y12 defect,P2RY12
36367,Distal deletion 1q syndrome,ZBTB18
36383,COL4A1/2-related familial vascular leukoencephalopathy,COL4A1
36383,COL4A1/2-related familial vascular leukoencephalopathy,COL4A2
36386,Hereditary sensory and autonomic neuropathy type 1,ATL1
36386,Hereditary sensory and autonomic neuropathy type 1,SPTLC1
36386,Hereditary sensory and autonomic neuropathy type 1,SPTLC2
36386,Hereditary sensory and autonomic neuropathy type 1,ATL3
35878,Hyperinsulinism-hyperammonemia syndrome,GLUD1
35858,Imerslund-Gräsbeck syndrome,AMN
35858,Imerslund-Gräsbeck syndrome,CUBN
35909,Combined deficiency of factor V and factor VIII,MCFD2
35909,Combined deficiency of factor V and factor VIII,LMAN1
33572,5-oxoprolinase deficiency,OPLAH
33543,Kleine-Levin syndrome,TRANK1
33445,Neuroectodermal melanolysosomal disease,MYO5A
535458,Familial GPIHBP1 deficiency,GPIHBP1
33402,Pediatric hepatocellular carcinoma,MET
33402,Pediatric hepatocellular carcinoma,CTNNB1
34217,Naxos disease,JUP
33574,Glutamate-cysteine ligase deficiency,GCLC
33573,Gamma-glutamyl transpeptidase deficiency,GGT1
33110,Autosomal non-syndromic agammaglobulinemia,SPI1
33110,Autosomal non-syndromic agammaglobulinemia,PIK3CD
33110,Autosomal non-syndromic agammaglobulinemia,IGHM
33110,Autosomal non-syndromic agammaglobulinemia,IGLL1
33110,Autosomal non-syndromic agammaglobulinemia,LRRC8A
33110,Autosomal non-syndromic agammaglobulinemia,TCF3
33110,Autosomal non-syndromic agammaglobulinemia,CD79A
33110,Autosomal non-syndromic agammaglobulinemia,CD79B
33110,Autosomal non-syndromic agammaglobulinemia,BLNK
33110,Autosomal non-syndromic agammaglobulinemia,PIK3R1
33108,Lethal multiple pterygium syndrome,NEB
33108,Lethal multiple pterygium syndrome,RAPSN
33108,Lethal multiple pterygium syndrome,RYR1
33108,Lethal multiple pterygium syndrome,CHRNA1
33108,Lethal multiple pterygium syndrome,CHRND
33108,Lethal multiple pterygium syndrome,CHRNG
33067,"Metaphyseal chondrodysplasia, Jansen type",PTH1R
33069,Dravet syndrome,SCN1A
33069,Dravet syndrome,SCN1B
33069,Dravet syndrome,SCN9A
33069,Dravet syndrome,GABRA1
33069,Dravet syndrome,GABRG2
33069,Dravet syndrome,PCDH19
33069,Dravet syndrome,SCN2A
33001,Lymphedema-distichiasis syndrome,FOXC2
33355,Reticular dysgenesis,AK2
535453,Familial lipase maturation factor 1 deficiency,LMF1
33364,Trichothiodystrophy,MPLKIP
33364,Trichothiodystrophy,ERCC2
33364,Trichothiodystrophy,GTF2H5
33364,Trichothiodystrophy,ERCC3
33364,Trichothiodystrophy,RNF113A
33364,Trichothiodystrophy,GTF2E2
33364,Trichothiodystrophy,TARS1
33364,Trichothiodystrophy,CARS1
33364,Trichothiodystrophy,AARS1
33226,Waldenström macroglobulinemia,MYD88
35069,Infantile neuroaxonal dystrophy,PLA2G6
35093,Non-syndromic sagittal craniosynostosis,ALX4
35093,Non-syndromic sagittal craniosynostosis,TWIST1
35078,T-B+ severe combined immunodeficiency due to JAK3 deficiency,JAK3
34520,Congenital muscular dystrophy with integrin alpha-7 deficiency,ITGA7
34514,Telethonin-related limb-girdle muscular dystrophy R7,TCAP
34515,FKRP-related limb-girdle muscular dystrophy R9,FKRP
34516,DNAJB6-related limb-girdle muscular dystrophy D1,DNAJB6
34587,Danon disease,LAMP2
34592,Immunodeficiency by defective expression of MHC class I,TAP2
34592,Immunodeficiency by defective expression of MHC class I,TAP1
34592,Immunodeficiency by defective expression of MHC class I,TAPBP
34592,Immunodeficiency by defective expression of MHC class I,B2M
34528,Autosomal dominant primary hypomagnesemia with hypocalciuria,FXYD2
536516,Myopathic Ehlers-Danlos syndrome,COL12A1
536467,B3GALT6-related spondylodysplastic Ehlers-Danlos syndrome,B3GALT6
536532,Classical-like Ehlers-Danlos syndrome type 2,AEBP1
537072,PLG-related hereditary angioedema with normal C1Inh,PLG
32960,Tumor necrosis factor receptor 1 associated periodic syndrome,TNFRSF1A
52530,Pseudo-von Willebrand disease,GP1BA
52688,Myelodysplastic syndrome,TP53
52429,Branchiootic syndrome,EYA1
52429,Branchiootic syndrome,SIX1
52503,X-linked creatine transporter deficiency,SLC6A8
52430,Inclusion body myopathy with Paget disease of bone and frontotemporal dementia,VCP
52430,Inclusion body myopathy with Paget disease of bone and frontotemporal dementia,HNRNPA2B1
52430,Inclusion body myopathy with Paget disease of bone and frontotemporal dementia,HNRNPA1
52416,Mantle cell lymphoma,CCND1
52416,Mantle cell lymphoma,ATM
52416,Mantle cell lymphoma,IGH
52427,Retinitis punctata albescens,PRPH2
52427,Retinitis punctata albescens,RDH5
52427,Retinitis punctata albescens,RHO
52427,Retinitis punctata albescens,RLBP1
52417,MALT lymphoma,MALT1
52417,MALT lymphoma,BIRC3
52417,MALT lymphoma,IGH
52417,MALT lymphoma,FOXP1
52417,MALT lymphoma,BCL10
52055,Corpus callosum agenesis-intellectual disability-coloboma-micrognathia syndrome,IGBP1
52368,Mohr-Tranebjaerg syndrome,TIMM8A
53271,Muenke syndrome,FGFR3
53347,Brody myopathy,ATP2A1
53035,Caroli disease,PKHD1
52901,Isolated follicle stimulating hormone deficiency,FSHB
53690,Congenital lactase deficiency,LCT
53689,Congenital chloride diarrhea,SLC26A3
538863,Classic pyoderma gangrenosum,PTPN6
538574,Palmoplantar keratoderma-hereditary motor and sensory neuropathy syndrome,KRT1
538574,Palmoplantar keratoderma-hereditary motor and sensory neuropathy syndrome,MPZ
53583,Paroxysmal dystonic choreathetosis with episodic ataxia and spasticity,SLC2A1
53540,Goldmann-Favre syndrome,NR2E3
53351,X-linked dystonia-parkinsonism,TAF1
54260,Left ventricular noncompaction,PLEKHM2
54260,Left ventricular noncompaction,TNNT2
54260,Left ventricular noncompaction,PKP2
54260,Left ventricular noncompaction,ACTC1
54260,Left ventricular noncompaction,TBX20
54260,Left ventricular noncompaction,TPM1
54260,Left ventricular noncompaction,DTNA
54260,Left ventricular noncompaction,MYBPC3
54260,Left ventricular noncompaction,MYH7
54260,Left ventricular noncompaction,LDB3
54260,Left ventricular noncompaction,LMNA
54260,Left ventricular noncompaction,MIB1
54260,Left ventricular noncompaction,PRDM16
54260,Left ventricular noncompaction,MYH7B
54260,Left ventricular noncompaction,MIB2
538934,X-linked lymphoproliferative disease due to XIAP deficiency,XIAP
538931,X-linked lymphoproliferative disease due to SAP deficiency,SH2D1A
53696,Arthrogryposis-anterior horn cell disease syndrome,GLE1
538872,Vegetative pyoderma gangrenosum,PTPN6
53697,Gnathodiaphyseal dysplasia,ANO5
53691,Congenital cornea plana,KERA
538869,Bullous pyoderma gangrenosum,PTPN6
538866,Pustular pyoderma gangrenosum,PTPN6
53693,GRACILE syndrome,BCS1L
48818,Aceruloplasminemia,CP
49382,Achromatopsia,PDE6C
49382,Achromatopsia,RPGR
49382,Achromatopsia,CNGA3
49382,Achromatopsia,CNGB3
49382,Achromatopsia,PDE6H
49382,Achromatopsia,GNAT2
49382,Achromatopsia,ATF6
538958,EBV-induced lymphoproliferative disease due to CD70 deficiency,CD70
48431,Congenital cataracts-facial dysmorphism-neuropathy syndrome,CTDP1
538963,Combined immunodeficiency due to ITK deficiency,ITK
50814,Craniolenticulosutural dysplasia,SEC23A
49827,Thiamine-responsive megaloblastic anemia syndrome,SLC19A2
50251,Pleural mesothelioma,BAP1
50945,Blomstrand lethal chondrodysplasia,PTH1R
50944,Schöpf-Schulz-Passarge syndrome,WNT10A
51083,Congenital short QT syndrome,SLC4A3
51083,Congenital short QT syndrome,KCNJ2
51083,Congenital short QT syndrome,KCNH2
51083,Congenital short QT syndrome,KCNQ1
51083,Congenital short QT syndrome,CACNA2D1
50943,Keratolytic winter erythema,CTSB
50942,Striate palmoplantar keratoderma,DSP
50942,Striate palmoplantar keratoderma,KRT1
50942,Striate palmoplantar keratoderma,DSG1
52022,Potocki-Shaffer syndrome,ALX4
52022,Potocki-Shaffer syndrome,EXT2
52022,Potocki-Shaffer syndrome,PHF21A
51608,Generalized arterial calcification of infancy,ABCC6
51608,Generalized arterial calcification of infancy,ENPP1
51188,Ethylmalonic encephalopathy,ETHE1
541423,Growth delay-intellectual disability-hepatopathy syndrome,IARS1
51208,Formiminoglutamic aciduria,FTCD
51636,WHIM syndrome,CXCR4
542306,GNB5-related intellectual disability-cardiac arrhythmia syndrome,GNB5
542301,EBV-induced lymphoproliferative disease due to CARMIL2 deficiency,CARMIL2
542310,Leukoencephalopathy with calcifications and cysts,SNORD118
42665,Tietz syndrome,MITF
542585,Auditory neuropathy-optic atrophy syndrome,FDXR
43115,Hereditary myopathy with lactic acidosis due to ISCU deficiency,ISCU
45448,Miyoshi myopathy,DYSF
543470,Optic atrophy-ataxia-peripheral neuropathy-global developmental delay syndrome,FDXR
542657,Isolated hyperchlorhidrosis,CA12
44890,Gastrointestinal stromal tumor,PDGFRA
44890,Gastrointestinal stromal tumor,SDHA
44890,Gastrointestinal stromal tumor,SDHB
44890,Gastrointestinal stromal tumor,SDHC
44890,Gastrointestinal stromal tumor,KIT
44890,Gastrointestinal stromal tumor,KIT
44890,Gastrointestinal stromal tumor,PDGFRA
45358,Congenital fibrosis of extraocular muscles,COL25A1
45358,Congenital fibrosis of extraocular muscles,TUBA1A
45358,Congenital fibrosis of extraocular muscles,PHOX2A
45358,Congenital fibrosis of extraocular muscles,KIF21A
45358,Congenital fibrosis of extraocular muscles,TUBB3
45358,Congenital fibrosis of extraocular muscles,TUBB2B
544254,SYNGAP1-related developmental and epileptic encephalopathy,SYNGAP1
46348,Paroxysmal extreme pain disorder,SCN10A
46348,Paroxysmal extreme pain disorder,SCN11A
46348,Paroxysmal extreme pain disorder,SCN9A
46059,Lathosterolosis,SC5D
47044,Hereditary papillary renal cell carcinoma,MET
46627,Char syndrome,TFAP2B
46532,Hereditary persistence of fetal hemoglobin-beta-thalassemia syndrome,HBB
46532,Hereditary persistence of fetal hemoglobin-beta-thalassemia syndrome,HBG1
46532,Hereditary persistence of fetal hemoglobin-beta-thalassemia syndrome,HBG2
46532,Hereditary persistence of fetal hemoglobin-beta-thalassemia syndrome,KLF1
544503,RNF13-related severe early-onset epileptic encephalopathy,RNF13
544488,Global developmental delay-alopecia-macrocephaly-facial dysmorphism-structural brain anomalies syndrome,ODC1
544469,PRUNE1-related neurological syndrome,PRUNE1
544472,Atypical hemolytic uremic syndrome with complement gene abnormality,THBD
544472,Atypical hemolytic uremic syndrome with complement gene abnormality,C3
544472,Atypical hemolytic uremic syndrome with complement gene abnormality,CD46
544472,Atypical hemolytic uremic syndrome with complement gene abnormality,CFB
544472,Atypical hemolytic uremic syndrome with complement gene abnormality,CFH
544472,Atypical hemolytic uremic syndrome with complement gene abnormality,CFI
47045,Familial cold urticaria,NLRP3
544628,Atypical Fanconi syndrome-neonatal hyperinsulinism syndrome,HNF4A
544602,Congenital myopathy with reduced type 2 muscle fibers,MYL1
555402,NAD(P)HX dehydratase deficiency,NAXD
555407,NAD(P)HX epimerase deficiency,NAXE
555877,FLNA-related X-linked myxomatous valvular dysplasia,FLNA
556030,Early-onset familial hypoaldosteronism,CYP11B2
556985,Early-onset calcifying leukoencephalopathy-skeletal dysplasia,CSF1R
556955,Pancreatic agenesis-holoprosencephaly syndrome,CNOT1
557064,Neonatal epileptic encephalopathy due to glutaminase deficiency,GLS
557056,Spastic ataxia-dysarthria due to glutaminase deficiency,GLS
557003,Oculoskeletodental syndrome,PIK3C2A
519388,Autosomal recessive anterior segment dysgenesis,CPAMD8
90050,Retinopathy of prematurity,LRP5
90050,Retinopathy of prematurity,FZD4
90050,Retinopathy of prematurity,NDP
90045,Hereditary folate malabsorption,SLC46A1
90039,Hemoglobin D disease,HBB
90044,Familial pseudohyperkalemia,ABCB6
90042,Primary familial polycythemia,EPOR
90024,"Deafness with labyrinthine aplasia, microtia, and microdontia",FGF3
90023,Primary immunodeficiency syndrome due to P14/LAMTOR2 deficiency,LAMTOR2
90020,Parkinson-dementia complex of Guam,PARK7
90020,Parkinson-dementia complex of Guam,TRPM7
90031,Non-spherocytic hemolytic anemia due to hexokinase deficiency,HK1
90026,Primary erythromelalgia,SCN9A
90026,Primary erythromelalgia,SCN10A
90026,Primary erythromelalgia,SCN11A
90030,Hemolytic anemia due to glutathione reductase deficiency,GSR
89936,X-linked hypophosphatemia,PHEX
89844,"Lissencephaly syndrome, Norman-Roberts type",NDE1
89844,"Lissencephaly syndrome, Norman-Roberts type",KATNB1
89844,"Lissencephaly syndrome, Norman-Roberts type",RELN
89843,Dystrophic epidermolysis bullosa pruriginosa,COL7A1
89842,"Autosomal recessive generalized dystrophic epidermolysis bullosa, intermediate form",COL7A1
90001,X-linked cone dysfunction syndrome with myopia,OPN1MW
90001,X-linked cone dysfunction syndrome with myopia,OPN1LW
89938,Bartter syndrome type 4,BSND
89938,Bartter syndrome type 4,CLCNKB
89938,Bartter syndrome type 4,CLCNKA
89937,Autosomal dominant hypophosphatemic rickets,FGF23
90340,Blau syndrome,NOD2
90342,Xeroderma pigmentosum variant,POLH
90348,Autosomal dominant cutis laxa,ALDH18A1
90348,Autosomal dominant cutis laxa,FBLN5
90348,Autosomal dominant cutis laxa,ELN
90349,Autosomal recessive cutis laxa type 1,EFEMP2
90349,Autosomal recessive cutis laxa type 1,FBLN5
90349,Autosomal recessive cutis laxa type 1,LTBP1
90354,Brittle cornea syndrome,ZNF469
90354,Brittle cornea syndrome,PRDM5
90308,Capillary-lymphatic-venous malformation with segmental distribution,AGGF1
90308,Capillary-lymphatic-venous malformation with segmental distribution,PIK3CA
90307,Parkes Weber syndrome,RASA1
90322,Cockayne syndrome type 2,ERCC6
90322,Cockayne syndrome type 2,ERCC8
90322,Cockayne syndrome type 2,ERCC1
90321,Cockayne syndrome type 1,ERCC4
90321,Cockayne syndrome type 1,ERCC6
90321,Cockayne syndrome type 1,ERCC8
90324,Cockayne syndrome type 3,ERCC6
90324,Cockayne syndrome type 3,ERCC8
90153,Mandibuloacral dysplasia with type A lipodystrophy,LMNA
90154,Mandibuloacral dysplasia with type B lipodystrophy,ZMPSTE24
90186,Meige disease,EPHB4
90118,Severe early-onset axonal neuropathy due to MFN2 deficiency,MFN2
90117,"Hereditary motor and sensory neuropathy, Okinawa type",TFG
90120,Hereditary motor and sensory neuropathy type 6,SLC25A46
90120,Hereditary motor and sensory neuropathy type 6,MFN2
88644,"Autosomal recessive ataxia, Beauce type",SYNE1
88637,Hypomyelination-hypogonadotropic hypogonadism-hypodontia syndrome,POLR3B
88637,Hypomyelination-hypogonadotropic hypogonadism-hypodontia syndrome,POLR1C
88637,Hypomyelination-hypogonadotropic hypogonadism-hypodontia syndrome,POLR3A
88639,Neurodegeneration due to 3-hydroxyisobutyryl-CoA hydrolase deficiency,HIBCH
88642,Congenital insensitivity to pain-anosmia-neuropathic arthropathy,SCN9A
88642,Congenital insensitivity to pain-anosmia-neuropathic arthropathy,SCN10A
88642,Congenital insensitivity to pain-anosmia-neuropathic arthropathy,SCN11A
88635,Vacuolar myopathy with sarcoplasmic reticulum protein aggregates,CASQ1
88621,Ichthyosis-prematurity syndrome,SLC27A4
88628,Posterior column ataxia-retinitis pigmentosa syndrome,FLVCR1
88629,Tritanopia,OPN1SW
88630,Terminal osseous dysplasia-pigmentary defects syndrome,FLNA
88620,Isolated congenital anosmia,TENM1
88620,Isolated congenital anosmia,CNGA2
88619,Familial acute necrotizing encephalopathy,RANBP2
88618,S-adenosylhomocysteine hydrolase deficiency,AHCY
88616,Autosomal recessive non-syndromic intellectual disability,DCPS
88616,Autosomal recessive non-syndromic intellectual disability,B3GALNT2
88616,Autosomal recessive non-syndromic intellectual disability,IMPA1
88616,Autosomal recessive non-syndromic intellectual disability,ABCA2
88616,Autosomal recessive non-syndromic intellectual disability,CHKA
88616,Autosomal recessive non-syndromic intellectual disability,GRIA1
88616,Autosomal recessive non-syndromic intellectual disability,CEP104
88616,Autosomal recessive non-syndromic intellectual disability,GRIN1
88616,Autosomal recessive non-syndromic intellectual disability,AIMP1
88616,Autosomal recessive non-syndromic intellectual disability,CRBN
88616,Autosomal recessive non-syndromic intellectual disability,TUSC3
88616,Autosomal recessive non-syndromic intellectual disability,TECR
88616,Autosomal recessive non-syndromic intellectual disability,GRIK2
88616,Autosomal recessive non-syndromic intellectual disability,WASHC4
88616,Autosomal recessive non-syndromic intellectual disability,TRAPPC9
88616,Autosomal recessive non-syndromic intellectual disability,PRSS12
88616,Autosomal recessive non-syndromic intellectual disability,MED23
88616,Autosomal recessive non-syndromic intellectual disability,CRADD
88616,Autosomal recessive non-syndromic intellectual disability,ZC3H14
88616,Autosomal recessive non-syndromic intellectual disability,NSUN2
88616,Autosomal recessive non-syndromic intellectual disability,LINS1
88616,Autosomal recessive non-syndromic intellectual disability,PGAP1
88616,Autosomal recessive non-syndromic intellectual disability,METTL23
88616,Autosomal recessive non-syndromic intellectual disability,CLIP1
88616,Autosomal recessive non-syndromic intellectual disability,FBXO31
88616,Autosomal recessive non-syndromic intellectual disability,NDST1
88616,Autosomal recessive non-syndromic intellectual disability,FMN2
88616,Autosomal recessive non-syndromic intellectual disability,EDC3
88616,Autosomal recessive non-syndromic intellectual disability,HNMT
88616,Autosomal recessive non-syndromic intellectual disability,EZR
88616,Autosomal recessive non-syndromic intellectual disability,LMAN2L
88616,Autosomal recessive non-syndromic intellectual disability,NEMF
88616,Autosomal recessive non-syndromic intellectual disability,GRM7
88616,Autosomal recessive non-syndromic intellectual disability,IQSEC1
88616,Autosomal recessive non-syndromic intellectual disability,TNIK
88616,Autosomal recessive non-syndromic intellectual disability,NCDN
88616,Autosomal recessive non-syndromic intellectual disability,UBE4A
88616,Autosomal recessive non-syndromic intellectual disability,TTC5
88616,Autosomal recessive non-syndromic intellectual disability,PIGC
88616,Autosomal recessive non-syndromic intellectual disability,SLC45A1
88616,Autosomal recessive non-syndromic intellectual disability,GEMIN5
88616,Autosomal recessive non-syndromic intellectual disability,FRRS1L
88616,Autosomal recessive non-syndromic intellectual disability,ALKBH8
88616,Autosomal recessive non-syndromic intellectual disability,MBOAT7
88616,Autosomal recessive non-syndromic intellectual disability,FERRY3
88616,Autosomal recessive non-syndromic intellectual disability,SARS1
88616,Autosomal recessive non-syndromic intellectual disability,RSRC1
88616,Autosomal recessive non-syndromic intellectual disability,MED25
88616,Autosomal recessive non-syndromic intellectual disability,NAA20
88616,Autosomal recessive non-syndromic intellectual disability,CC2D1A
88616,Autosomal recessive non-syndromic intellectual disability,MAN1B1
88616,Autosomal recessive non-syndromic intellectual disability,TPR
88616,Autosomal recessive non-syndromic intellectual disability,KDM5B
88616,Autosomal recessive non-syndromic intellectual disability,EEF1B2
87503,Mal de Meleda,SLURP1
86920,Dermatopathia pigmentosa reticularis,KRT14
522077,Infantile hypotonia-oculomotor anomalies-hyperkinetic movements-developmental delay syndrome,SYT1
86911,Epilepsy with myoclonic absences,SLC2A1
521450,LAMA5-related multisystemic syndrome,LAMA5
521445,Microcephaly-facial dysmorphism-ocular anomalies-multiple congenital anomalies syndrome,ADAMTSL1
521438,Congenital vertebral-cardiac-renal anomalies syndrome,KYNU
521438,Congenital vertebral-cardiac-renal anomalies syndrome,NADSYN1
521438,Congenital vertebral-cardiac-renal anomalies syndrome,HAAO
521432,Congenital cataract-severe neonatal hepatopathy-global developmental delay syndrome,CYP51A1
521426,PLAA-associated neurodevelopmental disorder,PLAA
521414,Autosomal dominant Charcot-Marie-Tooth disease type 2DD,ATP1A1
521258,Xq25 microduplication syndrome,STAG2
521305,Proximal myopathy with focal depletion of mitochondria,CHKB
521390,Spastic paraplegia-intellectual disability-nystagmus-obesity syndrome,KIDINS220
521406,Dystonia-parkinsonism-hypermanganesemia syndrome,SLC39A14
89838,Autosomal recessive generalized epidermolysis bullosa simplex,KRT14
521411,Autosomal recessive axonal Charcot-Marie-Tooth disease due to copper metabolism defect,SCO2
88949,MUC1-related autosomal dominant tubulointerstitial kidney disease,MUC1
88950,UMOD-related autosomal dominant tubulointerstitial kidney disease,UMOD
88940,Pseudohypoaldosteronism type 2C,WNK1
88939,Pseudohypoaldosteronism type 2B,WNK4
88924,Autosomal dominant polycystic kidney disease type 1 with tuberous sclerosis,TSC2
88924,Autosomal dominant polycystic kidney disease type 1 with tuberous sclerosis,PKD1
88918,Autosomal dominant Alport syndrome,COL4A3
88918,Autosomal dominant Alport syndrome,COL4A4
88919,Autosomal recessive Alport syndrome,COL4A3
88919,Autosomal recessive Alport syndrome,COL4A4
88917,X-linked Alport syndrome,COL4A5
93256,Fragile X-associated tremor/ataxia syndrome,FMR1
528105,Hypohidrosis-electrolyte imbalance-lacrimal gland dysfunction-ichthyosis-xerostomia syndrome,CLDN10
528091,Hydrops-lactic acidosis-sideroblastic anemia-multisystemic failure syndrome,LARS2
528084,Non-specific syndromic intellectual disability,ZMIZ1
528084,Non-specific syndromic intellectual disability,PUS7
528084,Non-specific syndromic intellectual disability,TRAPPC4
528084,Non-specific syndromic intellectual disability,MAN2C1
528084,Non-specific syndromic intellectual disability,BAP1
528084,Non-specific syndromic intellectual disability,TRIP12
528084,Non-specific syndromic intellectual disability,ZNF526
528084,Non-specific syndromic intellectual disability,BCORL1
528084,Non-specific syndromic intellectual disability,CHD5
528084,Non-specific syndromic intellectual disability,PAK3
528084,Non-specific syndromic intellectual disability,BRWD3
528084,Non-specific syndromic intellectual disability,TBR1
528084,Non-specific syndromic intellectual disability,AGO1
528084,Non-specific syndromic intellectual disability,KMT2E
528084,Non-specific syndromic intellectual disability,SVBP
528084,Non-specific syndromic intellectual disability,CERT1
528084,Non-specific syndromic intellectual disability,FBXW11
528084,Non-specific syndromic intellectual disability,ANKRD17
528084,Non-specific syndromic intellectual disability,EMC10
528084,Non-specific syndromic intellectual disability,SPTBN1
528084,Non-specific syndromic intellectual disability,LMBRD2
528084,Non-specific syndromic intellectual disability,TRMT1
528084,Non-specific syndromic intellectual disability,CNOT1
528084,Non-specific syndromic intellectual disability,CDK8
528084,Non-specific syndromic intellectual disability,PGM2L1
528084,Non-specific syndromic intellectual disability,CTR9
528084,Non-specific syndromic intellectual disability,RALA
528084,Non-specific syndromic intellectual disability,NOVA2
528084,Non-specific syndromic intellectual disability,HNRNPC
528084,Non-specific syndromic intellectual disability,ATP6V0A1
528084,Non-specific syndromic intellectual disability,TAF4
528084,Non-specific syndromic intellectual disability,EIF4A2
528084,Non-specific syndromic intellectual disability,SCAF4
528084,Non-specific syndromic intellectual disability,CAPRIN1
528084,Non-specific syndromic intellectual disability,PPP2CA
528084,Non-specific syndromic intellectual disability,MED12L
528084,Non-specific syndromic intellectual disability,TMEM222
528084,Non-specific syndromic intellectual disability,OTUD5
528084,Non-specific syndromic intellectual disability,SIAH1
528084,Non-specific syndromic intellectual disability,RAC3
528084,Non-specific syndromic intellectual disability,FAM50A
528084,Non-specific syndromic intellectual disability,ZMYM2
528084,Non-specific syndromic intellectual disability,AP1G1
528084,Non-specific syndromic intellectual disability,ATP9A
528084,Non-specific syndromic intellectual disability,DOHH
528084,Non-specific syndromic intellectual disability,ADGRL1
528084,Non-specific syndromic intellectual disability,CSNK2A1
528084,Non-specific syndromic intellectual disability,TNRC6B
528084,Non-specific syndromic intellectual disability,CUL3
528084,Non-specific syndromic intellectual disability,SETD5
528084,Non-specific syndromic intellectual disability,SRCAP
528084,Non-specific syndromic intellectual disability,RNF2
528084,Non-specific syndromic intellectual disability,SYNCRIP
528084,Non-specific syndromic intellectual disability,GNB2
528084,Non-specific syndromic intellectual disability,PRPF8
528084,Non-specific syndromic intellectual disability,NRCAM
528084,Non-specific syndromic intellectual disability,H4C5
528084,Non-specific syndromic intellectual disability,TIAM1
528084,Non-specific syndromic intellectual disability,CACNA1C
528084,Non-specific syndromic intellectual disability,WDFY3
528084,Non-specific syndromic intellectual disability,GRIK2
528084,Non-specific syndromic intellectual disability,NTNG1
528084,Non-specific syndromic intellectual disability,CNOT3
528084,Non-specific syndromic intellectual disability,UBR7
528084,Non-specific syndromic intellectual disability,WASF1
528084,Non-specific syndromic intellectual disability,ZNF142
528084,Non-specific syndromic intellectual disability,SETD1A
528084,Non-specific syndromic intellectual disability,MADD
528084,Non-specific syndromic intellectual disability,NTNG2
528084,Non-specific syndromic intellectual disability,H4C3
528084,Non-specific syndromic intellectual disability,CCDC32
528084,Non-specific syndromic intellectual disability,PALS1
528084,Non-specific syndromic intellectual disability,KDM4B
528084,Non-specific syndromic intellectual disability,ACTL6B
528084,Non-specific syndromic intellectual disability,DLG4
528084,Non-specific syndromic intellectual disability,DDX6
528084,Non-specific syndromic intellectual disability,DPYSL5
528084,Non-specific syndromic intellectual disability,MED27
528084,Non-specific syndromic intellectual disability,HPDL
528084,Non-specific syndromic intellectual disability,HS2ST1
528084,Non-specific syndromic intellectual disability,GRIA4
528084,Non-specific syndromic intellectual disability,MED13
528084,Non-specific syndromic intellectual disability,TCF20
528084,Non-specific syndromic intellectual disability,TCF7L2
528084,Non-specific syndromic intellectual disability,JARID2
528084,Non-specific syndromic intellectual disability,HUWE1
528084,Non-specific syndromic intellectual disability,PTPN23
528084,Non-specific syndromic intellectual disability,MAPK8IP3
528084,Non-specific syndromic intellectual disability,TANC2
528084,Non-specific syndromic intellectual disability,EIF5A
528084,Non-specific syndromic intellectual disability,ZNF699
528084,Non-specific syndromic intellectual disability,H4C9
528084,Non-specific syndromic intellectual disability,DOCK3
528084,Non-specific syndromic intellectual disability,NAA15
528084,Non-specific syndromic intellectual disability,RORA
528084,Non-specific syndromic intellectual disability,RLIM
528084,Non-specific syndromic intellectual disability,ACTL6A
528084,Non-specific syndromic intellectual disability,CLCN3
528084,Non-specific syndromic intellectual disability,AGO2
528084,Non-specific syndromic intellectual disability,KAT8
528084,Non-specific syndromic intellectual disability,HTT
528084,Non-specific syndromic intellectual disability,ATP2B1
528084,Non-specific syndromic intellectual disability,PLXNA1
528084,Non-specific syndromic intellectual disability,KMT2B
528084,Non-specific syndromic intellectual disability,PCDHGC4
528084,Non-specific syndromic intellectual disability,CPSF3
528084,Non-specific syndromic intellectual disability,MSL2
528084,Non-specific syndromic intellectual disability,UPF1
528084,Non-specific syndromic intellectual disability,FBXO11
528084,Non-specific syndromic intellectual disability,MYCBP2
528084,Non-specific syndromic intellectual disability,FBXW7
528084,Non-specific syndromic intellectual disability,ZNF292
528084,Non-specific syndromic intellectual disability,WARS1
528084,Non-specific syndromic intellectual disability,PSMD12
93262,Crouzon syndrome-acanthosis nigricans syndrome,FGFR3
93260,Pfeiffer syndrome type 3,FGFR2
93259,Pfeiffer syndrome type 2,FGFR2
93258,Pfeiffer syndrome type 1,FGFR1
93258,Pfeiffer syndrome type 1,FGFR2
93271,"Short rib-polydactyly syndrome, Verma-Naumoff type",IFT80
93271,"Short rib-polydactyly syndrome, Verma-Naumoff type",DYNC2H1
93271,"Short rib-polydactyly syndrome, Verma-Naumoff type",WDR35
93271,"Short rib-polydactyly syndrome, Verma-Naumoff type",DYNC2I1
93271,"Short rib-polydactyly syndrome, Verma-Naumoff type",DYNC2I2
93269,"Short rib-polydactyly syndrome, Majewski type",TRAF3IP1
93269,"Short rib-polydactyly syndrome, Majewski type",DYNC2H1
93269,"Short rib-polydactyly syndrome, Majewski type",NEK1
93270,"Short rib-polydactyly syndrome, Saldino-Noonan type",DYNC2H1
93268,"Short rib-polydactyly syndrome, Beemer-Langer type",IFT80
93268,"Short rib-polydactyly syndrome, Beemer-Langer type",IFT122
93282,"Spondyloepimetaphyseal dysplasia, PAPSS2 type",PAPSS2
93283,"Spondyloepiphyseal dysplasia, Kimberley type",ACAN
93279,Mild spondyloepiphyseal dysplasia due to COL2A1 mutation with early-onset osteoarthritis,COL2A1
93276,Polyostotic fibrous dysplasia,GNAS
93277,Monostotic fibrous dysplasia,GNAS
93274,Thanatophoric dysplasia type 2,FGFR3
527497,NKX6-2-related autosomal recessive hypomyelinating leukodystrophy,NKX6-2
93110,Posterior urethral valve,BNC2
527450,Severe myopia-generalized joint laxity-short stature syndrome,GZF1
93100,"Renal agenesis, unilateral",RET
93100,"Renal agenesis, unilateral",FRAS1
93100,"Renal agenesis, unilateral",BMP4
93100,"Renal agenesis, unilateral",FREM2
93100,"Renal agenesis, unilateral",FREM1
93100,"Renal agenesis, unilateral",UPK3A
93100,"Renal agenesis, unilateral",DSTYK
93100,"Renal agenesis, unilateral",GREB1L
527468,Diaphragmatic hernia-short bowel-asplenia syndrome,HLX
92050,Congenital tufting enteropathy,EPCAM
93160,Hypocalcemic vitamin D-resistant rickets,VDR
93114,Autosomal dominant intermediate Charcot-Marie-Tooth disease type E,INF2
93111,HNF1B-related autosomal dominant tubulointerstitial kidney disease,HNF1B
93172,"Renal dysplasia, unilateral",HNF1B
93173,"Renal dysplasia, bilateral",HNF1B
93322,Isolated tibial hemimelia,GLI3
93321,Isolated radial hemimelia,LMBR1
93321,Isolated radial hemimelia,SHH
93325,Autosomal dominant Kenny-Caffey syndrome,FAM111A
93324,Autosomal recessive Kenny-Caffey syndrome,TBCE
93329,Autosomal recessive omodysplasia,GPC6
93328,Autosomal dominant omodysplasia,FZD2
93336,Polydactyly of a triphalangeal thumb,SHH
93336,Polydactyly of a triphalangeal thumb,LMBR1
93335,Postaxial polydactyly type B,GLI1
93335,Postaxial polydactyly type B,GLI3
93334,Postaxial polydactyly type A,GLI1
93334,Postaxial polydactyly type A,KIAA0825
93334,Postaxial polydactyly type A,ZNF141
93334,Postaxial polydactyly type A,IQCE
93334,Postaxial polydactyly type A,GLI3
93334,Postaxial polydactyly type A,CIBAR1
93333,Pelviscapular dysplasia,TBX15
93339,Polydactyly of a biphalangeal thumb and/or hallux,GLI1
93338,Polysyndactyly,GLI3
93349,X-linked spondyloepimetaphyseal dysplasia,BGN
93346,"Spondyloepimetaphyseal dysplasia congenita, Strudwick type",COL2A1
93347,Anauxetic dysplasia,RMRP
93347,Anauxetic dysplasia,POP1
93347,Anauxetic dysplasia,RMP64
93356,"Spondyloepimetaphyseal dysplasia, Missouri type",MMP13
93352,"Spondyloepimetaphyseal dysplasia, Shohat type",DDRGK1
93284,Spondyloepiphyseal dysplasia tarda,TRAPPC2
93296,Achondrogenesis type 2,COL2A1
93298,Achondrogenesis type 1B,SLC26A2
93297,Hypochondrogenesis,COL2A1
93299,Achondrogenesis type 1A,TRIP11
93304,Autosomal dominant brachyolmia,TRPV4
93307,Multiple epiphyseal dysplasia type 4,SLC26A2
93308,Multiple epiphyseal dysplasia type 1,COMP
93311,Multiple epiphyseal dysplasia type 5,MATN3
93314,"Spondylometaphyseal dysplasia, Kozlowski type",TRPV4
93315,"Spondylometaphyseal dysplasia, 'corner fracture' type",COL2A1
93315,"Spondylometaphyseal dysplasia, 'corner fracture' type",FN1
93316,"Spondylometaphyseal dysplasia, Schmidt type",COL2A1
93317,"Spondylometaphyseal dysplasia, Sedaghatian type",GPX4
529962,17q24.2 microdeletion syndrome,BPTF
529962,17q24.2 microdeletion syndrome,PSMD12
90673,Hypothyroidism due to TSH receptor mutations,TSHR
90674,Isolated thyroid-stimulating hormone deficiency,TSHB
90658,Charcot-Marie-Tooth disease type 1E,PMP22
90791,Congenital adrenal hyperplasia due to 3-beta-hydroxysteroid dehydrogenase deficiency,HSD3B2
529980,Immune dysregulation-inflammatory bowel disease- recurrent sinopulmonary infections syndrome,NFAT5
529977,Immune dysregulation-inflammatory bowel disease-arthritis-recurrent infections-lymphopenia syndrome,RIPK1
90695,Non-acquired panhypopituitarism,SOX3
90695,Non-acquired panhypopituitarism,PROP1
529965,Intellectual disability-autism-speech apraxia-craniofacial dysmorphism syndrome,CHD1
529970,Male infertility due to acephalic spermatozoa,PMFBP1
529970,Male infertility due to acephalic spermatozoa,SUN5
90625,Rare X-linked non-syndromic sensorineural deafness type DFN,PRPS1
90625,Rare X-linked non-syndromic sensorineural deafness type DFN,COL4A6
90625,Rare X-linked non-syndromic sensorineural deafness type DFN,SMPX
90635,Rare autosomal dominant non-syndromic sensorineural deafness type DFNA,KITLG
90635,Rare autosomal dominant non-syndromic sensorineural deafness type DFNA,CENPP
90635,Rare autosomal dominant non-syndromic sensorineural deafness type DFNA,USP48
90635,Rare autosomal dominant non-syndromic sensorineural deafness type DFNA,SSBP1
90635,Rare autosomal dominant non-syndromic sensorineural deafness type DFNA,TRRAP
90635,Rare autosomal dominant non-syndromic sensorineural deafness type DFNA,PDE1C
90635,Rare autosomal dominant non-syndromic sensorineural deafness type DFNA,ATP11A
90635,Rare autosomal dominant non-syndromic sensorineural deafness type DFNA,SLC44A4
90635,Rare autosomal dominant non-syndromic sensorineural deafness type DFNA,POU4F3
90635,Rare autosomal dominant non-syndromic sensorineural deafness type DFNA,SIX1
90635,Rare autosomal dominant non-syndromic sensorineural deafness type DFNA,TECTA
90635,Rare autosomal dominant non-syndromic sensorineural deafness type DFNA,TMC1
90635,Rare autosomal dominant non-syndromic sensorineural deafness type DFNA,WFS1
90635,Rare autosomal dominant non-syndromic sensorineural deafness type DFNA,COCH
90635,Rare autosomal dominant non-syndromic sensorineural deafness type DFNA,COL11A2
90635,Rare autosomal dominant non-syndromic sensorineural deafness type DFNA,GSDME
90635,Rare autosomal dominant non-syndromic sensorineural deafness type DFNA,COL11A1
90635,Rare autosomal dominant non-syndromic sensorineural deafness type DFNA,EYA4
90635,Rare autosomal dominant non-syndromic sensorineural deafness type DFNA,GJB2
90635,Rare autosomal dominant non-syndromic sensorineural deafness type DFNA,GJB3
90635,Rare autosomal dominant non-syndromic sensorineural deafness type DFNA,GJB6
90635,Rare autosomal dominant non-syndromic sensorineural deafness type DFNA,KCNQ4
90635,Rare autosomal dominant non-syndromic sensorineural deafness type DFNA,MYH14
90635,Rare autosomal dominant non-syndromic sensorineural deafness type DFNA,MYH9
90635,Rare autosomal dominant non-syndromic sensorineural deafness type DFNA,MYO6
90635,Rare autosomal dominant non-syndromic sensorineural deafness type DFNA,MYO7A
90635,Rare autosomal dominant non-syndromic sensorineural deafness type DFNA,CCDC50
90635,Rare autosomal dominant non-syndromic sensorineural deafness type DFNA,GRHL2
90635,Rare autosomal dominant non-syndromic sensorineural deafness type DFNA,CRYM
90635,Rare autosomal dominant non-syndromic sensorineural deafness type DFNA,ACTG1
90635,Rare autosomal dominant non-syndromic sensorineural deafness type DFNA,SLC17A8
90635,Rare autosomal dominant non-syndromic sensorineural deafness type DFNA,MIR96
90635,Rare autosomal dominant non-syndromic sensorineural deafness type DFNA,TBC1D24
90635,Rare autosomal dominant non-syndromic sensorineural deafness type DFNA,TJP2
90635,Rare autosomal dominant non-syndromic sensorineural deafness type DFNA,CEACAM16
90635,Rare autosomal dominant non-syndromic sensorineural deafness type DFNA,DIAPH3
90635,Rare autosomal dominant non-syndromic sensorineural deafness type DFNA,DIABLO
90635,Rare autosomal dominant non-syndromic sensorineural deafness type DFNA,P2RX2
90635,Rare autosomal dominant non-syndromic sensorineural deafness type DFNA,TNC
90635,Rare autosomal dominant non-syndromic sensorineural deafness type DFNA,MYO1C
90635,Rare autosomal dominant non-syndromic sensorineural deafness type DFNA,OSBPL2
90635,Rare autosomal dominant non-syndromic sensorineural deafness type DFNA,HOMER2
90635,Rare autosomal dominant non-syndromic sensorineural deafness type DFNA,MCM2
90635,Rare autosomal dominant non-syndromic sensorineural deafness type DFNA,CD164
90635,Rare autosomal dominant non-syndromic sensorineural deafness type DFNA,ABCC1
90635,Rare autosomal dominant non-syndromic sensorineural deafness type DFNA,PTPRQ
90635,Rare autosomal dominant non-syndromic sensorineural deafness type DFNA,PLS1
90635,Rare autosomal dominant non-syndromic sensorineural deafness type DFNA,MAP1B
90635,Rare autosomal dominant non-syndromic sensorineural deafness type DFNA,DMXL2
90635,Rare autosomal dominant non-syndromic sensorineural deafness type DFNA,MYO1A
90636,Rare autosomal recessive non-syndromic sensorineural deafness type DFNB,PPIP5K2
90636,Rare autosomal recessive non-syndromic sensorineural deafness type DFNB,TMEM132E
90636,Rare autosomal recessive non-syndromic sensorineural deafness type DFNB,GRAP
90636,Rare autosomal recessive non-syndromic sensorineural deafness type DFNB,BDP1
90636,Rare autosomal recessive non-syndromic sensorineural deafness type DFNB,AFG2B
90636,Rare autosomal recessive non-syndromic sensorineural deafness type DFNB,CEACAM16
90636,Rare autosomal recessive non-syndromic sensorineural deafness type DFNB,NARS2
90636,Rare autosomal recessive non-syndromic sensorineural deafness type DFNB,ROR1
90636,Rare autosomal recessive non-syndromic sensorineural deafness type DFNB,WBP2
90636,Rare autosomal recessive non-syndromic sensorineural deafness type DFNB,EPS8L2
90636,Rare autosomal recessive non-syndromic sensorineural deafness type DFNB,SLC26A4
90636,Rare autosomal recessive non-syndromic sensorineural deafness type DFNB,BSND
90636,Rare autosomal recessive non-syndromic sensorineural deafness type DFNB,CDH23
90636,Rare autosomal recessive non-syndromic sensorineural deafness type DFNB,TECTA
90636,Rare autosomal recessive non-syndromic sensorineural deafness type DFNB,TMC1
90636,Rare autosomal recessive non-syndromic sensorineural deafness type DFNB,TMIE
90636,Rare autosomal recessive non-syndromic sensorineural deafness type DFNB,TMPRSS3
90636,Rare autosomal recessive non-syndromic sensorineural deafness type DFNB,USH1C
90636,Rare autosomal recessive non-syndromic sensorineural deafness type DFNB,COL11A2
90636,Rare autosomal recessive non-syndromic sensorineural deafness type DFNB,ELMOD3
90636,Rare autosomal recessive non-syndromic sensorineural deafness type DFNB,GJB2
90636,Rare autosomal recessive non-syndromic sensorineural deafness type DFNB,GJB3
90636,Rare autosomal recessive non-syndromic sensorineural deafness type DFNB,GJB6
90636,Rare autosomal recessive non-syndromic sensorineural deafness type DFNB,MET
90636,Rare autosomal recessive non-syndromic sensorineural deafness type DFNB,MYO15A
90636,Rare autosomal recessive non-syndromic sensorineural deafness type DFNB,MYO6
90636,Rare autosomal recessive non-syndromic sensorineural deafness type DFNB,MYO7A
90636,Rare autosomal recessive non-syndromic sensorineural deafness type DFNB,OTOF
90636,Rare autosomal recessive non-syndromic sensorineural deafness type DFNB,PCDH15
90636,Rare autosomal recessive non-syndromic sensorineural deafness type DFNB,WHRN
90636,Rare autosomal recessive non-syndromic sensorineural deafness type DFNB,STRC
90636,Rare autosomal recessive non-syndromic sensorineural deafness type DFNB,TRIOBP
90636,Rare autosomal recessive non-syndromic sensorineural deafness type DFNB,RDX
90636,Rare autosomal recessive non-syndromic sensorineural deafness type DFNB,LHFPL5
90636,Rare autosomal recessive non-syndromic sensorineural deafness type DFNB,ESPN
90636,Rare autosomal recessive non-syndromic sensorineural deafness type DFNB,ESRRB
90636,Rare autosomal recessive non-syndromic sensorineural deafness type DFNB,MARVELD2
90636,Rare autosomal recessive non-syndromic sensorineural deafness type DFNB,MYO3A
90636,Rare autosomal recessive non-syndromic sensorineural deafness type DFNB,SLC26A5
90636,Rare autosomal recessive non-syndromic sensorineural deafness type DFNB,OTOA
90636,Rare autosomal recessive non-syndromic sensorineural deafness type DFNB,PJVK
90636,Rare autosomal recessive non-syndromic sensorineural deafness type DFNB,CLDN14
90636,Rare autosomal recessive non-syndromic sensorineural deafness type DFNB,LRTOMT
90636,Rare autosomal recessive non-syndromic sensorineural deafness type DFNB,HGF
90636,Rare autosomal recessive non-syndromic sensorineural deafness type DFNB,LOXHD1
90636,Rare autosomal recessive non-syndromic sensorineural deafness type DFNB,GRXCR1
90636,Rare autosomal recessive non-syndromic sensorineural deafness type DFNB,TPRN
90636,Rare autosomal recessive non-syndromic sensorineural deafness type DFNB,PTPRQ
90636,Rare autosomal recessive non-syndromic sensorineural deafness type DFNB,SERPINB6
90636,Rare autosomal recessive non-syndromic sensorineural deafness type DFNB,TBC1D24
90636,Rare autosomal recessive non-syndromic sensorineural deafness type DFNB,GPSM2
90636,Rare autosomal recessive non-syndromic sensorineural deafness type DFNB,MSRB3
90636,Rare autosomal recessive non-syndromic sensorineural deafness type DFNB,ILDR1
90636,Rare autosomal recessive non-syndromic sensorineural deafness type DFNB,KARS1
90636,Rare autosomal recessive non-syndromic sensorineural deafness type DFNB,GIPC3
90636,Rare autosomal recessive non-syndromic sensorineural deafness type DFNB,CIB2
90636,Rare autosomal recessive non-syndromic sensorineural deafness type DFNB,CABP2
90636,Rare autosomal recessive non-syndromic sensorineural deafness type DFNB,OTOG
90636,Rare autosomal recessive non-syndromic sensorineural deafness type DFNB,PNPT1
90636,Rare autosomal recessive non-syndromic sensorineural deafness type DFNB,OTOGL
90636,Rare autosomal recessive non-syndromic sensorineural deafness type DFNB,SYNE4
90636,Rare autosomal recessive non-syndromic sensorineural deafness type DFNB,SLITRK6
90636,Rare autosomal recessive non-syndromic sensorineural deafness type DFNB,GRXCR2
90636,Rare autosomal recessive non-syndromic sensorineural deafness type DFNB,EPS8
90636,Rare autosomal recessive non-syndromic sensorineural deafness type DFNB,ADCY1
90636,Rare autosomal recessive non-syndromic sensorineural deafness type DFNB,CLIC5
90636,Rare autosomal recessive non-syndromic sensorineural deafness type DFNB,RIPOR2
90636,Rare autosomal recessive non-syndromic sensorineural deafness type DFNB,DCDC2
90636,Rare autosomal recessive non-syndromic sensorineural deafness type DFNB,ATP2B2
90636,Rare autosomal recessive non-syndromic sensorineural deafness type DFNB,S1PR2
90636,Rare autosomal recessive non-syndromic sensorineural deafness type DFNB,MPZL2
90636,Rare autosomal recessive non-syndromic sensorineural deafness type DFNB,CDC14A
90636,Rare autosomal recessive non-syndromic sensorineural deafness type DFNB,GJA1
90636,Rare autosomal recessive non-syndromic sensorineural deafness type DFNB,MINAR2
529574,Duane retraction syndrome with congenital deafness,MAFB
90368,Hypotrichosis simplex of the scalp,KRT74
90368,Hypotrichosis simplex of the scalp,CDSN
90389,Telangiectasia macularis eruptiva perstans,KIT
90653,Stickler syndrome type 1,COL2A1
90652,Otopalatodigital syndrome type 2,FLNA
90654,Stickler syndrome type 2,COL11A1
529665,Neurodevelopmental delay-seizures-ophthalmic anomalies-osteopenia-cerebellar atrophy syndrome,GPAA1
90647,Jervell and Lange-Nielsen syndrome,KCNE1
90647,Jervell and Lange-Nielsen syndrome,KCNQ1
90650,Otopalatodigital syndrome type 1,FLNA
90641,Rare mitochondrial non-syndromic sensorineural deafness,POU3F4
90641,Rare mitochondrial non-syndromic sensorineural deafness,MT-ND4
90641,Rare mitochondrial non-syndromic sensorineural deafness,TFB1M
90641,Rare mitochondrial non-syndromic sensorineural deafness,TRMU
90641,Rare mitochondrial non-syndromic sensorineural deafness,MT-CO1
90641,Rare mitochondrial non-syndromic sensorineural deafness,MT-RNR1
90641,Rare mitochondrial non-syndromic sensorineural deafness,MT-TH
90641,Rare mitochondrial non-syndromic sensorineural deafness,MT-TS1
91387,Familial thoracic aortic aneurysm and aortic dissection,FOXE3
91387,Familial thoracic aortic aneurysm and aortic dissection,THSD4
91387,Familial thoracic aortic aneurysm and aortic dissection,SMAD2
91387,Familial thoracic aortic aneurysm and aortic dissection,LOX
91387,Familial thoracic aortic aneurysm and aortic dissection,MAT2A
91387,Familial thoracic aortic aneurysm and aortic dissection,ELN
91387,Familial thoracic aortic aneurysm and aortic dissection,HEY2
91387,Familial thoracic aortic aneurysm and aortic dissection,EFEMP2
91387,Familial thoracic aortic aneurysm and aortic dissection,TGFB3
91387,Familial thoracic aortic aneurysm and aortic dissection,TGFBR1
91387,Familial thoracic aortic aneurysm and aortic dissection,TGFBR2
91387,Familial thoracic aortic aneurysm and aortic dissection,FBN1
91387,Familial thoracic aortic aneurysm and aortic dissection,ACTA2
91387,Familial thoracic aortic aneurysm and aortic dissection,MYLK
91387,Familial thoracic aortic aneurysm and aortic dissection,SMAD3
91387,Familial thoracic aortic aneurysm and aortic dissection,PRKG1
91387,Familial thoracic aortic aneurysm and aortic dissection,MFAP5
91387,Familial thoracic aortic aneurysm and aortic dissection,TGFB2
91387,Familial thoracic aortic aneurysm and aortic dissection,SMAD4
91387,Familial thoracic aortic aneurysm and aortic dissection,MYH11
91411,Congenital ptosis,COL25A1
91411,Congenital ptosis,ZFHX4
91496,Snowflake vitreoretinal degeneration,KCNJ13
91495,Persistent hyperplastic primary vitreous,FZD4
91495,Persistent hyperplastic primary vitreous,NDP
91495,Persistent hyperplastic primary vitreous,ATOH7
91481,Ring dermoid of cornea,PITX2
91414,Pilomatrixoma,CTNNB1
91490,Isolated congenital sclerocornea,GJA8
91489,Isolated congenital megalocornea,CHRDL1
91483,Rieger anomaly,PITX2
91483,Rieger anomaly,FOXC1
91130,Cardiomyopathy-hypotonia-lactic acidosis syndrome,SLC25A3
91131,DK1-CDG,DOLK
91132,Ichthyosis-hypotrichosis syndrome,ST14
90793,Congenital adrenal hyperplasia due to 17-alpha-hydroxylase deficiency,CYP17A1
90795,Congenital adrenal hyperplasia due to 11-beta-hydroxylase deficiency,CYP11B1
90796,"46,XY difference of sex development due to isolated 17,20-lyase deficiency",CYB5A
90796,"46,XY difference of sex development due to isolated 17,20-lyase deficiency",CYP17A1
90797,Partial androgen insensitivity syndrome,AR
91347,TSH-secreting pituitary adenoma,CDH23
91352,Germinoma of the central nervous system,JMJD1C
91135,Body skin hyperlaxity due to vitamin K-dependent coagulation factor deficiency,GGCX
79396,"Autosomal dominant generalized epidermolysis bullosa simplex, severe form",KRT14
79396,"Autosomal dominant generalized epidermolysis bullosa simplex, severe form",KRT5
79397,Epidermolysis bullosa simplex with mottled pigmentation,KRT14
79397,Epidermolysis bullosa simplex with mottled pigmentation,KRT5
79394,Congenital ichthyosiform erythroderma,ABCA12
79394,Congenital ichthyosiform erythroderma,ALOX12B
79394,Congenital ichthyosiform erythroderma,ALOXE3
79394,Congenital ichthyosiform erythroderma,TGM1
79394,Congenital ichthyosiform erythroderma,NIPAL4
79394,Congenital ichthyosiform erythroderma,PNPLA1
79394,Congenital ichthyosiform erythroderma,CERS3
79394,Congenital ichthyosiform erythroderma,SULT2B1
79394,Congenital ichthyosiform erythroderma,SDR9C7
79395,Keratoderma hereditarium mutilans with ichthyosis,LORICRIN
79414,Woolly hair nevus,HRAS
79399,"Autosomal dominant generalized epidermolysis bullosa simplex, intermediate form",KRT14
79399,"Autosomal dominant generalized epidermolysis bullosa simplex, intermediate form",KRT5
79401,PLEC-related intermediate epidermolysis bullosa simplex without extracutaneous involvement,PLEC
79400,Localized epidermolysis bullosa simplex,KRT14
79400,Localized epidermolysis bullosa simplex,KRT5
79403,Junctional epidermolysis bullosa with pyloric atresia,ITGA6
79403,Junctional epidermolysis bullosa with pyloric atresia,ITGB4
79402,Intermediate generalized junctional epidermolysis bullosa,COL17A1
79402,Intermediate generalized junctional epidermolysis bullosa,ITGB4
79402,Intermediate generalized junctional epidermolysis bullosa,LAMA3
79402,Intermediate generalized junctional epidermolysis bullosa,LAMB3
79402,Intermediate generalized junctional epidermolysis bullosa,LAMC2
79404,Severe generalized junctional epidermolysis bullosa,LAMB3
79404,Severe generalized junctional epidermolysis bullosa,LAMC2
79404,Severe generalized junctional epidermolysis bullosa,LAMA3
79406,Late-onset junctional epidermolysis bullosa,COL17A1
79409,Recessive dystrophic epidermolysis bullosa inversa,COL7A1
79408,"Autosomal recessive generalized dystrophic epidermolysis bullosa, severe form",COL7A1
79408,"Autosomal recessive generalized dystrophic epidermolysis bullosa, severe form",MMP1
79411,Self-improving dystrophic epidermolysis bullosa,COL7A1
79410,"Localized dystrophic epidermolysis bullosa, pretibial form",COL7A1
79452,Milroy disease,FLT4
79455,Cutaneous mastocytoma,KIT
79435,Oculocutaneous albinism type 4,SLC45A2
79434,Oculocutaneous albinism type 1B,TYR
79433,Oculocutaneous albinism type 3,TYRP1
79432,Oculocutaneous albinism type 2,OCA2
79432,Oculocutaneous albinism type 2,MC1R
79431,Oculocutaneous albinism type 1A,TYR
79445,Pseudopseudohypoparathyroidism,GNAS
79444,Pseudohypoparathyroidism type 1C,GNAS
79443,Pseudohypoparathyroidism type 1A,GNAS
79483,Phakomatosis cesioflammea,GNAQ
79483,Phakomatosis cesioflammea,GNA11
79484,Phakomatosis cesiomarmorata,GNA11
79478,Griscelli syndrome type 3,MLPH
79478,Griscelli syndrome type 3,MYO5A
79474,Atypical Werner syndrome,LMNA
79477,Griscelli syndrome type 2,RAB27A
79476,Griscelli syndrome type 1,MYO5A
79473,Variegate porphyria,PPOX
79269,Sanfilippo syndrome type A,SGSH
79257,GM1 gangliosidosis type 3,GLB1
79256,GM1 gangliosidosis type 2,GLB1
79255,GM1 gangliosidosis type 1,GLB1
79259,Glycogen storage disease due to glucose-6-phosphatase deficiency type Ib,SLC37A4
79258,Glycogen storage disease due to glucose-6-phosphatase deficiency type Ia,G6PC1
79246,Pyruvate dehydrogenase phosphatase deficiency,PDP1
79240,Glycogen storage disease due to liver and muscle phosphorylase kinase deficiency,PHKB
79241,Biotinidase deficiency,BTD
79239,Classic galactosemia,GALT
79244,Pyruvate dehydrogenase E2 deficiency,DLAT
79242,Holocarboxylase synthetase deficiency,HLCS
79243,Pyruvate dehydrogenase E1-alpha deficiency,PDHA1
79243,Pyruvate dehydrogenase E1-alpha deficiency,LONP1
79299,Congenital glucokinase-related hyperinsulinism,GCK
79301,Congenital bile acid synthesis defect type 1,HSD3B7
79293,Familial LCAT deficiency,LCAT
79292,Fish-eye disease,LCAT
79278,Autosomal erythropoietic protoporphyria,FECH
79279,Alpha-N-acetylgalactosaminidase deficiency type 1,NAGA
79280,Alpha-N-acetylgalactosaminidase deficiency type 2,NAGA
79281,Alpha-N-acetylgalactosaminidase deficiency type 3,NAGA
79282,"Methylmalonic acidemia with homocystinuria, type cblC",MMACHC
79283,"Methylmalonic acidemia with homocystinuria, type cblD",MMADHC
79284,Methylmalonic acidemia with homocystinuria type cblF,LMBRD1
79270,Sanfilippo syndrome type B,NAGLU
79271,Sanfilippo syndrome type C,HGSNAT
79272,Sanfilippo syndrome type D,GNS
79273,Hereditary coproporphyria,CPOX
79276,Acute intermittent porphyria,HMBS
79277,Congenital erythropoietic porphyria,UROS
79277,Congenital erythropoietic porphyria,GATA1
79333,COG7-CDG,COG7
79332,B4GALT1-CDG,B4GALT1
79330,MOGS-CDG,MOGS
79329,MGAT2-CDG,MGAT2
79328,ALG9-CDG,ALG9
79327,ALG1-CDG,ALG1
79326,ALG2-CDG,ALG2
79325,ALG8-CDG,ALG8
79324,ALG12-CDG,ALG12
79323,MPDU1-CDG,MPDU1
79322,DPM1-CDG,DPM1
79321,ALG3-CDG,ALG3
79320,ALG6-CDG,ALG6
79319,MPI-CDG,MPI
79318,PMM2-CDG,PMM2
79314,L-2-hydroxyglutaric aciduria,L2HGDH
79315,D-2-hydroxyglutaric aciduria,D2HGDH
79315,D-2-hydroxyglutaric aciduria,IDH2
79312,Vitamin B12-unresponsive methylmalonic acidemia type mut-,MMUT
79310,Vitamin B12-responsive methylmalonic acidemia type cblA,MMAA
79311,Vitamin B12-responsive methylmalonic acidemia type cblB,MMAB
79306,Progressive familial intrahepatic cholestasis type 1,MYO5B
79306,Progressive familial intrahepatic cholestasis type 1,ATP8B1
79304,Progressive familial intrahepatic cholestasis type 2,ABCB11
79305,Progressive familial intrahepatic cholestasis type 3,ABCB4
79302,Congenital bile acid synthesis defect type 3,CYP7B1
79303,Congenital bile acid synthesis defect type 2,AKR1D1
79351,"3-phosphoglycerate dehydrogenase deficiency, infantile/juvenile form",PHGDH
79350,"3-phosphoserine phosphatase deficiency, infantile/juvenile form",PSPH
79345,Brachytelephalangic chondrodysplasia punctata,ARSL
85191,Singleton-Merten dysplasia,IFIH1
85191,Singleton-Merten dysplasia,RIGI
85193,Idiopathic juvenile osteoporosis,WNT3A
85193,Idiopathic juvenile osteoporosis,DKK1
85193,Idiopathic juvenile osteoporosis,WNT1
85195,Familial expansile osteolysis,TNFRSF11A
85194,Spondylo-ocular syndrome,XYLT2
85199,Craniosynostosis-anal anomalies-porokeratosis syndrome,RNU12
85198,Dysspondyloenchondromatosis,COL2A1
85201,Genitopatellar syndrome,KAT6B
85202,Keutel syndrome,MGP
85212,Fetal Gaucher disease,GBA1
85277,"X-linked intellectual disability, Cantagrel type",NEXMIF
85278,Christianson syndrome,SLC9A6
85279,KDM5C-related syndromic X-linked intellectual disability,KDM5C
85282,MEHMO syndrome,EIF2S3
85284,BRESEK syndrome,MBTPS2
85286,"X-linked intellectual disability, Shashi type",RBMX
85287,"X-linked intellectual disability, Siderius type",PHF8
85288,"X-linked intellectual disability, Stocco Dos Santos type",SHROOM4
85293,"X-linked intellectual disability, Cabezas type",CUL4B
85295,"HSD10 disease, atypical type",HSD17B10
85294,X-linked epilepsy-learning disabilities-behavior disorders syndrome,SYN1
85329,X-linked intellectual disability-hypotonia-facial dysmorphism-aggressive behavior syndrome,AP1S2
85335,Fried syndrome,AP1S2
85410,Oligoarticular juvenile idiopathic arthritis,PTPN22
85410,Oligoarticular juvenile idiopathic arthritis,STAT4
85410,Oligoarticular juvenile idiopathic arthritis,IL2RA
85410,Oligoarticular juvenile idiopathic arthritis,CD247
85410,Oligoarticular juvenile idiopathic arthritis,PTPN2
85410,Oligoarticular juvenile idiopathic arthritis,ANKRD55
85410,Oligoarticular juvenile idiopathic arthritis,IL2RB
85414,Systemic-onset juvenile idiopathic arthritis,HLA-DRB1
85414,Systemic-onset juvenile idiopathic arthritis,MIF
85414,Systemic-onset juvenile idiopathic arthritis,IL6
85414,Systemic-onset juvenile idiopathic arthritis,LACC1
85408,Rheumatoid factor-negative polyarticular juvenile idiopathic arthritis,PTPN22
85408,Rheumatoid factor-negative polyarticular juvenile idiopathic arthritis,STAT4
85408,Rheumatoid factor-negative polyarticular juvenile idiopathic arthritis,IL2RA
85408,Rheumatoid factor-negative polyarticular juvenile idiopathic arthritis,CD247
85408,Rheumatoid factor-negative polyarticular juvenile idiopathic arthritis,PTPN2
85408,Rheumatoid factor-negative polyarticular juvenile idiopathic arthritis,ANKRD55
85408,Rheumatoid factor-negative polyarticular juvenile idiopathic arthritis,IL2RB
85442,Short stature-pituitary and cerebellar defects-small sella turcica syndrome,LHX4
85445,AA amyloidosis,SAA1
85453,X-linked reticulate pigmentary disorder,POLA1
86788,X-linked severe congenital neutropenia,WAS
86309,DPAGT1-CDG,DPAGT1
85448,AGel amyloidosis,GSN
85447,ATTRV30M amyloidosis,TTR
85451,ATTRV122I amyloidosis,TTR
86812,POMT1-related limb-girdle muscular dystrophy R11,POMT1
86813,Helicoid peripapillary chorioretinal degeneration,TEAD1
86814,Familial adult myoclonic epilepsy,SAMD12
86814,Familial adult myoclonic epilepsy,TNRC6A
86814,Familial adult myoclonic epilepsy,RAPGEF2
86814,Familial adult myoclonic epilepsy,YEATS2
86814,Familial adult myoclonic epilepsy,CTNND2
86814,Familial adult myoclonic epilepsy,CNTN2
86814,Familial adult myoclonic epilepsy,ADRA2B
86814,Familial adult myoclonic epilepsy,MARCHF6
86815,Aplasia of lacrimal and salivary glands,FGF10
86820,Familial avascular necrosis of femoral head,TRPV4
86820,Familial avascular necrosis of femoral head,COL2A1
86816,Congenital analbuminemia,ALB
512017,Chronic lymphoproliferative disorder of natural killer cells,STAT3
86817,Hemolytic anemia due to adenylate kinase deficiency,AK1
86818,Alport syndrome-intellectual disability-midface hypoplasia-elliptocytosis syndrome,KCNE5
86818,Alport syndrome-intellectual disability-midface hypoplasia-elliptocytosis syndrome,ACSL4
86818,Alport syndrome-intellectual disability-midface hypoplasia-elliptocytosis syndrome,AMMECR1
86819,Atrichia with papular lesions,HR
86841,Myelodysplastic syndrome associated with isolated del(5q) chromosome abnormality,RPS14
512103,Autosomal recessive epidermolytic ichthyosis,KRT10
86834,Juvenile myelomonocytic leukemia,RRAS
86834,Juvenile myelomonocytic leukemia,PTPN11
86834,Juvenile myelomonocytic leukemia,KRAS
86834,Juvenile myelomonocytic leukemia,NF1
86834,Juvenile myelomonocytic leukemia,NRAS
86834,Juvenile myelomonocytic leukemia,CBL
86830,"Chronic myeloproliferative disease, unclassifiable",PDGFRB
86829,Chronic neutrophilic leukemia,CSF3R
512260,Congenital cerebellar ataxia due to RNU12 mutation,RNU12
86849,Acute basophilic leukemia,MYB
86849,Acute basophilic leukemia,GATA1
86845,Acute myeloid leukaemia with myelodysplasia-related features,TET2
86845,Acute myeloid leukaemia with myelodysplasia-related features,IDH1
86845,Acute myeloid leukaemia with myelodysplasia-related features,IDH2
86845,Acute myeloid leukaemia with myelodysplasia-related features,ASXL1
86845,Acute myeloid leukaemia with myelodysplasia-related features,DNMT3A
86872,T-cell large granular lymphocyte leukemia,STAT3
86884,Subcutaneous panniculitis-like T-cell lymphoma,HAVCR2
79503,Ichthyosis hystrix of Curth-Macklin,KRT1
79495,X-linked congenital generalized hypertrichosis,SOX3
79499,Autosomal dominant deafness-onychodystrophy syndrome,ATP6V1B2
79500,DOORS syndrome,ATP6V1B2
79500,DOORS syndrome,TBC1D24
79501,Punctate palmoplantar keratoderma type 1,COL14A1
79501,Punctate palmoplantar keratoderma type 1,AAGAB
79643,Autosomal recessive hyperinsulinism due to SUR1 deficiency,ABCC8
79644,Autosomal recessive hyperinsulinism due to Kir6.2 deficiency,KCNJ11
83330,Proximal spinal muscular atrophy type 1,SMN2
83330,Proximal spinal muscular atrophy type 1,NAIP
83330,Proximal spinal muscular atrophy type 1,SMN1
83419,Proximal spinal muscular atrophy type 3,SMN2
83419,Proximal spinal muscular atrophy type 3,NAIP
83419,Proximal spinal muscular atrophy type 3,SMN1
83420,Proximal spinal muscular atrophy type 4,SMN2
83420,Proximal spinal muscular atrophy type 4,SMN1
83418,Proximal spinal muscular atrophy type 2,SMN2
83418,Proximal spinal muscular atrophy type 2,NAIP
83418,Proximal spinal muscular atrophy type 2,SMN1
83469,Desmoplastic small round cell tumor,WT1
83469,Desmoplastic small round cell tumor,EWSR1
83465,Narcolepsy type 2,HCRT
83465,Narcolepsy type 2,HLA-DRB1
83465,Narcolepsy type 2,HLA-DQB1
83465,Narcolepsy type 2,ZNF365
83473,Megalencephaly-polymicrogyria-postaxial polydactyly-hydrocephalus syndrome,PIK3R2
83473,Megalencephaly-polymicrogyria-postaxial polydactyly-hydrocephalus syndrome,PIK3R2
83473,Megalencephaly-polymicrogyria-postaxial polydactyly-hydrocephalus syndrome,CCND2
83473,Megalencephaly-polymicrogyria-postaxial polydactyly-hydrocephalus syndrome,AKT3
83472,CAMOS syndrome,ZNF592
83472,CAMOS syndrome,WDR73
83471,T-cell immunodeficiency with thymic aplasia,FOXN1
83463,Microtia,HOXA2
83461,Congenital primary aphakia,FOXE3
83454,Glomuvenous malformation,GLMN
83620,Enteric anendocrinosis,NEUROG3
84081,Senior-Boichis syndrome,DCDC2
84081,Senior-Boichis syndrome,TMEM67
84090,Fibronectin glomerulopathy,FN1
84064,Trichohepatoenteric syndrome,SKIC3
84064,Trichohepatoenteric syndrome,SKIC2
513436,Autosomal recessive spastic paraplegia type 78,ATP13A2
83639,Hypercoagulability syndrome due to glycosylphosphatidylinositol deficiency,PIGM
83639,Hypercoagulability syndrome due to glycosylphosphatidylinositol deficiency,PIGW
83629,Leukoencephalopathy-spondyloepimetaphyseal dysplasia syndrome,AIFM1
513456,Intellectual disability-seizures-abnormal gait-facial dysmorphism syndrome,WDR26
83642,Microcytic anemia with liver iron overload,SLC11A2
85163,Hypomyelination-congenital cataract syndrome,HYCC1
85164,Camptodactyly-tall stature-scoliosis-hearing loss syndrome,FGFR3
85146,"Neurogenic scapuloperoneal syndrome, Kaeser type",DES
85128,Bothnia retinal dystrophy,RLBP1
85136,Cystic leukoencephalopathy without megalencephaly,NDUFA2
85136,Cystic leukoencephalopathy without megalencephaly,RNASET2
85112,Palmoplantar keratoderma-XX sex reversal-predisposition to squamous cell carcinoma syndrome,RSPO1
84132,Desmin-related myopathy with Mallory body-like inclusions,SELENON
85186,Endosteal sclerosis-cerebellar hypoplasia syndrome,POLR3B
85182,Diaphyseal medullary stenosis-bone malignancy syndrome,MTAP
85179,Infantile osteopetrosis with neuroaxonal dysplasia,OSTM1
85173,IMAGe syndrome,CDKN1C
85173,IMAGe syndrome,POLE
85172,"Microcephalic osteodysplastic dysplasia, Saul-Wilson type",COG4
85169,Familial digital arthropathy-brachydactyly,TRPV4
85167,Spondylometaphyseal dysplasia-cone-rod dystrophy syndrome,PCYT1A
85166,"Platyspondylic dysplasia, Torrance type",COL2A1
85165,Severe achondroplasia-developmental delay-acanthosis nigricans syndrome,FGFR3
603448,Cerebellar hypoplasia-intellectual disability-congenital microcephaly-dystonia-anemia-growth retardation syndrome,VPS4A
603689,KLHL7-related Bohring-Opitz-like syndrome,KLHL7
603684,KLHL7-related Bohring-Opitz-like and Crisponi/Cold-induced sweating-like overlap syndrome,KLHL7
603694,KLHL7-related Crisponi/cold-induced sweating-like syndrome,KLHL7
610573,CLCN6-related childhood-onset progressive neurodegeneration-peripheral neuropathy syndrome,CLCN6
610569,KIAA1109-related early lethal congenital brain malformations-arthrogryposis syndrome,BLTP1
611201,Oculogastrointestinal-neurodevelopmental syndrome,CAPN15
600668,CCNK-related neurodevelopmental disorder-severe intellectual disability-facial dysmorphism syndrome,CCNK
600663,NRXN1-related severe neurodevelopmental disorder-motor stereotypies-chronic constipation-sleep-wake cycle disturbance,NRXN1
97244,Rigid spine syndrome,ACTA1
97244,Rigid spine syndrome,SELENON
97249,Pontocerebellar hypoplasia type 3,PCLO
97279,Insulinoma,YY1
97279,Insulinoma,MEN1
97286,Carney-Stratakis syndrome,SDHA
97286,Carney-Stratakis syndrome,SDHB
97286,Carney-Stratakis syndrome,SDHC
97286,Carney-Stratakis syndrome,SDHD
97297,Bohring-Opitz syndrome,ASXL1
97338,Melanoma of soft tissue,EWSR1
97338,Melanoma of soft tissue,ATF1
97338,Melanoma of soft tissue,CREB1
97346,ADan amyloidosis,ITM2B
97345,ABri amyloidosis,ITM2B
97362,"Renal hypoplasia, bilateral",PAX2
97362,"Renal hypoplasia, bilateral",PBX1
97363,Unilateral multicystic dysplastic kidney,HNF1B
97364,Bilateral multicystic dysplastic kidney,HNF1B
97369,Renal tubular dysgenesis of genetic origin,ACE
97369,Renal tubular dysgenesis of genetic origin,AGT
97369,Renal tubular dysgenesis of genetic origin,REN
97369,Renal tubular dysgenesis of genetic origin,AGTR1
97548,Right isomerism,GDF1
96182,Silver-Russell syndrome due to maternal uniparental disomy of chromosome 7,GRB10
96191,Paternal uniparental disomy of chromosome 6 syndrome,HYMAI
96191,Paternal uniparental disomy of chromosome 6 syndrome,PLAGL1
96184,Temple syndrome due to maternal uniparental disomy of chromosome 14,MEG3
96184,Temple syndrome due to maternal uniparental disomy of chromosome 14,DLK1
96184,Temple syndrome due to maternal uniparental disomy of chromosome 14,RTL1
96253,Cushing disease,CDH23
96253,Cushing disease,USP48
96253,Cushing disease,BRAF
96253,Cushing disease,USP8
96253,Cushing disease,NR3C1
96253,Cushing disease,TP53
96253,Cushing disease,ATRX
96266,Leydig cell hypoplasia due to partial LH resistance,LHCGR
96265,Leydig cell hypoplasia due to complete LH resistance,LHCGR
96334,Kagami-Ogata syndrome due to paternal uniparental disomy of chromosome 14,MEG3
96334,Kagami-Ogata syndrome due to paternal uniparental disomy of chromosome 14,DLK1
96334,Kagami-Ogata syndrome due to paternal uniparental disomy of chromosome 14,RTL1
97234,Glycogen storage disease due to phosphoglycerate mutase deficiency,PGAM2
97238,Rippling muscle disease,CAV3
97239,Reducing body myopathy,FHL1
97240,Zebra body myopathy,ACTA1
600194,Factor V Atlanta bleeding disorder,F5
97685,17q11 microdeletion syndrome,NF1
95706,Non-syndromic posterior hypospadias,AR
95706,Non-syndromic posterior hypospadias,MAMLD1
95702,X-linked adrenal hypoplasia congenita,NR0B1
95716,Familial thyroid dyshormonogenesis,SLC5A5
95716,Familial thyroid dyshormonogenesis,TPO
95716,Familial thyroid dyshormonogenesis,DUOX2
95716,Familial thyroid dyshormonogenesis,DUOXA2
95716,Familial thyroid dyshormonogenesis,TG
95716,Familial thyroid dyshormonogenesis,IYD
95713,Athyreosis,FOXE1
95713,Athyreosis,NKX2-1
95713,Athyreosis,SLC26A4
95713,Athyreosis,TSHR
95713,Athyreosis,NKX2-5
95713,Athyreosis,PAX8
95712,Thyroid ectopia,NKX2-5
95712,Thyroid ectopia,PAX8
95699,Congenital adrenal hyperplasia due to cytochrome P450 oxidoreductase deficiency,POR
95496,Pituitary stalk interruption syndrome,WDR11
95496,Pituitary stalk interruption syndrome,ROBO1
95496,Pituitary stalk interruption syndrome,PROKR2
95496,Pituitary stalk interruption syndrome,HESX1
95496,Pituitary stalk interruption syndrome,LHX4
95496,Pituitary stalk interruption syndrome,CDON
95496,Pituitary stalk interruption syndrome,GPR161
95494,"Combined pituitary hormone deficiencies, genetic forms",FOXA2
95494,"Combined pituitary hormone deficiencies, genetic forms",POU1F1
95494,"Combined pituitary hormone deficiencies, genetic forms",PROP1
95494,"Combined pituitary hormone deficiencies, genetic forms",HESX1
95494,"Combined pituitary hormone deficiencies, genetic forms",OTX2
95494,"Combined pituitary hormone deficiencies, genetic forms",LHX4
95494,"Combined pituitary hormone deficiencies, genetic forms",GLI2
95433,Autosomal recessive spinocerebellar ataxia-blindness-deafness syndrome,PEX6
95434,Autosomal recessive cerebellar ataxia-movement disorder syndrome,VPS41
95434,Autosomal recessive cerebellar ataxia-movement disorder syndrome,VPS13D
95232,Lissencephaly due to LIS1 mutation,PAFAH1B1
95159,Hepatoerythropoietic porphyria,UROD
95428,COG8-CDG,COG8
94122,"Cerebellar ataxia, Cayman type",ATCAY
94124,Spinocerebellar ataxia with axonal neuropathy type 1,TDP1
94125,Recessive mitochondrial ataxia syndrome,POLG
94147,Spinocerebellar ataxia type 7,ATXN7
94150,Anonychia congenita totalis,RSPO4
94064,Deafness-infertility syndrome,CATSPER2
94064,Deafness-infertility syndrome,STRC
94063,12q14 microdeletion syndrome,LEMD3
94063,12q14 microdeletion syndrome,HMGA2
94065,15q24 microdeletion syndrome,SIN3A
94068,Spondyloepiphyseal dysplasia congenita,COL2A1
94083,Partington syndrome,ARX
94088,Hereditary renal hypouricemia,SLC22A12
94088,Hereditary renal hypouricemia,SLC2A9
94089,Pseudohypoparathyroidism type 1B,GNAS
94089,Pseudohypoparathyroidism type 1B,STX16
96148,Distal deletion 10q syndrome,EBF3
96147,Kleefstra syndrome due to 9q34 microdeletion,EHMT1
95720,Thyroid hypoplasia,SLC26A4
95720,Thyroid hypoplasia,TSHR
95720,Thyroid hypoplasia,PAX8
597623,IRF2BPL-related regressive neurodevelopmental disorder-dystonia-seizures syndrome,IRF2BPL
597733,Oculocutaneous albinism type 8,DCT
597738,Luscan-Lumish syndrome,SETD2
597887,ALPI-related inflammatory bowel disease,ALPI
597939,Euthyroid dysprealbuminemic hyperthyroxinemia,TTR
597743,SETD2-related microcephaly-severe intellectual disability-multiple congenital anomalies syndrome,SETD2
93552,Pediatric systemic lupus erythematosus,SAT1
93552,Pediatric systemic lupus erythematosus,STAT4
93552,Pediatric systemic lupus erythematosus,SPP1
93552,Pediatric systemic lupus erythematosus,IRAK1
597874,MTHFS-related developmental delay-microcephaly-short stature-epilepsy syndrome,MTHFS
93562,AFib amyloidosis,FGA
598603,Facial dysmorphism-hypertrichosis-epilepsy-intellectual disability/developmental delay-gingival overgrowth syndrome,KCNK4
598164,FOXG1 syndrome due to intragenic alteration,FOXG1
93560,AApoAI amyloidosis,APOA1
93561,ALys amyloidosis,LYZ
93571,Dense deposit disease,CFH
93571,Dense deposit disease,CFHR1
597201,TRIM22-related inflammatory bowel disease,TRIM22
93474,Scheie syndrome,IDUA
93476,Hurler-Scheie syndrome,IDUA
93473,Hurler syndrome,IDUA
93399,Juvenile sialidosis type 2,NEU1
93400,Congenital sialidosis type 2,NEU1
599373,STXBP1-related encephalopathy,STXBP1
599376,Hypomyelination of early myelinating structures,PLP1
93405,Syndactyly type 4,SHH
93405,Syndactyly type 4,LMBR1
599418,Hereditary angioedema with normal C1Inh not related to F12 or PLG variant,ANGPT1
599418,Hereditary angioedema with normal C1Inh not related to F12 or PLG variant,MYOF
599418,Hereditary angioedema with normal C1Inh not related to F12 or PLG variant,KNG1
599418,Hereditary angioedema with normal C1Inh not related to F12 or PLG variant,HS3ST6
93404,Syndactyly type 3,GJA1
93406,Syndactyly type 5,HOXD13
93409,"Brachydactyly-syndactyly, Zhao type",HOXD13
599579,Factor V Amsterdam bleeding disorder,F5
93360,"Spondyloepimetaphyseal dysplasia with joint laxity, leptodactylic type",KIF22
93358,Spondyloepimetaphyseal dysplasia-short limb-abnormal calcification syndrome,DDR2
93357,SPONASTRIME dysplasia,TONSL
599082,CHD3-related developmental delay-speech delay-intellectual disability-abnormalities of vision-facial dysmorphism syndrome,CHD3
93372,Familial hypocalciuric hypercalcemia type 1,CASR
93387,Brachydactyly type E,HOXD13
93387,Brachydactyly type E,PTHLH
93388,Brachydactyly type A1,BMPR1B
93388,Brachydactyly type A1,GDF5
93388,Brachydactyly type A1,IHH
93384,Brachydactyly type C,BMPR1B
93384,Brachydactyly type C,GDF5
93396,Brachydactyly type A2,BMP2
93396,Brachydactyly type A2,GDF5
93396,Brachydactyly type A2,BMPR1B
93932,FG syndrome type 1,MED12
93930,Classic bladder exstrophy,TP63
93930,Classic bladder exstrophy,ISL1
93926,Midline interhemispheric variant of holoprosencephaly,STIL
93926,Midline interhemispheric variant of holoprosencephaly,PTCH1
93926,Midline interhemispheric variant of holoprosencephaly,SHH
93926,Midline interhemispheric variant of holoprosencephaly,SIX3
93926,Midline interhemispheric variant of holoprosencephaly,TGIF1
93926,Midline interhemispheric variant of holoprosencephaly,ZIC2
93926,Midline interhemispheric variant of holoprosencephaly,GLI2
93926,Midline interhemispheric variant of holoprosencephaly,CRIPTO
93926,Midline interhemispheric variant of holoprosencephaly,FOXH1
93926,Midline interhemispheric variant of holoprosencephaly,FGF8
93926,Midline interhemispheric variant of holoprosencephaly,DISP1
93926,Midline interhemispheric variant of holoprosencephaly,CDON
93926,Midline interhemispheric variant of holoprosencephaly,NODAL
93926,Midline interhemispheric variant of holoprosencephaly,DLL1
93926,Midline interhemispheric variant of holoprosencephaly,GAS1
93924,Lobar holoprosencephaly,STIL
93924,Lobar holoprosencephaly,FGFR1
93924,Lobar holoprosencephaly,PTCH1
93924,Lobar holoprosencephaly,SHH
93924,Lobar holoprosencephaly,SIX3
93924,Lobar holoprosencephaly,TGIF1
93924,Lobar holoprosencephaly,ZIC2
93924,Lobar holoprosencephaly,GLI2
93924,Lobar holoprosencephaly,CRIPTO
93924,Lobar holoprosencephaly,FOXH1
93924,Lobar holoprosencephaly,FGF8
93924,Lobar holoprosencephaly,DISP1
93924,Lobar holoprosencephaly,CDON
93924,Lobar holoprosencephaly,NODAL
93924,Lobar holoprosencephaly,DLL1
93924,Lobar holoprosencephaly,GAS1
93925,Alobar holoprosencephaly,STIL
93925,Alobar holoprosencephaly,PLCH1
93925,Alobar holoprosencephaly,STAG2
93925,Alobar holoprosencephaly,PTCH1
93925,Alobar holoprosencephaly,SHH
93925,Alobar holoprosencephaly,SIX3
93925,Alobar holoprosencephaly,TGIF1
93925,Alobar holoprosencephaly,ZIC2
93925,Alobar holoprosencephaly,GLI2
93925,Alobar holoprosencephaly,CRIPTO
93925,Alobar holoprosencephaly,FOXH1
93925,Alobar holoprosencephaly,FGF8
93925,Alobar holoprosencephaly,DISP1
93925,Alobar holoprosencephaly,CDON
93925,Alobar holoprosencephaly,NODAL
93925,Alobar holoprosencephaly,DLL1
93925,Alobar holoprosencephaly,GAS1
93921,Full schwannomatosis,NF2
93921,Full schwannomatosis,SMARCB1
93921,Full schwannomatosis,COQ6
93921,Full schwannomatosis,LZTR1
93952,"X-linked intellectual disability, Hedera type",ATP6AP2
595109,Atypical Timothy syndrome,CACNA1C
93950,"X-linked intellectual disability, Sutherland-Haan type",PQBP1
595098,Timothy syndrome type 1,CACNA1C
93947,"X-linked intellectual disability, Golabi-Ito-Hall type",PQBP1
595105,Timothy syndrome type 2,CACNA1C
93946,Hamel cerebro-palato-cardiac syndrome,PQBP1
93945,"X-linked intellectual disability, Porteous type",PQBP1
93616,Hemoglobin H disease,HBA2
93616,Hemoglobin H disease,HBA1
93622,Dent disease type 1,CLCN5
93623,Dent disease type 2,OCRL
93591,Infantile nephronophthisis,NPHP3
93591,Infantile nephronophthisis,INVS
93591,Infantile nephronophthisis,NEK8
93591,Infantile nephronophthisis,TTC21B
93591,Infantile nephronophthisis,ANKS6
93591,Infantile nephronophthisis,CEP83
93591,Infantile nephronophthisis,ZNF423
93592,Juvenile nephronophthisis,NPHP1
93592,Juvenile nephronophthisis,NPHP4
93592,Juvenile nephronophthisis,GLIS2
93592,Juvenile nephronophthisis,WDR19
93592,Juvenile nephronophthisis,ANKS6
93592,Juvenile nephronophthisis,MAPKBP1
93592,Juvenile nephronophthisis,ADAMTS9
93589,Late-onset nephronophthisis,NPHP3
93589,Late-onset nephronophthisis,XPNPEP3
93589,Late-onset nephronophthisis,MAPKBP1
93598,Primary hyperoxaluria type 1,AGXT
596008,Antley-Bixler syndrome without genital anomaly or disorder of steroidogenesis,FGFR2
93583,Congenital thrombotic thrombocytopenic purpura,ADAMTS13
93610,Distal renal tubular acidosis with anemia,SLC4A1
596759,Combined immunodeficiency due to RELA haploinsufficiency,RELA
93608,Autosomal dominant distal renal tubular acidosis,SLC4A1
93607,Autosomal recessive proximal renal tubular acidosis,SLC4A4
93613,Cystinuria type B,SLC7A9
93612,Cystinuria type A,SLC3A1
93602,Xanthinuria type II,MOCOS
93601,Xanthinuria type I,XDH
93600,Primary hyperoxaluria type 3,HOGA1
93599,Primary hyperoxaluria type 2,GRHPR
93606,Nephrogenic syndrome of inappropriate antidiuresis,AVPR2
596753,VEXAS syndrome,UBA1
93605,Bartter syndrome type 3,CLCNKB
99068,Complete atrioventricular septal defect-tetralogy of Fallot,NR2F2
99068,Complete atrioventricular septal defect-tetralogy of Fallot,GATA4
99068,Complete atrioventricular septal defect-tetralogy of Fallot,CRELD1
99067,Complete atrioventricular septal defect with ventricular hypoplasia,NR2F2
99067,Complete atrioventricular septal defect with ventricular hypoplasia,GATA6
99067,Complete atrioventricular septal defect with ventricular hypoplasia,CRELD1
99067,Complete atrioventricular septal defect with ventricular hypoplasia,GATA4
99106,"Atrial septal defect, ostium primum type",TLL1
99105,"Atrial septal defect, sinus venosus type",CITED2
99103,"Atrial septal defect, ostium secundum type",ACTC1
99103,"Atrial septal defect, ostium secundum type",GATA4
99103,"Atrial septal defect, ostium secundum type",MYH6
99103,"Atrial septal defect, ostium secundum type",NKX2-5
99103,"Atrial septal defect, ostium secundum type",TBX20
99103,"Atrial septal defect, ostium secundum type",TBX20
99103,"Atrial septal defect, ostium secundum type",TLL1
99103,"Atrial septal defect, ostium secundum type",CITED2
99103,"Atrial septal defect, ostium secundum type",GATA6
99141,Lymphedema-posterior choanal atresia syndrome,PTPN14
99361,Isolated familial medullary thyroid carcinoma,ESR2
99361,Isolated familial medullary thyroid carcinoma,NTRK1
99361,Isolated familial medullary thyroid carcinoma,RET
99657,"Primary dystonia, DYT2 type",HPCA
99429,Complete androgen insensitivity syndrome,AR
99646,Metaphyseal chondromatosis with D-2-hydroxyglutaric aciduria,IDH1
592574,Menke-Hennekam syndrome,CREBBP
592564,GNAO1-related developmental delay-seizures-movement disorder spectrum,GNAO1
592570,TRAF7-associated heart defect-digital anomalies-facial dysmorphism-motor and speech delay syndrome,TRAF7
99718,Leber plus disease,MT-ND4
99718,Leber plus disease,MT-ND6
99718,Leber plus disease,MT-ND3
99725,Pituitary gigantism,AIP
99725,Pituitary gigantism,MEN1
589821,Congenital-onset Steinert myotonic dystrophy,DMPK
589827,Juvenile-onset Steinert myotonic dystrophy,DMPK
589824,Childhood-onset Steinert myotonic dystrophy,DMPK
589833,Late-onset Steinert myotonic dystrophy,DMPK
589830,Adult-onset Steinert myotonic dystrophy,DMPK
99704,Early-onset obesity-hyperphagia-severe developmental delay syndrome,NTRK2
589905,PHIP-related behavioral problems-intellectual disability-obesity-dysmorphic features syndrome,PHIP
589856,Choanal atresia-athelia-hypothyroidism-delayed puberty-short stature syndrome,KMT2D
99749,Kostmann syndrome,HAX1
99757,Embryonal rhabdomyosarcoma,SLC67A1
99757,Embryonal rhabdomyosarcoma,TP53
99757,Embryonal rhabdomyosarcoma,NF1
99757,Embryonal rhabdomyosarcoma,DICER1
99756,Alveolar rhabdomyosarcoma,FOXO1
99756,Alveolar rhabdomyosarcoma,PAX3
99756,Alveolar rhabdomyosarcoma,PAX7
99756,Alveolar rhabdomyosarcoma,NF1
99756,Alveolar rhabdomyosarcoma,TP53
99734,Myotonia fluctuans,SCN4A
99731,Isolated sulfite oxidase deficiency,SUOX
99735,Myotonia permanens,SCN4A
99736,Acetazolamide-responsive myotonia,SCN4A
99741,King-Denborough syndrome,RYR1
99742,Amish lethal microcephaly,SLC25A19
98820,Familial focal epilepsy with variable foci,DEPDC5
98820,Familial focal epilepsy with variable foci,NPRL2
98820,Familial focal epilepsy with variable foci,NPRL3
98820,Familial focal epilepsy with variable foci,SCN3A
98818,Landau-Kleffner syndrome,GRIN2A
98813,Hypohidrotic ectodermal dysplasia with immunodeficiency,IKBKG
98813,Hypohidrotic ectodermal dysplasia with immunodeficiency,NFKBIA
98811,Paroxysmal exertion-induced dyskinesia,SLC2A1
98811,Paroxysmal exertion-induced dyskinesia,PRRT2
98810,Paroxysmal non-kinesigenic dyskinesia,PNKD
98810,Paroxysmal non-kinesigenic dyskinesia,PRRT2
98809,Paroxysmal kinesigenic dyskinesia,PRRT2
98809,Paroxysmal kinesigenic dyskinesia,KCNA1
98809,Paroxysmal kinesigenic dyskinesia,KCNJ10
98808,Autosomal dominant dopa-responsive dystonia,GCH1
98808,Autosomal dominant dopa-responsive dystonia,NR4A2
98808,Autosomal dominant dopa-responsive dystonia,IMPDH2
98807,"Primary dystonia, DYT13 type",DYT13
98838,Primary mediastinal large B-cell lymphoma,BCL6
98838,Primary mediastinal large B-cell lymphoma,XPO1
98835,Acute undifferentiated leukemia,KMT2A
98833,Acute myeloblastic leukemia without maturation,FLT3
98833,Acute myeloblastic leukemia without maturation,NPM1
98834,Acute myeloblastic leukemia with maturation,FLT3
98834,Acute myeloblastic leukemia with maturation,KIT
98834,Acute myeloblastic leukemia with maturation,NPM1
98831,Acute myeloid leukemia with 11q23 abnormalities,KMT2A
98832,Acute myeloid leukemia with minimal differentiation,FLT3
98829,Acute myeloid leukemia with abnormal bone marrow eosinophils inv(16)(p13q22) or t(16;16)(p13;q22),FLT3
98829,Acute myeloid leukemia with abnormal bone marrow eosinophils inv(16)(p13q22) or t(16;16)(p13;q22),MYH11
98829,Acute myeloid leukemia with abnormal bone marrow eosinophils inv(16)(p13q22) or t(16;16)(p13;q22),CBFB
98829,Acute myeloid leukemia with abnormal bone marrow eosinophils inv(16)(p13q22) or t(16;16)(p13;q22),KIT
98826,Myelodysplastic neoplasm with low blasts,TET2
98823,Chronic myelomonocytic leukemia,ETV6
98823,Chronic myelomonocytic leukemia,ASXL1
98823,Chronic myelomonocytic leukemia,SRSF2
98824,Atypical chronic myeloid leukemia,CSF3R
98853,Autosomal dominant Emery-Dreifuss muscular dystrophy,LMNA
98853,Autosomal dominant Emery-Dreifuss muscular dystrophy,SYNE1
98853,Autosomal dominant Emery-Dreifuss muscular dystrophy,TMEM43
98853,Autosomal dominant Emery-Dreifuss muscular dystrophy,SYNE2
98850,Aggressive systemic mastocytosis,TET2
98850,Aggressive systemic mastocytosis,SRSF2
98850,Aggressive systemic mastocytosis,ASXL1
98850,Aggressive systemic mastocytosis,RUNX1
98850,Aggressive systemic mastocytosis,CBL
98849,Systemic mastocytosis with associated hematologic neoplasm,KIT
98849,Systemic mastocytosis with associated hematologic neoplasm,TET2
98849,Systemic mastocytosis with associated hematologic neoplasm,SRSF2
98849,Systemic mastocytosis with associated hematologic neoplasm,ASXL1
98843,"Classic Hodgkin lymphoma, nodular sclerosis type",KLHDC8B
98839,Intravascular large B-cell lymphoma,BCL6
98839,Intravascular large B-cell lymphoma,BCL2
98842,Lymphomatoid papulosis,TYK2
98842,Lymphomatoid papulosis,NPM1
589608,"Linear hypopigmentation and craniofacial asymmetry with acral, ocular and brain anomalies",RHOA
589595,Mixed phenotype acute leukemia with t(v;11q23.3),FLT3
589595,Mixed phenotype acute leukemia with t(v;11q23.3),KMT2A
589595,Mixed phenotype acute leukemia with t(v;11q23.3),AFF1
98868,Southeast Asian ovalocytosis,SLC4A1
98869,Congenital dyserythropoietic anemia type I,CDAN1
98869,Congenital dyserythropoietic anemia type I,CDIN1
589618,Dystonia 28,KMT2B
98870,Congenital dyserythropoietic anemia type III,KIF23
98870,Congenital dyserythropoietic anemia type III,RACGAP1
589534,Mixed phenotype acute leukemia with t(9;22)(q34.1;q11.2),FLT3
589534,Mixed phenotype acute leukemia with t(9;22)(q34.1;q11.2),KMT2A
98863,X-linked Emery-Dreifuss muscular dystrophy,EMD
98863,X-linked Emery-Dreifuss muscular dystrophy,FHL1
589527,Spinocerebellar ataxia type 45,FAT2
589547,"GRIN2B-related developmental delay, intellectual disability and autism spectrum disorder",GRIN2B
589442,Short stature-skeletal dysplasia-retinal degeneration-intellectual disability-sensorineural hearing loss syndrome,PISD
589435,Spondylometaphyseal dysplasia-corneal dystrophy syndrome,PLCB3
589522,Spinocerebellar ataxia type 46,PLD3
589515,PUM1-associated developmental disability-ataxia-seizure syndrome,PUM1
98855,Autosomal recessive Emery-Dreifuss muscular dystrophy,LMNA
98856,Charcot-Marie-Tooth disease type 2B1,LMNA
98881,Familial dysfibrinogenemia,FGA
98881,Familial dysfibrinogenemia,FGB
98881,Familial dysfibrinogenemia,FGG
98880,Familial afibrinogenemia,FGA
98880,Familial afibrinogenemia,FGB
98880,Familial afibrinogenemia,FGG
98885,Bleeding diathesis due to glycoprotein VI deficiency,GP6
98873,Congenital dyserythropoietic anemia type II,SEC23B
98897,Oculopharyngodistal myopathy,NOTCH2NLC
98897,Oculopharyngodistal myopathy,LRP12
98897,Oculopharyngodistal myopathy,GIPC1
98897,Oculopharyngodistal myopathy,ABCD3
98897,Oculopharyngodistal myopathy,NUTM2B-AS1
98897,Oculopharyngodistal myopathy,RILPL1
98895,Becker muscular dystrophy,DMD
98896,Duchenne muscular dystrophy,DMD
98896,Duchenne muscular dystrophy,LTBP4
98902,Amish nemaline myopathy,TNNT1
98889,Bilateral perisylvian polymicrogyria,SRPX2
98889,Bilateral perisylvian polymicrogyria,ADGRG1
98889,Bilateral perisylvian polymicrogyria,PI4KA
98890,Early-onset X-linked optic atrophy,OPA2
98892,Periventricular nodular heterotopia,ARFGEF2
98892,Periventricular nodular heterotopia,FLNA
98892,Periventricular nodular heterotopia,ERMARD
98892,Periventricular nodular heterotopia,NEDD4L
98892,Periventricular nodular heterotopia,TMTC3
98892,Periventricular nodular heterotopia,ARF1
98892,Periventricular nodular heterotopia,MAP1B
98912,"Late-onset distal myopathy, Markesbery-Griggs type",LDB3
98911,Distal myotilinopathy,MYOT
98914,Presynaptic congenital myasthenic syndromes,CHAT
98914,Presynaptic congenital myasthenic syndromes,AGRN
98914,Presynaptic congenital myasthenic syndromes,SLC25A1
98914,Presynaptic congenital myasthenic syndromes,SNAP25
98914,Presynaptic congenital myasthenic syndromes,SYT2
98914,Presynaptic congenital myasthenic syndromes,MYO9A
98914,Presynaptic congenital myasthenic syndromes,SLC5A7
98914,Presynaptic congenital myasthenic syndromes,VAMP1
98914,Presynaptic congenital myasthenic syndromes,SLC18A3
98914,Presynaptic congenital myasthenic syndromes,COL13A1
98913,Postsynaptic congenital myasthenic syndrome,RAPSN
98913,Postsynaptic congenital myasthenic syndrome,SCN4A
98913,Postsynaptic congenital myasthenic syndrome,CHRNA1
98913,Postsynaptic congenital myasthenic syndrome,CHRNA1
98913,Postsynaptic congenital myasthenic syndrome,CHRNB1
98913,Postsynaptic congenital myasthenic syndrome,CHRNB1
98913,Postsynaptic congenital myasthenic syndrome,CHRND
98913,Postsynaptic congenital myasthenic syndrome,CHRND
98913,Postsynaptic congenital myasthenic syndrome,CHRNE
98913,Postsynaptic congenital myasthenic syndrome,CHRNE
98913,Postsynaptic congenital myasthenic syndrome,DOK7
98913,Postsynaptic congenital myasthenic syndrome,MUSK
98913,Postsynaptic congenital myasthenic syndrome,LRP4
98913,Postsynaptic congenital myasthenic syndrome,AGRN
98913,Postsynaptic congenital myasthenic syndrome,AK9
98913,Postsynaptic congenital myasthenic syndrome,COL13A1
98916,Acute inflammatory demyelinating polyradiculoneuropathy,PMP22
98915,Synaptic congenital myasthenic syndrome,COLQ
98915,Synaptic congenital myasthenic syndrome,LAMB2
98904,Congenital myopathy with excess of thin filaments,ACTA1
98905,Congenital multicore myopathy with external ophthalmoplegia,RYR1
98908,Neutral lipid storage disease with myopathy,PNPLA2
98907,Neutral lipid storage disease with ichthyosis,ABHD5
98909,Desminopathy,DES
98933,"Multiple system atrophy, parkinsonian type",COQ2
98934,Huntington disease-like 2,JPH3
98920,Spinal muscular atrophy with respiratory distress type 1,IGHMBP2
98942,Coloboma of choroid and retina,ACTG1
98942,Coloboma of choroid and retina,FZD5
98942,Coloboma of choroid and retina,SALL2
98942,Coloboma of choroid and retina,ABCB6
98942,Coloboma of choroid and retina,PAX6
98938,Colobomatous microphthalmia,SHH
98938,Colobomatous microphthalmia,STRA6
98938,Colobomatous microphthalmia,VSX2
98938,Colobomatous microphthalmia,GDF6
98938,Colobomatous microphthalmia,GDF3
98938,Colobomatous microphthalmia,ABCB6
98938,Colobomatous microphthalmia,TENM3
98938,Colobomatous microphthalmia,RBP4
98938,Colobomatous microphthalmia,SOX2
98938,Colobomatous microphthalmia,SIX6
98938,Colobomatous microphthalmia,OTX2
98938,Colobomatous microphthalmia,RAX
98938,Colobomatous microphthalmia,ALDH1A3
98938,Colobomatous microphthalmia,PORCN
98949,Complete cryptophthalmia,FREM2
98947,Coloboma of optic disc,FZD5
98947,Coloboma of optic disc,SALL2
98947,Coloboma of optic disc,ABCB6
98947,Coloboma of optic disc,PAX6
98945,Coloboma of macula,FZD5
98945,Coloboma of macula,SALL2
98945,Coloboma of macula,ABCB6
98945,Coloboma of macula,PAX6
98946,Coloboma of eyelid,FZD5
98946,Coloboma of eyelid,SALL2
98946,Coloboma of eyelid,ABCB6
98946,Coloboma of eyelid,PAX6
98943,Coloboma of eye lens,FZD5
98943,Coloboma of eye lens,SALL2
98943,Coloboma of eye lens,ABCB6
98943,Coloboma of eye lens,PAX6
98944,Coloboma of iris,ACTG1
98944,Coloboma of iris,FZD5
98944,Coloboma of iris,SALL2
98944,Coloboma of iris,ABCB6
98944,Coloboma of iris,PAX6
98957,Gelatinous drop-like corneal dystrophy,TACSTD2
98956,Epithelial basement membrane dystrophy,TGFBI
98954,Meesmann corneal dystrophy,KRT12
98954,Meesmann corneal dystrophy,KRT3
98964,Lattice corneal dystrophy type I,TGFBI
98963,Granular corneal dystrophy type II,TGFBI
98962,Granular corneal dystrophy type I,TGFBI
98961,Reis-Bücklers corneal dystrophy,TGFBI
98960,Thiel-Behnke corneal dystrophy,TGFBI
98973,Posterior polymorphous corneal dystrophy,VSX1
98973,Posterior polymorphous corneal dystrophy,ZEB1
98973,Posterior polymorphous corneal dystrophy,COL8A2
98973,Posterior polymorphous corneal dystrophy,OVOL2
98973,Posterior polymorphous corneal dystrophy,GRHL2
98974,Fuchs endothelial corneal dystrophy,SLC4A11
98974,Fuchs endothelial corneal dystrophy,ZEB1
98974,Fuchs endothelial corneal dystrophy,COL8A2
98974,Fuchs endothelial corneal dystrophy,TCF4
98974,Fuchs endothelial corneal dystrophy,AGBL1
98967,Schnyder corneal dystrophy,UBIAD1
98969,Macular corneal dystrophy,CHST6
98970,Fleck corneal dystrophy,PIKFYVE
98976,Congenital glaucoma,CYP1B1
98976,Congenital glaucoma,MYOC
98976,Congenital glaucoma,LTBP2
98976,Congenital glaucoma,TEK
98977,Juvenile glaucoma,CYP1B1
98977,Juvenile glaucoma,MYOC
98977,Juvenile glaucoma,EFEMP1
98978,Axenfeld anomaly,PITX2
98978,Axenfeld anomaly,FOXC1
98988,Early-onset anterior polar cataract,CRYAA
98988,Early-onset anterior polar cataract,CRYBB3
98988,Early-onset anterior polar cataract,CRYGB
98988,Early-onset anterior polar cataract,CRYBA2
98990,Coralliform cataract,CRYGD
98989,Cerulean cataract,CRYBB2
98989,Cerulean cataract,CRYGD
98989,Cerulean cataract,MIP
98989,Cerulean cataract,MAF
98984,Pulverulent cataract,BFSP2
98984,Pulverulent cataract,CRYBB2
98984,Pulverulent cataract,CRYGC
98984,Pulverulent cataract,CRYGD
98984,Pulverulent cataract,GJA3
98984,Pulverulent cataract,GJA8
98984,Pulverulent cataract,CRYBB1
98984,Pulverulent cataract,MAF
98984,Pulverulent cataract,VIM
98985,Early-onset sutural cataract,BFSP2
98985,Early-onset sutural cataract,CRYBA1
98985,Early-onset sutural cataract,CRYBB2
98985,Early-onset sutural cataract,GJA8
98985,Early-onset sutural cataract,MIP
98985,Early-onset sutural cataract,CRYGS
98991,Early-onset nuclear cataract,WFS1
98991,Early-onset nuclear cataract,CRYAA
98991,Early-onset nuclear cataract,CRYAB
98991,Early-onset nuclear cataract,CRYBA1
98991,Early-onset nuclear cataract,CRYBB2
98991,Early-onset nuclear cataract,CRYBB3
98991,Early-onset nuclear cataract,CRYGC
98991,Early-onset nuclear cataract,CRYGD
98991,Early-onset nuclear cataract,GJA3
98991,Early-onset nuclear cataract,GJA8
98991,Early-onset nuclear cataract,MIP
98991,Early-onset nuclear cataract,CRYBB1
98991,Early-onset nuclear cataract,NHS
98991,Early-onset nuclear cataract,BFSP1
98991,Early-onset nuclear cataract,EPHA2
98991,Early-onset nuclear cataract,FYCO1
98991,Early-onset nuclear cataract,UNC45B
98991,Early-onset nuclear cataract,CRYBA2
98994,Total early-onset cataract,CRYAA
98994,Total early-onset cataract,CRYBB2
98994,Total early-onset cataract,GJA8
98994,Total early-onset cataract,HSF4
98994,Total early-onset cataract,MIP
98994,Total early-onset cataract,NHS
98994,Total early-onset cataract,LIM2
98994,Total early-onset cataract,EPHA2
98994,Total early-onset cataract,FYCO1
98994,Total early-onset cataract,AGK
98994,Total early-onset cataract,CRYGB
98994,Total early-onset cataract,GCNT2
98994,Total early-onset cataract,LSS
98994,Total early-onset cataract,PGRMC1
98994,Total early-onset cataract,LEMD2
98994,Total early-onset cataract,DNMBP
98994,Total early-onset cataract,SIPA1L3
98993,Early-onset posterior polar cataract,PITX3
98993,Early-onset posterior polar cataract,CRYAB
98993,Early-onset posterior polar cataract,CRYBA1
98993,Early-onset posterior polar cataract,GJA3
98993,Early-onset posterior polar cataract,MIP
98993,Early-onset posterior polar cataract,CHMP4B
98993,Early-onset posterior polar cataract,EPHA2
98993,Early-onset posterior polar cataract,PANK4
99001,Butterfly-shaped pigment dystrophy,PRPH2
99001,Butterfly-shaped pigment dystrophy,OTX2
99001,Butterfly-shaped pigment dystrophy,CTNNA1
99002,Reticular dystrophy of the retinal pigment epithelium,RCBTB1
99000,Adult-onset foveomacular vitelliform dystrophy,PRPH2
99000,Adult-onset foveomacular vitelliform dystrophy,BEST1
99000,Adult-onset foveomacular vitelliform dystrophy,IMPG2
99000,Adult-onset foveomacular vitelliform dystrophy,IMPG1
99003,Multifocal pattern dystrophy simulating fundus flavimaculatus,PRPH2
99013,Spastic paraplegia type 7,SPG7
99014,X-linked Charcot-Marie-Tooth disease type 5,PRPS1
99015,Spastic paraplegia type 2,PLP1
585877,B-lymphoblastic leukemia/lymphoma with recurrent genetic abnormality,PDGFRA
585877,B-lymphoblastic leukemia/lymphoma with recurrent genetic abnormality,FOXP1
585909,B-lymphoblastic leukemia/lymphoma with t(9;22)(q34.1;q11.2),CDKN2A
585909,B-lymphoblastic leukemia/lymphoma with t(9;22)(q34.1;q11.2),ABL1
585909,B-lymphoblastic leukemia/lymphoma with t(9;22)(q34.1;q11.2),BCR
585909,B-lymphoblastic leukemia/lymphoma with t(9;22)(q34.1;q11.2),IKZF1
585909,B-lymphoblastic leukemia/lymphoma with t(9;22)(q34.1;q11.2),TP53
585909,B-lymphoblastic leukemia/lymphoma with t(9;22)(q34.1;q11.2),FLT3
585909,B-lymphoblastic leukemia/lymphoma with t(9;22)(q34.1;q11.2),HLA-C
585936,B-lymphoblastic leukemia/lymphoma with hyperdiploidy,GATA3
585936,B-lymphoblastic leukemia/lymphoma with hyperdiploidy,PIP4K2A
585918,B-lymphoblastic leukemia/lymphoma with t(v;11q23.3),KMT2A
585929,B-lymphoblastic leukemia/lymphoma with t(12;21)(p13.2;q22.1),ETV6
99027,Adult-onset autosomal dominant leukodystrophy,LMNB1
585956,B-lymphoblastic leukemia/lymphoma with t(1;19)(q23;p13.3),TCF3
585956,B-lymphoblastic leukemia/lymphoma with t(1;19)(q23;p13.3),PBX1
585948,B-lymphoblastic leukemia/lymphoma with t(5;14)(q31.1;q32.3),IGH
99042,Congenitally uncorrected transposition of the great arteries with coarctation,CFC1
98676,Autosomal recessive isolated optic atrophy,YME1L1
98676,Autosomal recessive isolated optic atrophy,MECR
98676,Autosomal recessive isolated optic atrophy,ACO2
98676,Autosomal recessive isolated optic atrophy,RTN4IP1
98676,Autosomal recessive isolated optic atrophy,MCAT
98673,"Autosomal dominant optic atrophy, classic form",OPA1
98673,"Autosomal dominant optic atrophy, classic form",DNM1L
98619,Rare isolated myopia,SLC39A5
98619,Rare isolated myopia,SCO2
98619,Rare isolated myopia,P3H2
98619,Rare isolated myopia,LRPAP1
583602,Neu-Laxova syndrome due to phosphoserine aminotransferase deficiency,PSAT1
583607,Neu-Laxova syndrome due to 3-phosphoglycerate dehydrogenase deficiency,PHGDH
583612,Neu-Laxova syndrome due to 3-phosphoserine phosphatase deficiency,PSPH
98795,Angelman syndrome due to paternal uniparental disomy of chromosome 15,UBE3A
98794,Angelman syndrome due to maternal 15q11q13 deletion,UBE3A
98794,Angelman syndrome due to maternal 15q11q13 deletion,OCA2
98791,Alpha-thalassemia-intellectual disability syndrome linked to chromosome 16,HBA2
98791,Alpha-thalassemia-intellectual disability syndrome linked to chromosome 16,HBA1
98806,"Primary dystonia, DYT6 type",THAP1
98805,"Primary dystonia, DYT4 type",TUBB4A
98784,Sleep-related hypermotor epilepsy,CHRNA4
98784,Sleep-related hypermotor epilepsy,CHRNA2
98784,Sleep-related hypermotor epilepsy,CHRNB2
98784,Sleep-related hypermotor epilepsy,KCNT1
98784,Sleep-related hypermotor epilepsy,DEPDC5
98784,Sleep-related hypermotor epilepsy,CRH
98784,Sleep-related hypermotor epilepsy,CABP4
98764,Spinocerebellar ataxia type 27A,FGF14
98763,Spinocerebellar ataxia type 14,PRKCG
98766,Spinocerebellar ataxia type 5,SPTBN2
98765,Spinocerebellar ataxia type 4,PLEKHG4
98760,Spinocerebellar ataxia type 8,ATXN8
98760,Spinocerebellar ataxia type 8,ATXN8OS
98759,Spinocerebellar ataxia type 17,TBP
98762,Spinocerebellar ataxia type 12,PPP2R2B
98761,Spinocerebellar ataxia type 10,ATXN10
98772,Spinocerebellar ataxia type 19/22,KCND3
98771,Spinocerebellar ataxia type 18,IFRD1
98773,Spinocerebellar ataxia type 21,TMEM240
98768,Spinocerebellar ataxia type 13,KCNC3
98767,Spinocerebellar ataxia type 11,TTBK2
98769,Spinocerebellar ataxia type 15/16,ITPR1
580940,QRICH1-related intellectual disability-chondrodysplasia syndrome,QRICH1
580933,Lethal brain and heart developmental defects,SIRT6
98755,Spinocerebellar ataxia type 1,ATXN1
98756,Spinocerebellar ataxia type 2,ATXN2
98758,Spinocerebellar ataxia type 6,CACNA1A
581271,Cramp-fasciculation syndrome,TRPA1
98754,Prader-Willi syndrome due to maternal uniparental disomy of chromosome 15,SNRPN
98754,Prader-Willi syndrome due to maternal uniparental disomy of chromosome 15,MAGEL2
98754,Prader-Willi syndrome due to maternal uniparental disomy of chromosome 15,NDN
98754,Prader-Willi syndrome due to maternal uniparental disomy of chromosome 15,OCA2
576232,Partial atrioventricular septal defect with ventricular hypoplasia,GATA4
576235,Partial atrioventricular septal defect without ventricular hypoplasia,CRELD1
576227,Complete atrioventricular septal defect without ventricular hypoplasia,MEF2C
575553,Cathepsin A-related arteriopathy-strokes-leukoencephalopathy,CTSA
576349,NLRC4-related familial cold autoinflammatory syndrome,NLRC4
576283,SATB2-associated syndrome due to a pathogenic variant,SATB2
574957,Mendelian susceptibility to mycobacterial diseases due to partial JAK1 deficiency,JAK1
574918,Predisposition to severe viral infection due to IRF7 deficiency,IRF7
572385,Brachydactyly type B1,ROR2
572361,Blepharophimosis-ptosis-epicanthus inversus syndrome type 2,FOXL2
572428,Infantile-onset pulmonary alveolar proteinosis-hypogammaglobulinemia,OAS1
98434,Hereditary combined deficiency of vitamin K-dependent clotting factors,GGCX
98434,Hereditary combined deficiency of vitamin K-dependent clotting factors,VKORC1
572543,RFVT2-related riboflavin transporter deficiency,SLC52A2
572550,RFVT3-related riboflavin transporter deficiency,SLC52A3
572773,Microcephaly-short stature-limb abnormalities syndrome,DONSON
572798,WARS2-related combined oxidative phosphorylation defect,WARS2
572768,Microcephaly-micromelia syndrome,DONSON
572013,Posterior-predominant lissencephaly-broad flat pons and medulla-midline crossing defects syndrome,MACF1
572013,Posterior-predominant lissencephaly-broad flat pons and medulla-midline crossing defects syndrome,CEP85L
572333,Blepharophimosis-ptosis-epicanthus inversus syndrome plus,FOXL2
572354,Blepharophimosis-ptosis-epicanthus inversus syndrome type 1,FOXL2
570491,QRSL1-related combined oxidative phosphorylation defect,QRSL1
570422,Galactose mutarotase deficiency,GALM
570371,Bartter syndrome type 5,MAGED2
708895,Tetrahydrobiopterin-unresponsive phenylketonuria,PAH
708203,Intellectual disability-small hands and feet-drug-resistant epilepsy syndrome,SMC1A
708208,Developmental delay-white matter abnormalities-strabismus-recurrent respiratory tract infections syndrome,POLR2A
714385,Global developmental delay-high pain tolerance-intellectual disability syndrome,DEAF1
714079,"Complete congenital stationary night blindness, Schubert-Bornschein type",GRM6
714079,"Complete congenital stationary night blindness, Schubert-Bornschein type",TRPM1
714079,"Complete congenital stationary night blindness, Schubert-Bornschein type",GPR179
714079,"Complete congenital stationary night blindness, Schubert-Bornschein type",LRIT3
714070,"Incomplete congenital stationary night blindness, Schubert-Bornschein type",CACNA1F
714070,"Incomplete congenital stationary night blindness, Schubert-Bornschein type",CABP4
714070,"Incomplete congenital stationary night blindness, Schubert-Bornschein type",CACNA2D4
714046,Primary choroidal lymphoma,MYD88
714096,"Congenital stationary night blindness, Riggs type",GNAT1
714096,"Congenital stationary night blindness, Riggs type",PDE6B
714484,AGR2-related infantile-onset inflammatory bowel disease,AGR2
714487,Congenital diarrhea-chronic gastrointestinal inflammation-ocular dysgenesis syndrome,WNT2B
714477,Early-onset inflammatory bowel disease-ulcerative skin lesions-immunodeficiency syndrome,ANKZF1
714481,SCGN-related severe early-onset hereditary ulcerative colitis,SCGN
714496,Immunodeficiency-congenital thrombocytopenia-hypereosinophilia-colitis-vasculitis syndrome,ARPC1B
714652,PCDH19 clustering epilepsy,PCDH19
714490,PERCC1-related congenital intractable malabsorptive diarrhea,PERCC1
714493,Congenital thrombocytopenia-recurrent infections syndrome due to WIP deficiency,WIPF1
714407,Developmental delay-macrocephaly-corpus callosum dysgenesis-intellectual disability syndrome due to NFIB mutation,NFIB
714410,CARD8-related inflammatory bowel disease,CARD8
714399,Global developmental delay-dental enamel defects-ataxia syndrome,CTBP1
714472,Inflammatory bowel disease-autoimmunity-sinopulmonary infections-lymphadenopathy syndrome,BACH2
714413,9p23p22.2 microdeletion syndrome,NFIB
714423,Infantile-onset inflammatory bowel disease-hearing loss-recurrent infections syndrome,STXBP3
715128,Hemoglobin E-beta-thalassemia major,HBB
715125,Hemoglobin E-beta-thalassemia intermedia,HBB
714806,Multifocal sporadic venous malformation,TEK
714737,Diffuse capillary malformation with overgrowth,PIK3CA
714737,Diffuse capillary malformation with overgrowth,GNA11
715154,Low oxygen affinity alpha chain hemoglobin disease,HBA2
715157,Low oxygen affinity beta chain hemoglobin disease,HBB
715135,Hemoglobin Lepore-beta-thalassemia intermedia,HBB
715140,Hemoglobin Lepore-beta-thalassemia major,HBB
715143,Heterozygous beta-thalassemia intermedia with supernumerary alpha-globin gene,HBB
715143,Heterozygous beta-thalassemia intermedia with supernumerary alpha-globin gene,HBA2
715143,Heterozygous beta-thalassemia intermedia with supernumerary alpha-globin gene,HBA1
715640,Rothmund-Thomson syndrome type 3,CRIPT
715635,Rothmund-Thomson syndrome type 4,DNA2
715623,Motor incoordination-myopathy-respiratory insufficiency-progressive cerebellar atrophy syndrome,RFC4
718017,Combined immunodeficiency due to COPG1 deficiency,COPG1
694963,Inflammatory breast cancer,BRCA1
694963,Inflammatory breast cancer,BRCA2
694946,Alazami-Yuan syndrome,TAF6
694956,Intellectual disability-lymphoid hypertrophy-macrocephaly syndrome,ZBTB7A
694356,ADAR-related hereditary spastic paraplegia,ADAR
694937,Intellectual disability-peripheral neuropathy-corpus callosum abnormalities syndrome due to nudix hydrolase 2 deficiency,NUDT2
694922,Childhood-onset stress-induced neurodegenerative ataxia-seizure syndrome,ADPRS
693912,EPHB4-related capillary malformation-arteriovenous malformation,EPHB4
693907,RASA1-related capillary malformation-arteriovenous malformation,RASA1
694308,ZMYND11-related developmental delay-speech delay-seizures-behavioral abnormalities-craniofacial dysmorphism syndrome due to a point mutation,ZMYND11
696189,Congenital generalized lipodystrophy type 1,AGPAT2
696206,Congenital generalized lipodystrophy type 3,CAV1
696242,PPARG-associated congenital generalized lipodystrophy,PPARG
696289,Congenital generalized lipodystrophy type 2,BSCL2
695783,EDEM3-CDG,EDEM3
695807,Immunodeficiency-systemic inflammation-lymphoma predisposition syndrome,SYK
696063,PLIN4-related distal myopathy,PLIN4
695147,Sickle cell-beta plus-thalassemia,HBB
695183,Late-onset combined immunodeficiency due to ICOS deficiency,ICOS
695172,Combined immunodeficiency due to dimerization defective IKAROS mutation,IKZF1
695191,Late-onset combined immunodeficiency due to ICOSL deficiency,ICOSLG
695110,MAN2B2-CDG,MAN2B2
695140,Sickle cell-beta zero-thalassemia,HBB
104077,Myopathic intestinal pseudoobstruction,ACTG2
697067,Global developmental delay-intellectual disability-microcephaly-short stature-brain iron accumulation syndrome,BCAS3
696942,Childhood-onset common variable immunodeficiency due to ARHGEF1 deficiency,ARHGEF1
696945,X-linked common variable immunodeficiency phenotype due to SH3KBP1 deficiency,SH3KBP1
696931,Common variable immunodeficiency phenotype due to TWEAK deficiency,TNFSF12
696925,Adult-onset common variable immunodeficiency due to BAFF-receptor deficiency,TNFRSF13C
696907,Common variable immunodeficiency phenotype due to homozygous TACI deficiency,TNFRSF13B
103918,Tropical pancreatitis,SPINK1
103918,Tropical pancreatitis,CTRC
696904,Common variable immunodeficiency phenotype due to IRF2BP2 deficiency,IRF2BP2
696894,Common variable immunodeficiency phenotype due to CD21 deficiency,CR2
103908,Congenital sodium diarrhea,GUCY2C
103908,Congenital sodium diarrhea,SLC9A3
696881,Common variable immunodeficiency phenotype due to CD19/CD81 deficiency,CD19
696881,Common variable immunodeficiency phenotype due to CD19/CD81 deficiency,CD81
103909,Trehalase deficiency,TREH
696874,NFKB1-related immune dysregulation,NFKB1
102724,Acute myeloid leukemia with t(8;21)(q22;q22) translocation,RUNX1
102724,Acute myeloid leukemia with t(8;21)(q22;q22) translocation,FLT3
102724,Acute myeloid leukemia with t(8;21)(q22;q22) translocation,CEBPA
102724,Acute myeloid leukemia with t(8;21)(q22;q22) translocation,RUNX1T1
102724,Acute myeloid leukemia with t(8;21)(q22;q22) translocation,KIT
697764,Intellectual disability-nasal speech-craniofacial dysmorphism syndrome due to CNOT2 mutation,CNOT2
697414,Early-onset combined immunodeficiency with low Ig due to dominant negative IKAROS mutation,IKZF1
697734,ST3GAL3-CDG,ST3GAL3
697417,Common variable immunodeficiency phenotype due to SEC61A1 deficiency,SEC61A1
697394,Combined immunodeficiency due to c-REL deficiency,REL
697403,Combined immunodeficiency-hypogammaglobulinemia-skeletal anomalies syndrome due to IKBKA deficiency,CHUK
697356,Congenital scalp aplasia cutis-enamel hypoplasia-developmental delay-intellectual disability syndrome,FOSL2
697389,Combined immunodeficiency due to HELIOS deficiency,IKZF2
697160,Infantile epileptic spasms syndrome,SCN2A
697160,Infantile epileptic spasms syndrome,CDKL5
697160,Infantile epileptic spasms syndrome,ARX
697160,Infantile epileptic spasms syndrome,PIGA
697160,Infantile epileptic spasms syndrome,SPTAN1
697160,Infantile epileptic spasms syndrome,PLCB1
697160,Infantile epileptic spasms syndrome,GRIN2B
697160,Infantile epileptic spasms syndrome,WDR45
697160,Infantile epileptic spasms syndrome,NTRK2
697160,Infantile epileptic spasms syndrome,SIK1
697160,Infantile epileptic spasms syndrome,GUF1
697160,Infantile epileptic spasms syndrome,CNPY3
697160,Infantile epileptic spasms syndrome,PHACTR1
699593,Combined immunodeficiency-lymphopenia-cancer predisposing syndrome due to AIOLOS deficiency,IKZF3
699590,Immune dysregulation with immunodeficiency due to AIOLOS haploinsufficiency,IKZF3
699605,NEMO deleted exon 5 autoinflammatory syndrome,IKBKG
699599,ICHAD syndrome,IKZF2
699618,Severe mendelian susceptibility to mycobacterial diseases due to complete IFNG deficiency,IFNG
699615,Severe mendelian susceptibility to mycobacterial diseases due to complete IRF1 deficiency,IRF1
698085,Global developmental delay-intellectual disability-facial dysmorphism-pseudo-Pelger-Huët anomaly syndrome,TMEM147
698090,Ophthalmological abnormalities-facial dysmorphism-intellectual disability syndrome,BRPF1
699822,Sickle cell S-Lepore disease,HBB
699822,Sickle cell S-Lepore disease,HBD
699850,2p25.3 microduplication syndrome,MYT1L
699850,2p25.3 microduplication syndrome,PXDN
700090,Sickle cell S-O Arab disease,HBB
700111,Homozygous hemoglobin O Arab disease,HBB
700107,Sickle cell S-other specified hemoglobin variant,HBB
700124,Autosomal recessive hereditary chronic pancreatitis,SPINK1
700124,Autosomal recessive hereditary chronic pancreatitis,CFTR
699708,CLN14 disease,KCTD7
699718,Infantile CLN1 disease,PPT1
699734,Late infantile CLN1 disease,PPT1
699739,Juvenile CLN1 disease,PPT1
699745,Adult CLN1 disease,PPT1
699751,Infantile CLN2 disease,TPP1
699761,Late infantile CLN2 disease,TPP1
699769,Juvenile CLN2 disease,TPP1
699780,Juvenile CLN3 disease,CLN3
699796,Protracted juvenile CLN3 disease,CLN3
699802,Late infantile CLN5 disease,CLN5
699807,Juvenile CLN5 disease,CLN5
699812,Adult CLN5 disease,CLN5
700508,Distal muscle weakness-foot deformity-elevated sorbitol level-hereditary motor neuropathy,SORD
700497,Juvenile CLN10 disease,CTSD
700492,Late infantile CLN10 disease,CTSD
700487,Congenital CLN10 disease,CTSD
700484,Late infantile CLN8 disease,CLN8
700477,Adult CLN6 disease,CLN6
700472,Juvenile CLN6 disease,CLN6
700188,Calf-predominant weakness-gastrocnemius medialis atrophy-distal myopathy,RYR1
101351,Familial isolated congenital asplenia,NKX2-5
101351,Familial isolated congenital asplenia,RPSA
700170,DNAJB4-related distal myopathy,DNAJB4
700163,SMPX-related distal myopathy,SMPX
700154,TARDBP-related predominantly upper-limb distal myopathy,TARDBP
700467,Late infantile CLN6 disease,CLN6
700333,Hypotonia-speech impairment-severe cognitive delay syndrome due to UNC80 deficiency,UNC80
700336,Hypotonia-speech impairment-severe cognitive delay syndrome due to NALCN deficiency,NALCN
700325,NKAP-related intellectual disability-facial dysmorphism-marfanoid habitus-scoliosis syndrome,NKAP
700205,Combined immunodeficiency due to IKBKB gain-of-function mutation,IKBKB
708043,Ectodermal dysplasia with oligodontia-hand and foot malformation-hypoplastic nipples,LEF1
708036,Ectodermal dysplasia with agenesis of maxillary lateral incisors and mandibular anterior teeth,KREMEN1
708019,Congenital heart defect-ectodermal dysplasia- brachydactyly-telangiectasia syndrome,PRKD1
708014,Ectodermal dysplasia-natal teeth-skin abscesses-plantar hyperkeratosis-hearing impairment,IRF6
708171,Facial dysmorphism-corpus callosum hypoplasia-infantile epileptic encephalopathy,WWOX
708166,Severe neurodevelopmental disorder-facial dysmorphism-cerebral-renal-cardiac anomalies syndrome,TM2D3
708178,Global developmental delay-speech apraxia-facial dysmorphism-limb and palpebral anomalies syndrome,ZNF148
708126,DNAJB6-related distal myopathy,DNAJB6
708123,Autosomal dominant distal nebulin myopathy,NEB
708133,Autosomal dominant ACTN2-related distal myopathy,ACTN2
708129,Autosomal recessive ACTN2-related distal myopathy,ACTN2
707792,Unstable gamma globin chain variant disease,HBG2
707937,Distal arthrogryposis-progressive scoliosis-thumb deformity-impaired proprioception syndrome,PIEZO2
707983,Early-onset autosomal recessive TTN-related distal myopathy,TTN
707789,Unstable alpha globin chain variant disease,HBA2
707789,Unstable alpha globin chain variant disease,HBA1
664511,"Early-onset severe Hermansky-Pudlak syndrome with hearing loss, due to AP3D1 deficiency",AP3D1
101150,Autosomal recessive dopa-responsive dystonia,TH
101150,Autosomal recessive dopa-responsive dystonia,TSPOAP1
664500,Hermansky-Pudlak syndrome due to AP3B1 deficiency,AP3B1
101111,Spinocerebellar ataxia type 25,SCA25
101111,Spinocerebellar ataxia type 25,PNPT1
101112,Spinocerebellar ataxia type 26,EEF2
101109,Spinocerebellar ataxia type 28,AFG3L2
664438,Gingival fibromatosis-aortic root dilatation-facial dysmorphism-intellectual disability syndrome,KCNMA1
101110,Spinocerebellar ataxia type 20,SCA20
101108,Spinocerebellar ataxia type 23,PDYN
664430,Neurodevelopmental disorder-slit-like lateral ventricles-intellectual disability syndrome,SLC4A10
664416,Brain abnormalities-severe developmental delay-facial dysmorphism-intellectual disability syndrome due to MEF2C mutation,MEF2C
665058,Common arterial trunk with pulmonary dominance and interrupted aortic arch,TBX1
665058,Common arterial trunk with pulmonary dominance and interrupted aortic arch,GATA6
665044,Common arterial trunk with aortic dominance,TBX1
665044,Common arterial trunk with aortic dominance,GATA6
664729,EBV-induced lymphoproliferative disease due to TET2 deficiency,TET2
664726,EBV-induced lymphoproliferative disease due to CD137 deficiency,TNFRSF9
664711,EBV-induced lymphoproliferative disease due to PRKCD deficiency,PRKCD
664699,EBV-induced lymphoproliferative disease due to RASGRP1 deficiency,RASGRP1
101085,Charcot-Marie-Tooth disease type 1F,NEFL
101088,X-linked hyper-IgM syndrome,CD40LG
101081,Charcot-Marie-Tooth disease type 1A,PMP22
101082,Charcot-Marie-Tooth disease type 1B,MPZ
101083,Charcot-Marie-Tooth disease type 1C,LITAF
101084,Charcot-Marie-Tooth disease type 1D,EGR2
101078,X-linked Charcot-Marie-Tooth disease type 4,AIFM1
662234,Neurodevelopmental delay-congenital heart defects-intellectual disability syndrome,SPEN
662367,NESCAV syndrome,KIF1A
662216,Mucopolysaccharidosis type 10,ARSK
662207,Neurodevelopmental delay-brain malformations-skeletal defects-intellectual disability syndrome,HNRNPH1
101075,X-linked Charcot-Marie-Tooth disease type 1,GJB1
101102,Charcot-Marie-Tooth disease type 2H,GDAP1
664401,Cardiac anomalies-short stature-joint hypermobility-facial dysmorphism syndrome due to TAB2 mutation,TAB2
101101,Charcot-Marie-Tooth disease type 2B2,PNKP
664404,6q25.1 microdeletion syndrome,TAB2
101097,Autosomal recessive Charcot-Marie-Tooth disease with hoarseness,GDAP1
662762,Motor delay-microcephaly-speech impairment-ocular abnormalities syndrome,ARPC4
101090,Hyper-IgM syndrome type 3,CD40
101089,Hyper-IgM syndrome type 2,AICDA
662829,Intellectual disability-speech delay-dysmorphic features-T cell abnormalities syndrome,BCL11B
101092,Hyper-IgM syndrome type 5,UNG
675359,Anastomosing haemangioma,GNAQ
675359,Anastomosing haemangioma,GNA14
675359,Anastomosing haemangioma,GNA11
675216,Spinocerebellar ataxia type 27B,FGF14
101049,Familial hypocalciuric hypercalcemia type 2,GNA11
101050,Familial hypocalciuric hypercalcemia type 3,AP2S1
101041,Familial hypofibrinogenemia,FGA
101041,Familial hypofibrinogenemia,FGB
101041,Familial hypofibrinogenemia,FGG
101046,Epilepsy with auditory features,RELN
101046,Epilepsy with auditory features,LGI1
101046,Epilepsy with auditory features,MICAL1
101068,Congenital stromal corneal dystrophy,DCN
101068,Congenital stromal corneal dystrophy,SPARCL1
675767,Severe congenital neutropenia-developmental delay syndrome due to SRP54 deficiency,SRP54
101070,Bilateral frontoparietal polymicrogyria,ADGRG1
675396,Epithelioid hemangioma,FOSB
675396,Epithelioid hemangioma,ZFP36L2
675396,Epithelioid hemangioma,LMNA
675396,Epithelioid hemangioma,VIM
675396,Epithelioid hemangioma,FOS
675628,TLR8-related inflammation-severe neutropenia-bone marrow failure-lymphoproliferation syndrome,TLR8
101063,Situs inversus totalis,ANKS3
101063,Situs inversus totalis,NME7
101063,Situs inversus totalis,CITED2
101063,Situs inversus totalis,NODAL
101063,Situs inversus totalis,CFAP53
101063,Situs inversus totalis,CFAP52
101063,Situs inversus totalis,MMP21
101063,Situs inversus totalis,PKD1L1
101063,Situs inversus totalis,DNAH9
101063,Situs inversus totalis,CIROP
667662,Breast implant-associated anaplastic large cell lymphoma,JAK1
667662,Breast implant-associated anaplastic large cell lymphoma,JAK2
667662,Breast implant-associated anaplastic large cell lymphoma,STAT3
667662,Breast implant-associated anaplastic large cell lymphoma,STAT3
667662,Breast implant-associated anaplastic large cell lymphoma,BRCA1
667662,Breast implant-associated anaplastic large cell lymphoma,BRCA2
667662,Breast implant-associated anaplastic large cell lymphoma,TP53
101023,Cleft hard palate,GRHL3
101023,Cleft hard palate,UBB
101009,Autosomal dominant spastic paraplegia type 29,SPG29
101010,Autosomal spastic paraplegia type 30,KIF1A
101011,Autosomal dominant spastic paraplegia type 31,REEP1
101016,Romano-Ward syndrome,TRDN
101016,Romano-Ward syndrome,KCNH2
101016,Romano-Ward syndrome,KCNQ1
101016,Romano-Ward syndrome,CAV3
101016,Romano-Ward syndrome,ANK2
101016,Romano-Ward syndrome,KCNE1
101016,Romano-Ward syndrome,KCNE2
101016,Romano-Ward syndrome,SCN5A
101016,Romano-Ward syndrome,AKAP9
101016,Romano-Ward syndrome,SCN4B
101016,Romano-Ward syndrome,SNTA1
101016,Romano-Ward syndrome,KCNJ5
101016,Romano-Ward syndrome,NOS1AP
101016,Romano-Ward syndrome,CALM1
101016,Romano-Ward syndrome,CALM2
101016,Romano-Ward syndrome,SCN10A
101016,Romano-Ward syndrome,TBX5
101016,Romano-Ward syndrome,CACNA1C
101016,Romano-Ward syndrome,CALM3
674653,Actinomyopathy-associated syndromic thrombocytopenia,ACTB
674762,Early-onset autoinflammatory syndrome due to A20 haploinsufficiency,TNFAIP3
101028,Transaldolase deficiency,TALDO1
673556,Pseudomyogenic hemangioendothelioma,FOSB
673556,Pseudomyogenic hemangioendothelioma,ACTB
673556,Pseudomyogenic hemangioendothelioma,WWTR1
673556,Pseudomyogenic hemangioendothelioma,SERPINE1
100984,Autosomal dominant spastic paraplegia type 3,ATL1
685067,Hypodontia-scalp hypotrichosis-facial dysmorphism syndrome,TSPEAR
685082,Pediatric acute respiratory distress syndrome,ABCA3
685082,Pediatric acute respiratory distress syndrome,SFTPB
685082,Pediatric acute respiratory distress syndrome,SFTPC
685017,Combined immunodeficiency due to TBX1 deficiency,TBX1
100991,Autosomal dominant spastic paraplegia type 10,KIF5A
686465,Fibrotic hypersensitivity pneumonitis,MUC5B
100989,Autosomal dominant spastic paraplegia type 8,WASHC5
100988,Autosomal dominant spastic paraplegia type 6,NIPA1
100986,Autosomal recessive spastic paraplegia type 5A,CYP7B1
100985,Autosomal dominant spastic paraplegia type 4,SPAST
687424,ZMYND11-related developmental delay-speech delay-seizures-behavioral abnormalities-craniofacial dysmorphism syndrome due to 10p15.3 microdeletion,ZMYND11
100999,Autosomal dominant spastic paraplegia type 19,SPG19
101000,Autosomal recessive spastic paraplegia type 20,SPART
686999,Lipodystrophy-demyelinating peripheral sensory-motor neuropathy syndrome,PLAAT3
100997,X-linked spastic paraplegia type 16,SPG16
100998,Autosomal dominant spastic paraplegia type 17,BSCL2
100995,Autosomal recessive spastic paraplegia type 14,SPG14
686495,MADD-related developmental delay-endocrine dysfunction-hypohemoglobinemia syndrome,MADD
100996,Kjellin syndrome,ZFYVE26
686488,RNU4-2-related autosomal dominant neurodevelopmental disorder,RNU4-2
100993,Autosomal dominant spastic paraplegia type 12,UBAP1
100993,Autosomal dominant spastic paraplegia type 12,RTN2
686482,BPTF-related intellectual disability-facial dysmorphism-skeletal anomalies syndrome,BPTF
100994,Autosomal dominant spastic paraplegia type 13,HSPD1
101007,Autosomal recessive spastic paraplegia type 27,SPG27
688543,Reticular dysgenesis-like severe combined immunodeficiency,RAC2
101008,Autosomal recessive spastic paraplegia type 28,DDHD1
101005,Autosomal recessive spastic paraplegia type 25,SPG25
101006,Autosomal recessive spastic paraplegia type 26,B4GALNT1
101003,Autosomal recessive spastic paraplegia type 23,DSTYK
101003,Autosomal recessive spastic paraplegia type 23,SPG23
101004,Autosomal recessive spastic paraplegia type 24,SPG24
101001,Autosomal recessive spastic paraplegia type 21,SPG21
675775,Severe congenital myelofibrosis-pancytopenia-intellectual disability-neurologic and ophthalmic abnormalities syndrome,RBSN
675782,Progressive hypotonia-intellectual disability-facial dysmorphism syndrome due to FYVE-defective RBSN,RBSN
676039,Combined immunodeficiency due to FOXN1 haploinsufficiency,FOXN1
676125,X-linked immune dysregulation with inflammatory bowel disease due to ELF4 deficiency,ELF4
100093,Carcinoid syndrome,SDHD
100924,Porphyria due to ALA dehydratase deficiency,ALAD
684216,Intellectual disability-facial dysmorphism-joint hypermobility-hearing loss syndrome,TET3
684305,Neurooculocardiogenitourinary syndrome,WDR37
100973,FRAXE intellectual disability,AFF2
100973,FRAXE intellectual disability,FMR3
100974,FRAXF syndrome,TMEM185A
684742,2q13 microdeletion syndrome,FBLN7
684742,2q13 microdeletion syndrome,TMEM87B
100976,Bathing suit ichthyosis,TGM1
684232,Intellectual disability-epilepsy-dental anomalies-facial dysmorphism syndrome,SATB1
684226,Intellectual disability-hypotonia-facial dysmorphism-macrocephaly syndrome,KMT5B
684247,Isolated growth hormone deficiency type IV,GHRHR
684240,Neurodevelopmental disorder-spasticity-movement disorder-epileptic syndrome,YIF1B
100054,F12-related hereditary angioedema with normal C1Inh,F12
100051,Hereditary angioedema type 2,SERPING1
100057,Renin-angiotensin-aldosterone system-blocker-induced angioedema,XPNPEP2
692173,Marbach-Schaaf neurodevelopmental syndrome,PRKAR1B
692193,CHAMP1-related intellectual disability-facial dysmorphism-behavioral abnormalities syndrome,CHAMP1
692812,RAC2-related combined immunodeficiency-bronchiectasis-cancer-predisposing syndrome,RAC2
693549,Facial dysmorphism-Intellectual disability-rhombencephalosynapsis syndrome,MN1
692790,ATP6AP1-CDG,ATP6AP1
100069,Semantic dementia,PSEN1
100069,Semantic dementia,TMEM106B
100069,Semantic dementia,CHMP2B
100069,Semantic dementia,TREM2
100069,Semantic dementia,MAPT
100069,Semantic dementia,GRN
100069,Semantic dementia,C9ORF72
693627,Agammaglobulinemia-skin involvement-failure to thrive syndrome,SLC39A7
100070,Progressive non-fluent aphasia,TMEM106B
100070,Progressive non-fluent aphasia,PSEN1
100070,Progressive non-fluent aphasia,CHMP2B
100070,Progressive non-fluent aphasia,TREM2
100070,Progressive non-fluent aphasia,VCP
100070,Progressive non-fluent aphasia,MAPT
100070,Progressive non-fluent aphasia,GRN
100070,Progressive non-fluent aphasia,C9ORF72
693681,Activated PI3K-delta syndrome 2,PIK3R1
100075,Neuroendocrine tumor of stomach,ATRX
693661,Activated PI3K-delta syndrome 1,PIK3CD
693647,Agammaglobulinemia-early-onset hypertrophic cardiomyopathy-neutropenia syndrome,FNIP1
100020,Myelodysplastic neoplasm with increased blasts type 2,TET2
100019,Myelodysplastic neoplasm with increased blasts type 1,TET2
688581,Midface hypoplasia-hearing impairment-elliptocytosis-nephrocalcinosis syndrome,AMMECR1
688594,Combined immunodeficiency due to RELB deficiency,RELB
688642,Turnpenny-Fry syndrome,PCGF2
689021,Asymptomatic hyperCKemia-myalgia-rhabdomyolysis syndrome,ANO5
100032,Hypocalcified amelogenesis imperfecta,RELT
100032,Hypocalcified amelogenesis imperfecta,FAM83H
100032,Hypocalcified amelogenesis imperfecta,SLC24A4
100032,Hypocalcified amelogenesis imperfecta,ITGB6
100032,Hypocalcified amelogenesis imperfecta,AMTN
100031,Hypoplastic amelogenesis imperfecta,ACP4
100031,Hypoplastic amelogenesis imperfecta,SP6
100031,Hypoplastic amelogenesis imperfecta,ENAM
100031,Hypoplastic amelogenesis imperfecta,LAMB3
100031,Hypoplastic amelogenesis imperfecta,ITGB6
100031,Hypoplastic amelogenesis imperfecta,AMBN
100034,Hypomaturation-hypoplastic amelogenesis imperfecta with taurodontism,DLX3
100033,Hypomaturation amelogenesis imperfecta,GPR68
100033,Hypomaturation amelogenesis imperfecta,AMELX
100033,Hypomaturation amelogenesis imperfecta,KLK4
100033,Hypomaturation amelogenesis imperfecta,MMP20
100033,Hypomaturation amelogenesis imperfecta,WDR72
100033,Hypomaturation amelogenesis imperfecta,ODAPH
100033,Hypomaturation amelogenesis imperfecta,SLC24A4
689231,IFIH1-related hereditary spastic paraplegia,IFIH1
689234,RNASEH2B-related hereditary spastic paraplegia,RNASEH2B
689397,Poirier-Bienvenu neurodevelopmental syndrome,CSNK2B
689408,Shashi-Pena syndrome,ASXL2
689430,Adenoid ameloblastoma,CTNNB1
100044,Autosomal dominant intermediate Charcot-Marie-Tooth disease type B,DNM2
100045,Autosomal dominant intermediate Charcot-Marie-Tooth disease type C,YARS1
689829,Microphthalmia-motor delay-language delay-brain anomalies-diaphragmatic hernia syndrome,RARB
100046,Autosomal dominant intermediate Charcot-Marie-Tooth disease type D,MPZ
689822,Structural heart defects-renal anomalies syndrome,TMEM260
100050,Hereditary angioedema type 1,SERPING1
647667,Mandibuloacral dysplasia associated to MTX2,MTX2
647676,Multiple epiphyseal dysplasia type 7,CANT1
646113,Intermediate collagen VI-related muscular dystrophy,COL6A1
646113,Intermediate collagen VI-related muscular dystrophy,COL6A2
646113,Intermediate collagen VI-related muscular dystrophy,COL6A3
646278,CDK13-related developmental delay-intellectual disability-facial dysmorphism-congenital heart defects syndrome,CDK13
100008,ACys amyloidosis,CST3
100006,"ABeta amyloidosis, Dutch type",APP
99989,Intermediate DEND syndrome,KCNJ11
99977,Squamous cell carcinoma of the esophagus,WWOX
99977,Squamous cell carcinoma of the esophagus,RNF6
99977,Squamous cell carcinoma of the esophagus,TGFBR2
99977,Squamous cell carcinoma of the esophagus,DLEC1
99976,Adenocarcinoma of the oesophagus and oesophagogastric junction,ERBB2
99971,Well-differentiated liposarcoma,CDK4
99971,Well-differentiated liposarcoma,HMGA2
99971,Well-differentiated liposarcoma,MDM2
99970,Dedifferentiated liposarcoma,CDK4
99970,Dedifferentiated liposarcoma,HMGA2
99970,Dedifferentiated liposarcoma,MDM2
99967,Myxoid/round cell liposarcoma,FUS
99967,Myxoid/round cell liposarcoma,DDIT3
99966,Atypical teratoid rhabdoid tumor,SMARCB1
99961,Benign recurrent intrahepatic cholestasis type 2,ABCB11
99960,Benign recurrent intrahepatic cholestasis type 1,ATP8B1
643538,Hao-Fountain syndrome due to USP7 mutation,USP7
643503,Marfanoid habitus-facial dysmorphism-skeletal abnormality-heart defect syndrome,ABL1
99955,Charcot-Marie-Tooth disease type 4B1,MTMR2
99956,Charcot-Marie-Tooth disease type 4B2,SBF2
99948,Charcot-Marie-Tooth disease type 4A,GDAP1
99947,Autosomal dominant Charcot-Marie-Tooth disease type 2A2,MFN2
99950,Charcot-Marie-Tooth disease type 4D,NDRG1
99949,Charcot-Marie-Tooth disease type 4C,SH3TC2
99952,Charcot-Marie-Tooth disease type 4F,PRX
99951,Charcot-Marie-Tooth disease type 4E,EGR2
99954,Charcot-Marie-Tooth disease type 4H,FGD4
99953,Charcot-Marie-Tooth disease type 4G,HK1
99940,Autosomal dominant Charcot-Marie-Tooth disease type 2F,HSPB1
99939,Autosomal dominant Charcot-Marie-Tooth disease type 2E,NEFL
99942,Autosomal dominant Charcot-Marie-Tooth disease type 2I,MPZ
99944,Autosomal dominant Charcot-Marie-Tooth disease type 2K,GDAP1
99943,Autosomal dominant Charcot-Marie-Tooth disease type 2J,MPZ
99946,Autosomal dominant Charcot-Marie-Tooth disease type 2A1,KIF1B
99945,Autosomal dominant Charcot-Marie-Tooth disease type 2L,HSPB8
99936,Autosomal dominant Charcot-Marie-Tooth disease type 2B,RAB7A
99937,Autosomal dominant Charcot-Marie-Tooth disease type 2C,TRPV4
99938,Autosomal dominant Charcot-Marie-Tooth disease type 2D,GARS1
648562,Ferroportin disease,SLC40A1
648581,Digenic hemochromatosis,HFE
648581,Digenic hemochromatosis,HJV
648581,Digenic hemochromatosis,HAMP
648581,Digenic hemochromatosis,TFR2
99916,Malignant Sertoli-Leydig cell tumor of the ovary,DICER1
99915,Malignant granulosa cell tumor of the ovary,FOXL2
99915,Malignant granulosa cell tumor of the ovary,DICER1
99914,Gynandroblastoma,DICER1
647815,Keratitis fugax hereditaria,NLRP3
99901,Acyl-CoA dehydrogenase 9 deficiency,ACAD9
647811,Cardiac-urogenital syndrome,MYRF
647804,Combined immunodeficiency due to FCHO1 deficiency,FCHO1
647834,SLC40A1-related hemochromatosis,SLC40A1
647772,Isolated primary pigmented nodular adrenocortical disease,PRKAR1A
647772,Isolated primary pigmented nodular adrenocortical disease,PDE11A
647681,Craniosynostosis-facial dysmorphism-Chiari-1 malformation-developmental and language delay syndrome,ERF
647799,MYT1L-related developmental delay-intellectual disability-obesity syndrome,MYT1L
99898,Mendelian susceptibility to mycobacterial diseases due to complete IFNgammaR1 deficiency,IFNGR1
647788,Neurodevelopmental delay-intellectual disability-ataxia-feeding difficulty syndrome,DHX30
647782,Isolated micronodular adrenocortical disease,PDE11A
647782,Isolated micronodular adrenocortical disease,PDE8B
99879,Familial isolated hyperparathyroidism,GCM2
99879,Familial isolated hyperparathyroidism,CDC73
99879,Familial isolated hyperparathyroidism,MEN1
656283,Autosomal recessive combined immunodeficiency due to complete IL6ST deficiency,IL6ST
656279,1p36.33 duplication syndrome,ATAD3A
656279,1p36.33 duplication syndrome,ATAD3B
656279,1p36.33 duplication syndrome,ATAD3C
99880,Hyperparathyroidism-jaw tumor syndrome,CDC73
656313,Autosomal dominant combined immunodeficiency due to partial IL6ST deficiency,IL6ST
656300,Autosomal recessive combined immunodeficiency due to partial IL6ST deficiency,IL6ST
656130,PBX1-related congenital anomalies of kidney-urinary tract syndrome,PBX1
656135,Intellectual disability-cupped ears syndrome,POU3F3
99887,Acute megakaryoblastic leukemia in children with Down syndrome,GATA1
656912,Autosomal dominant combined immunodeficiency due to ERBIN deficiency,ERBIN
656326,Autosomal recessive combined immunodeficiency due to IL6R deficiency,IL6R
99885,Isolated permanent neonatal diabetes mellitus,STAT3
99885,Isolated permanent neonatal diabetes mellitus,GCK
99885,Isolated permanent neonatal diabetes mellitus,KCNJ11
99885,Isolated permanent neonatal diabetes mellitus,PDX1
99885,Isolated permanent neonatal diabetes mellitus,INS
99885,Isolated permanent neonatal diabetes mellitus,ABCC8
99886,Transient neonatal diabetes mellitus,ABCC8
99886,Transient neonatal diabetes mellitus,KCNJ11
99886,Transient neonatal diabetes mellitus,HYMAI
99886,Transient neonatal diabetes mellitus,PLAGL1
99886,Transient neonatal diabetes mellitus,ZFP57
653712,CHD4-related neurodevelopmental disorder,CHD4
653722,Digenic Alport syndrome,COL4A3
653722,Digenic Alport syndrome,COL4A4
653722,Digenic Alport syndrome,COL4A5
653725,"Autosomal recessive limb-girdle muscular dystrophy, type 28",HMGCR
653728,"Congenital insensitivity to pain syndrome, Marsili type",ZFHX2
99861,Precursor T-cell acute lymphoblastic leukemia,ABL1
99861,Precursor T-cell acute lymphoblastic leukemia,SET
99861,Precursor T-cell acute lymphoblastic leukemia,NUP214
99861,Precursor T-cell acute lymphoblastic leukemia,ZBTB16
99861,Precursor T-cell acute lymphoblastic leukemia,SALL2
99861,Precursor T-cell acute lymphoblastic leukemia,TRA
99861,Precursor T-cell acute lymphoblastic leukemia,BCR
99861,Precursor T-cell acute lymphoblastic leukemia,CDKN2A
99861,Precursor T-cell acute lymphoblastic leukemia,TAL1
99861,Precursor T-cell acute lymphoblastic leukemia,FLT3
99861,Precursor T-cell acute lymphoblastic leukemia,MYC
99861,Precursor T-cell acute lymphoblastic leukemia,STIL
99861,Precursor T-cell acute lymphoblastic leukemia,MYB
99861,Precursor T-cell acute lymphoblastic leukemia,TRB
99861,Precursor T-cell acute lymphoblastic leukemia,TRD
99861,Precursor T-cell acute lymphoblastic leukemia,TRG
99861,Precursor T-cell acute lymphoblastic leukemia,TCL1A
99861,Precursor T-cell acute lymphoblastic leukemia,TLX1
99861,Precursor T-cell acute lymphoblastic leukemia,TLX3
99861,Precursor T-cell acute lymphoblastic leukemia,CNOT3
99861,Precursor T-cell acute lymphoblastic leukemia,MLLT10
99861,Precursor T-cell acute lymphoblastic leukemia,DDX3X
99861,Precursor T-cell acute lymphoblastic leukemia,PICALM
653709,Cone rod dystrophy-short stature syndrome,CFAP410
653751,X-linked combined immunodeficiency due to SASH3 deficiency,SASH3
653767,Jansen-de Vries syndrome,PPM1D
653880,Mitochondrial short-chain enoyl-CoA hydratase 1 deficiency,ECHS1
99849,Glycogen storage disease due to muscle beta-enolase deficiency,ENO3
652487,Developmental delay-overweight-facial dysmorphism-behavioral abnormalities syndrome,SRRM2
99845,Genetic recurrent myoglobinuria,MT-CO1
99845,Genetic recurrent myoglobinuria,MT-CO3
99845,Genetic recurrent myoglobinuria,LPIN1
99845,Genetic recurrent myoglobinuria,OBSCN
99843,Leukocyte adhesion deficiency type II,SLC35C1
99844,Leukocyte adhesion deficiency type III,FERMT3
99853,Ovarioleukodystrophy,EIF2B1
99853,Ovarioleukodystrophy,EIF2B2
99853,Ovarioleukodystrophy,EIF2B3
99853,Ovarioleukodystrophy,EIF2B4
99853,Ovarioleukodystrophy,EIF2B5
99853,Ovarioleukodystrophy,AARS2
652532,Adult-onset progressive leukoencephalopathy-early-onset deafness,KARS1
99854,Cree leukoencephalopathy,EIF2B1
99854,Cree leukoencephalopathy,EIF2B2
99854,Cree leukoencephalopathy,EIF2B3
99854,Cree leukoencephalopathy,EIF2B4
99854,Cree leukoencephalopathy,EIF2B5
99852,Ravine syndrome,SLC7A2-IT1
652522,Periodic fever-immunodeficiency-thrombocytopenia syndrome,WDR1
99832,Resistance to thyrotropin-releasing hormone syndrome,TRHR
99842,Leukocyte adhesion deficiency type I,ITGB2
650097,Genetic central precocious puberty in male,MKRN3
650097,Genetic central precocious puberty in male,DLK1
650097,Genetic central precocious puberty in male,KISS1R
650097,Genetic central precocious puberty in male,KISS1
650077,Genetic central precocious puberty in female,MKRN3
650077,Genetic central precocious puberty in female,DLK1
650077,Genetic central precocious puberty in female,KISS1R
99811,Neuronal intestinal pseudoobstruction,FLNA
660012,Developmental delay-language impairment-dopa responsive dystonia-parkinsonism syndrome due to a NR4A2 point mutation,NR4A2
99812,LIG4 syndrome,XRCC4
99812,LIG4 syndrome,LIG4
660021,Orofacial clefting-cardiac anomalies-facial dysmorphism syndrome,AMOTL1
661526,MBD4-related tumor predisposition syndrome,MBD4
662172,Phelan-McDermid syndrome due to SHANK3 mutation,SHANK3
99819,Familial gestational hyperthyroidism,TSHR
662169,Phelan-McDermid syndrome due to 22q13.3 deletion,SHANK3
662179,Microcephaly-hearing loss-facial dysmorphism-intellectual disability syndrome,SPOP
662175,Macrocephaly-congenital heart disease-facial dysmorphism-intellectual disability syndrome,SPOP
662189,Neurodevelopmental disorder-brain malformation-facial dysmorphism-brachydactyly syndrome,HNRNPR
662184,Congenital muscular dystrophy-cataract-intellectual disability syndrome,INPP5K
662198,Neurodevelopmental delay-intellectual disability-skeletal defects syndrome,HNRNPH2
99796,Subcortical band heterotopia,DCX
99796,Subcortical band heterotopia,PAFAH1B1
99796,Subcortical band heterotopia,EML1
99798,Oligodontia,SUMO1
99798,Oligodontia,EDA
99798,Oligodontia,EDARADD
99798,Oligodontia,FGFR1
99798,Oligodontia,IRF6
99798,Oligodontia,WNT10A
99798,Oligodontia,MSX1
99798,Oligodontia,PAX9
99798,Oligodontia,TGFA
99798,Oligodontia,LRP6
99798,Oligodontia,GREM2
99798,Oligodontia,WNT10B
99802,Hemimegalencephaly,PIK3CA
99802,Hemimegalencephaly,AKT3
99802,Hemimegalencephaly,MTOR
659873,Wormian bones-micrognathia-abnormal dentition-progeroid syndrome,LEMD2
99803,Haddad syndrome,PHOX2B
99803,Haddad syndrome,RET
99803,Haddad syndrome,ASCL1
99806,Oculootodental syndrome,FGF3
99806,Oculootodental syndrome,FADD
659904,Multiple congenital anomalies-neurodevelopmental delay-ocular abnormalities syndrome,PRR12
99807,PEHO-like syndrome,CCDC88A
99810,Familial porencephaly,COL4A1
99810,Familial porencephaly,COL4A2
99810,Familial porencephaly,COLGALT1
659975,Sensorineural hearing loss-spastic quadriplegia-intellectual disability syndrome,AFG2B
659396,Cohen-Gibson syndrome,EED
658951,Early-onset immune dysregulation due to DOCK11 complete deficiency,DOCK11
659609,Facial dysmorphism-global developmental delay-hypotonia-polymicrogyria syndrome,RAC3
659463,Imagawa-Matsumoto syndrome,SUZ12
659672,Harderoporphyria,CPOX
99789,Dentin dysplasia type I,SSUH2
99789,Dentin dysplasia type I,DSPP
99789,Dentin dysplasia type I,VPS4B
659702,Intrauterine growth retardation-micrognathia-short stature-facial dysmorphism-rhizomelic shortening syndrome,ARCN1
99791,Dentin dysplasia type II,DSPP
658778,COQ7-related distal hereditary motor neuropathy,COQ7
658595,DNMT3A-related microcephalic dwarfism,DNMT3A
658813,Combined immunodeficiency-megaloblastic anemia due to methylenetetrahydrofolate dehydrogenase 1 deficiency,MTHFD1
658843,Developmental delay-ataxia-hypotonia-facial dysmorphism syndrome,EBF3
99772,Cleft velum,GRHL3
99772,Cleft velum,UBB
99771,Bifid uvula,UBB
99771,Bifid uvula,GRHL3
658946,Early-onset immune dysregulation with autoimmunity due to DOCK11 partial deficiency,DOCK11
631073,Autosomal recessive spastic paraplegia type 82,PCYT2
631076,Autosomal recessive spastic paraplegia type 83,HPDL
631079,Autosomal recessive spastic paraplegia type 84,PI4KA
631082,Autosomal recessive spastic paraplegia type 85,RNF170
631068,Autosomal dominant spastic paraplegia type 80,UBAP1
631106,Spinocerebellar ataxia type 49,SAMD9L
631103,Spinocerebellar ataxia type 48,STUB1
631095,Spinocerebellar ataxia type 44,GRM1
631088,Autosomal recessive spastic paraplegia type 87,TMEM63C
631085,Autosomal recessive spastic paraplegia type 86,ABHD16A
631248,Mitchell Syndrome,ACOX1
634475,Mosaic NF2-related schwannomatosis,NF2
636970,Autosomal recessive myosin storage myopathy,MYH7
636965,Autosomal dominant myosin storage myopathy,MYH7
637013,SMARCA2-related blepharophimosis-intellectual disability syndrome,SMARCA2
636941,Vascular Ehlers-Danlos-polymicrogyria syndrome,COL3A1
641375,B-lymphoblastic leukemia/lymphoma with t(17;19),HLF
641375,B-lymphoblastic leukemia/lymphoma with t(17;19),TCF3
641368,Autosomal recessive hyper-IgE syndrome due to ZNF341 deficiency,ZNF341
641372,B-lymphoblastic leukemia/lymphoma with t(7;9)(q11.2;p13.2),PAX5
641372,B-lymphoblastic leukemia/lymphoma with t(7;9)(q11.2;p13.2),AUTS2
641353,Infantile neurodegeneration-progressive spasticity-intellectual disability-white matter lesions syndrome,HPDL
641361,Neurodevelopmental delay-hypotonia-cerebellar ataxia-cardiac conduction defects syndrome,EXOSC5
642976,Perrault syndrome type 2,PRORP
642976,Perrault syndrome type 2,CLPP
642976,Perrault syndrome type 2,ERAL1
642976,Perrault syndrome type 2,HARS2
642976,Perrault syndrome type 2,HSD17B4
642976,Perrault syndrome type 2,LARS2
642976,Perrault syndrome type 2,TWNK
642976,Perrault syndrome type 2,GGPS1
642976,Perrault syndrome type 2,RMND1
642965,Autosomal recessive ataxia due to PEX2 deficiency,PEX2
642954,Autosomal recessive ataxia due to PEX16 deficiency,PEX16
642945,Perrault syndrome type 1,PRORP
642945,Perrault syndrome type 1,CLPP
642945,Perrault syndrome type 1,ERAL1
642945,Perrault syndrome type 1,HARS2
642945,Perrault syndrome type 1,HSD17B4
642945,Perrault syndrome type 1,LARS2
642945,Perrault syndrome type 1,TWNK
642945,Perrault syndrome type 1,GGPS1
642945,Perrault syndrome type 1,RMND1
642763,Autosomal dominant intellectual disability-craniofacial dysmorphism-macrocephaly-hypotonia syndrome due to H1-4 mutation,H1-4
642747,PUM1-related cerebellar ataxia,PUM1
642691,Fragile X-associated primary ovarian insufficiency,FMR1
642675,CHD8 overgrowth syndrome,CHD8
642671,Familial hyperaldosteronism type IV,CACNA1H
642099,"Spondyloepimetaphyseal dysplasia with joint laxity, Beighton type",B3GALT6
642085,EXOC6B-related spondyloepimetaphyseal dysplasia with joint laxity,EXOC6B
632603,Mesomelic dysplasia-digital anomalies-intellectual disability syndrome,AFF3
633021,SLC12A2-related autosomal recessive neonatal-developmental delay-intellectual disability-feeding difficulty-sensorineural deafness syndrome,SLC12A2
633024,SLC12A2-related autosomal dominant infantile-developmental delay-intellectual disability-sensorineural deafness syndrome,SLC12A2
633004,KDM3B-related intellectual disability-facial dysmorphism-short stature syndrome,KDM3B
633035,Intellectual disability-early-onset cataract-microcephaly syndrome,COPB1
633028,CPE-related Prader-Willi-like syndrome,CPE
615938,Spastic paraparesis-cataracts-speech delay syndrome,FAR1
615986,Lethal pontocerebellar hypoplasia-hypotonia-respiratory insufficiency syndrome due to biallelic deletions in the ATAD3 gene cluster,ATAD3A
615983,Lethal pontocerebellar hypoplasia-hypotonia-respiratory insufficiency syndrome due to a point mutation,ATAD3A
621758,Fibrosis-neurodegeneration-cerebral angiomatosis syndrome,NHLRC2
620371,Gitelman-like kidney tubulopathy due to mitochondrial DNA mutation,MT-TF
620371,Gitelman-like kidney tubulopathy due to mitochondrial DNA mutation,MT-TI
620368,EGF-related primary hypomagnesemia with intellectual disability,EGF
620363,Primary hypomagnesemia-generalized seizures-intellectual disability-obesity syndrome,CNNM2
620220,Bartter syndrome type 2,KCNJ1
620158,Non-syndromic non-specific multisutural craniosynostosis,FUZ
623695,MIR140-related spondyloepiphyseal dysplasia,MIR140
622925,X-linked severe syndromic thoracic aortic aneurysm and dissection,BGN
622934,SBDS-related severe neonatal spondylometaphyseal dysplasia,SBDS
617919,F12-associated cold autoinflammatory syndrome,F12
619941,Congenital neutropenia-combined immunodeficiency due to MKL1 deficiency,MRTFA
619367,SAMD9L-associated autoinflammatory syndrome,SAMD9L
619953,Familial hyperinflammatory lymphoproliferative immunodeficiency,NCKAP1L
619948,Early-onset autoimmunity-autoinflammation-immunodeficiency syndrome due to SOCS1 haploinsufficiency,SOCS1
619979,Developmental delay-immunodeficiency-leukoencephalopathy-hypohomocysteinemia syndrome,NFE2L2
619972,CADINS disease,CARD11
619363,NOCARH syndrome,CDC42
619233,Hereditary persistence of fetal hemoglobin-intellectual disability syndrome,BCL11A
