Gene_norm;Entry_norm;EC_norm;Rhea_ID_norm;Cofactor_norm;Pathway_norm;n_diseases;n_phenotype_poor;n_phenotype_rich;diseases;ORPHAcodes;is_mixed_HPO_group
AASS;Q9UDR5;1518;RHEA:19373;;;2;0;2;Hyperlysinemia || Saccharopinuria;2203 || 3124;False
AASS;Q9UDR5;1518;RHEA:24520;;;2;0;2;Hyperlysinemia || Saccharopinuria;2203 || 3124;False
AASS;Q9UDR5;1519;RHEA:19373;;;2;0;2;Hyperlysinemia || Saccharopinuria;2203 || 3124;False
AASS;Q9UDR5;1519;RHEA:24520;;;2;0;2;Hyperlysinemia || Saccharopinuria;2203 || 3124;False
ABAT;P80404;26119;RHEA:13993;"[2fe-2s] cluster;pyridoxal 5'-phosphate";;1;0;1;Gamma-aminobutyric acid transaminase deficiency;2066;False
ABAT;P80404;26119;RHEA:23352;"[2fe-2s] cluster;pyridoxal 5'-phosphate";;1;0;1;Gamma-aminobutyric acid transaminase deficiency;2066;False
ABAT;P80404;26122;RHEA:13993;"[2fe-2s] cluster;pyridoxal 5'-phosphate";;1;0;1;Gamma-aminobutyric acid transaminase deficiency;2066;False
ABAT;P80404;26122;RHEA:23352;"[2fe-2s] cluster;pyridoxal 5'-phosphate";;1;0;1;Gamma-aminobutyric acid transaminase deficiency;2066;False
ABCA1;O95477;7621;RHEA:38567;;;2;0;2;Apolipoprotein A-I deficiency || Tangier disease;31150 || 425;False
ABCA1;O95477;7621;RHEA:38583;;;2;0;2;Apolipoprotein A-I deficiency || Tangier disease;31150 || 425;False
ABCA1;O95477;7621;RHEA:38903;;;2;0;2;Apolipoprotein A-I deficiency || Tangier disease;31150 || 425;False
ABCA1;O95477;7621;RHEA:39051;;;2;0;2;Apolipoprotein A-I deficiency || Tangier disease;31150 || 425;False
ABCA12;Q86UK0;7621;RHEA:66660;;;3;0;3;Congenital ichthyosiform erythroderma || Harlequin ichthyosis || Lamellar ichthyosis;313 || 457 || 79394;False
ABCA3;Q99758;7621;RHEA:39051;;;4;1;3;Idiopathic pulmonary fibrosis || Interstitial lung disease due to ABCA3 deficiency || Neonatal acute respiratory distress syndrome || Pediatric acute respiratory distress syndrome;2032 || 217563 || 440402 || 685082;True
ABCA3;Q99758;7621;RHEA:66272;;;4;1;3;Idiopathic pulmonary fibrosis || Interstitial lung disease due to ABCA3 deficiency || Neonatal acute respiratory distress syndrome || Pediatric acute respiratory distress syndrome;2032 || 217563 || 440402 || 685082;True
ABCA3;Q99758;7621;RHEA:66340;;;4;1;3;Idiopathic pulmonary fibrosis || Interstitial lung disease due to ABCA3 deficiency || Neonatal acute respiratory distress syndrome || Pediatric acute respiratory distress syndrome;2032 || 217563 || 440402 || 685082;True
ABCA3;Q99758;7621;RHEA:66344;;;4;1;3;Idiopathic pulmonary fibrosis || Interstitial lung disease due to ABCA3 deficiency || Neonatal acute respiratory distress syndrome || Pediatric acute respiratory distress syndrome;2032 || 217563 || 440402 || 685082;True
ABCA3;Q99758;7622;RHEA:39051;;;4;1;3;Idiopathic pulmonary fibrosis || Interstitial lung disease due to ABCA3 deficiency || Neonatal acute respiratory distress syndrome || Pediatric acute respiratory distress syndrome;2032 || 217563 || 440402 || 685082;True
ABCA3;Q99758;7622;RHEA:66272;;;4;1;3;Idiopathic pulmonary fibrosis || Interstitial lung disease due to ABCA3 deficiency || Neonatal acute respiratory distress syndrome || Pediatric acute respiratory distress syndrome;2032 || 217563 || 440402 || 685082;True
ABCA3;Q99758;7622;RHEA:66340;;;4;1;3;Idiopathic pulmonary fibrosis || Interstitial lung disease due to ABCA3 deficiency || Neonatal acute respiratory distress syndrome || Pediatric acute respiratory distress syndrome;2032 || 217563 || 440402 || 685082;True
ABCA3;Q99758;7622;RHEA:66344;;;4;1;3;Idiopathic pulmonary fibrosis || Interstitial lung disease due to ABCA3 deficiency || Neonatal acute respiratory distress syndrome || Pediatric acute respiratory distress syndrome;2032 || 217563 || 440402 || 685082;True
ABCA4;P78363;7621;RHEA:13065;;;3;0;3;Cone rod dystrophy || Retinitis pigmentosa || Stargardt disease;1872 || 791 || 827;False
ABCA4;P78363;7621;RHEA:66132;;;3;0;3;Cone rod dystrophy || Retinitis pigmentosa || Stargardt disease;1872 || 791 || 827;False
ABCA4;P78363;7621;RHEA:67188;;;3;0;3;Cone rod dystrophy || Retinitis pigmentosa || Stargardt disease;1872 || 791 || 827;False
ABCA4;P78363;7621;RHEA:67192;;;3;0;3;Cone rod dystrophy || Retinitis pigmentosa || Stargardt disease;1872 || 791 || 827;False
ABCB4;P21439;7621;RHEA:36439;;;3;1;2;Intrahepatic cholestasis of pregnancy || Low phospholipid-associated cholelithiasis || Progressive familial intrahepatic cholestasis type 3;69663 || 69665 || 79305;True
ABCB4;P21439;7621;RHEA:38903;;;3;1;2;Intrahepatic cholestasis of pregnancy || Low phospholipid-associated cholelithiasis || Progressive familial intrahepatic cholestasis type 3;69663 || 69665 || 79305;True
ABCB4;P21439;7621;RHEA:66272;;;3;1;2;Intrahepatic cholestasis of pregnancy || Low phospholipid-associated cholelithiasis || Progressive familial intrahepatic cholestasis type 3;69663 || 69665 || 79305;True
ABCB6;Q9NP58;7625;RHEA:19261;;;9;7;2;Coloboma of choroid and retina || Coloboma of eye lens || Coloboma of eyelid || Coloboma of iris || Coloboma of macula || Coloboma of optic disc || Colobomatous microphthalmia || Dyschromatosis universalis hereditaria || Familial pseudohyperkalemia;241 || 90044 || 98938 || 98942 || 98943 || 98944 || 98945 || 98946 || 98947;True
ABCB6;Q9NP58;7625;RHEA:61336;;;9;7;2;Coloboma of choroid and retina || Coloboma of eye lens || Coloboma of eyelid || Coloboma of iris || Coloboma of macula || Coloboma of optic disc || Colobomatous microphthalmia || Dyschromatosis universalis hereditaria || Familial pseudohyperkalemia;241 || 90044 || 98938 || 98942 || 98943 || 98944 || 98945 || 98946 || 98947;True
ABCB6;Q9NP58;7625;RHEA:61360;;;9;7;2;Coloboma of choroid and retina || Coloboma of eye lens || Coloboma of eyelid || Coloboma of iris || Coloboma of macula || Coloboma of optic disc || Colobomatous microphthalmia || Dyschromatosis universalis hereditaria || Familial pseudohyperkalemia;241 || 90044 || 98938 || 98942 || 98943 || 98944 || 98945 || 98946 || 98947;True
ABCB6;Q9NP58;7625;RHEA:66664;;;9;7;2;Coloboma of choroid and retina || Coloboma of eye lens || Coloboma of eyelid || Coloboma of iris || Coloboma of macula || Coloboma of optic disc || Colobomatous microphthalmia || Dyschromatosis universalis hereditaria || Familial pseudohyperkalemia;241 || 90044 || 98938 || 98942 || 98943 || 98944 || 98945 || 98946 || 98947;True
ABCB6;Q9NP58;7625;RHEA:66680;;;9;7;2;Coloboma of choroid and retina || Coloboma of eye lens || Coloboma of eyelid || Coloboma of iris || Coloboma of macula || Coloboma of optic disc || Colobomatous microphthalmia || Dyschromatosis universalis hereditaria || Familial pseudohyperkalemia;241 || 90044 || 98938 || 98942 || 98943 || 98944 || 98945 || 98946 || 98947;True
ABCB6;Q9NP58;7625;RHEA:66768;;;9;7;2;Coloboma of choroid and retina || Coloboma of eye lens || Coloboma of eyelid || Coloboma of iris || Coloboma of macula || Coloboma of optic disc || Colobomatous microphthalmia || Dyschromatosis universalis hereditaria || Familial pseudohyperkalemia;241 || 90044 || 98938 || 98942 || 98943 || 98944 || 98945 || 98946 || 98947;True
ABCB6;Q9NP58;7625;RHEA:66772;;;9;7;2;Coloboma of choroid and retina || Coloboma of eye lens || Coloboma of eyelid || Coloboma of iris || Coloboma of macula || Coloboma of optic disc || Colobomatous microphthalmia || Dyschromatosis universalis hereditaria || Familial pseudohyperkalemia;241 || 90044 || 98938 || 98942 || 98943 || 98944 || 98945 || 98946 || 98947;True
ABCB6;Q9NP58;7625;RHEA:66776;;;9;7;2;Coloboma of choroid and retina || Coloboma of eye lens || Coloboma of eyelid || Coloboma of iris || Coloboma of macula || Coloboma of optic disc || Colobomatous microphthalmia || Dyschromatosis universalis hereditaria || Familial pseudohyperkalemia;241 || 90044 || 98938 || 98942 || 98943 || 98944 || 98945 || 98946 || 98947;True
ABCC1;P33527;7622;RHEA:19121;;;1;1;0;Rare autosomal dominant non-syndromic sensorineural deafness type DFNA;90635;False
ABCC1;P33527;7622;RHEA:33147;;;1;1;0;Rare autosomal dominant non-syndromic sensorineural deafness type DFNA;90635;False
ABCC1;P33527;7622;RHEA:38951;;;1;1;0;Rare autosomal dominant non-syndromic sensorineural deafness type DFNA;90635;False
ABCC1;P33527;7622;RHEA:38963;;;1;1;0;Rare autosomal dominant non-syndromic sensorineural deafness type DFNA;90635;False
ABCC1;P33527;7622;RHEA:60128;;;1;1;0;Rare autosomal dominant non-syndromic sensorineural deafness type DFNA;90635;False
ABCC1;P33527;7622;RHEA:60160;;;1;1;0;Rare autosomal dominant non-syndromic sensorineural deafness type DFNA;90635;False
ABCC1;P33527;7622;RHEA:74887;;;1;1;0;Rare autosomal dominant non-syndromic sensorineural deafness type DFNA;90635;False
ABCC1;P33527;7622;RHEA:81611;;;1;1;0;Rare autosomal dominant non-syndromic sensorineural deafness type DFNA;90635;False
ABCC1;P33527;7622;RHEA:81695;;;1;1;0;Rare autosomal dominant non-syndromic sensorineural deafness type DFNA;90635;False
ABCC1;P33527;7622;RHEA:81699;;;1;1;0;Rare autosomal dominant non-syndromic sensorineural deafness type DFNA;90635;False
ABCC1;P33527;7623;RHEA:19121;;;1;1;0;Rare autosomal dominant non-syndromic sensorineural deafness type DFNA;90635;False
ABCC1;P33527;7623;RHEA:33147;;;1;1;0;Rare autosomal dominant non-syndromic sensorineural deafness type DFNA;90635;False
ABCC1;P33527;7623;RHEA:38951;;;1;1;0;Rare autosomal dominant non-syndromic sensorineural deafness type DFNA;90635;False
ABCC1;P33527;7623;RHEA:38963;;;1;1;0;Rare autosomal dominant non-syndromic sensorineural deafness type DFNA;90635;False
ABCC1;P33527;7623;RHEA:60128;;;1;1;0;Rare autosomal dominant non-syndromic sensorineural deafness type DFNA;90635;False
ABCC1;P33527;7623;RHEA:60160;;;1;1;0;Rare autosomal dominant non-syndromic sensorineural deafness type DFNA;90635;False
ABCC1;P33527;7623;RHEA:74887;;;1;1;0;Rare autosomal dominant non-syndromic sensorineural deafness type DFNA;90635;False
ABCC1;P33527;7623;RHEA:81611;;;1;1;0;Rare autosomal dominant non-syndromic sensorineural deafness type DFNA;90635;False
ABCC1;P33527;7623;RHEA:81695;;;1;1;0;Rare autosomal dominant non-syndromic sensorineural deafness type DFNA;90635;False
ABCC1;P33527;7623;RHEA:81699;;;1;1;0;Rare autosomal dominant non-syndromic sensorineural deafness type DFNA;90635;False
ABCD4;O14678;7628;RHEA:17873;;;1;1;0;Methylmalonic acidemia with homocystinuria, type cblJ;369955;False
ABHD5;Q8WTS1;23151;RHEA:19709;;;1;0;1;Neutral lipid storage disease with ichthyosis;98907;False
ABHD5;Q8WTS1;23151;RHEA:33187;;;1;0;1;Neutral lipid storage disease with ichthyosis;98907;False
ABHD5;Q8WTS1;23151;RHEA:37131;;;1;0;1;Neutral lipid storage disease with ichthyosis;98907;False
ABHD5;Q8WTS1;23151;RHEA:37143;;;1;0;1;Neutral lipid storage disease with ichthyosis;98907;False
ABHD5;Q8WTS1;23151;RHEA:37147;;;1;0;1;Neutral lipid storage disease with ichthyosis;98907;False
ABHD5;Q8WTS1;23151;RHEA:37163;;;1;0;1;Neutral lipid storage disease with ichthyosis;98907;False
ABHD5;Q8WTS1;23151;RHEA:37443;;;1;0;1;Neutral lipid storage disease with ichthyosis;98907;False
ABHD5;Q8WTS1;23151;RHEA:37451;;;1;0;1;Neutral lipid storage disease with ichthyosis;98907;False
ABHD5;Q8WTS1;23151;RHEA:37455;;;1;0;1;Neutral lipid storage disease with ichthyosis;98907;False
ABL1;P00519;27102;RHEA:10596;mg(2+);;4;3;1;"B-lymphoblastic leukemia/lymphoma with t(9;22)(q34.1;q11.2) || Chronic myeloid leukemia || Marfanoid habitus-facial dysmorphism-skeletal abnormality-heart defect syndrome || Precursor T-cell acute lymphoblastic leukemia";521 || 585909 || 643503 || 99861;True
ABL1;P00519;27102;RHEA:10596;mn(2+);;4;3;1;"B-lymphoblastic leukemia/lymphoma with t(9;22)(q34.1;q11.2) || Chronic myeloid leukemia || Marfanoid habitus-facial dysmorphism-skeletal abnormality-heart defect syndrome || Precursor T-cell acute lymphoblastic leukemia";521 || 585909 || 643503 || 99861;True
ABL1;P00519;27102;RHEA:10596;zn(2+);;4;3;1;"B-lymphoblastic leukemia/lymphoma with t(9;22)(q34.1;q11.2) || Chronic myeloid leukemia || Marfanoid habitus-facial dysmorphism-skeletal abnormality-heart defect syndrome || Precursor T-cell acute lymphoblastic leukemia";521 || 585909 || 643503 || 99861;True
ACAD8;Q9UKU7;1385;RHEA:31287;fad;;1;0;1;Isobutyryl-CoA dehydrogenase deficiency;79159;False
ACAD8;Q9UKU7;1385;RHEA:44180;fad;;1;0;1;Isobutyryl-CoA dehydrogenase deficiency;79159;False
ACAD8;Q9UKU7;1385;RHEA:48256;fad;;1;0;1;Isobutyryl-CoA dehydrogenase deficiency;79159;False
ACADM;P11310;1387;RHEA:14477;fad;;1;0;1;Medium chain acyl-CoA dehydrogenase deficiency;42;False
ACADM;P11310;1387;RHEA:43448;fad;;1;0;1;Medium chain acyl-CoA dehydrogenase deficiency;42;False
ACADM;P11310;1387;RHEA:43456;fad;;1;0;1;Medium chain acyl-CoA dehydrogenase deficiency;42;False
ACADM;P11310;1387;RHEA:43464;fad;;1;0;1;Medium chain acyl-CoA dehydrogenase deficiency;42;False
ACADM;P11310;1387;RHEA:47296;fad;;1;0;1;Medium chain acyl-CoA dehydrogenase deficiency;42;False
ACADM;P11310;1387;RHEA:47316;fad;;1;0;1;Medium chain acyl-CoA dehydrogenase deficiency;42;False
ACADM;P11310;1387;RHEA:48176;fad;;1;0;1;Medium chain acyl-CoA dehydrogenase deficiency;42;False
ACADM;P11310;1387;RHEA:48180;fad;;1;0;1;Medium chain acyl-CoA dehydrogenase deficiency;42;False
ACADS;P16219;1381;RHEA:24004;fad;;1;0;1;Short chain acyl-CoA dehydrogenase deficiency;26792;False
ACADS;P16219;1381;RHEA:43456;fad;;1;0;1;Short chain acyl-CoA dehydrogenase deficiency;26792;False
ACADS;P16219;1381;RHEA:43464;fad;;1;0;1;Short chain acyl-CoA dehydrogenase deficiency;26792;False
ACADS;P16219;1381;RHEA:47196;fad;;1;0;1;Short chain acyl-CoA dehydrogenase deficiency;26792;False
ACADSB;P45954;1385;RHEA:24004;fad;;1;0;1;2-methylbutyryl-CoA dehydrogenase deficiency;79157;False
ACADSB;P45954;1385;RHEA:43464;fad;;1;0;1;2-methylbutyryl-CoA dehydrogenase deficiency;79157;False
ACADSB;P45954;1385;RHEA:43780;fad;;1;0;1;2-methylbutyryl-CoA dehydrogenase deficiency;79157;False
ACADSB;P45954;1385;RHEA:44180;fad;;1;0;1;2-methylbutyryl-CoA dehydrogenase deficiency;79157;False
ACADSB;P45954;1385;RHEA:48256;fad;;1;0;1;2-methylbutyryl-CoA dehydrogenase deficiency;79157;False
ACADSB;P45954;1385;RHEA:48272;fad;;1;0;1;2-methylbutyryl-CoA dehydrogenase deficiency;79157;False
ACADSB;P45954;1385;RHEA:65296;fad;;1;0;1;2-methylbutyryl-CoA dehydrogenase deficiency;79157;False
ACADSB;P45954;1385;RHEA:65344;fad;;1;0;1;2-methylbutyryl-CoA dehydrogenase deficiency;79157;False
ACADVL;P49748;1389;RHEA:19181;fad;;1;0;1;Very long chain acyl-CoA dehydrogenase deficiency;26793;False
ACADVL;P49748;1389;RHEA:43448;fad;;1;0;1;Very long chain acyl-CoA dehydrogenase deficiency;26793;False
ACADVL;P49748;1389;RHEA:47228;fad;;1;0;1;Very long chain acyl-CoA dehydrogenase deficiency;26793;False
ACADVL;P49748;1389;RHEA:47232;fad;;1;0;1;Very long chain acyl-CoA dehydrogenase deficiency;26793;False
ACADVL;P49748;1389;RHEA:47236;fad;;1;0;1;Very long chain acyl-CoA dehydrogenase deficiency;26793;False
ACADVL;P49748;1389;RHEA:47240;fad;;1;0;1;Very long chain acyl-CoA dehydrogenase deficiency;26793;False
ACADVL;P49748;1389;RHEA:47296;fad;;1;0;1;Very long chain acyl-CoA dehydrogenase deficiency;26793;False
ACADVL;P49748;1389;RHEA:47300;fad;;1;0;1;Very long chain acyl-CoA dehydrogenase deficiency;26793;False
ACADVL;P49748;1389;RHEA:47304;fad;;1;0;1;Very long chain acyl-CoA dehydrogenase deficiency;26793;False
ACADVL;P49748;1389;RHEA:47316;fad;;1;0;1;Very long chain acyl-CoA dehydrogenase deficiency;26793;False
ACADVL;P49748;1389;RHEA:48176;fad;;1;0;1;Very long chain acyl-CoA dehydrogenase deficiency;26793;False
ACAT1;P24752;2319;RHEA:21036;;;1;0;1;Beta-ketothiolase deficiency;134;False
ACAT1;P24752;2319;RHEA:30719;;;1;0;1;Beta-ketothiolase deficiency;134;False
ACE;P12821;34151;RHEA:63560;"chloride;zn(2+)";;1;1;0;Renal tubular dysgenesis of genetic origin;97369;False
ACE;P12821;34151;RHEA:70675;"chloride;zn(2+)";;1;1;0;Renal tubular dysgenesis of genetic origin;97369;False
ACE;P12821;34151;RHEA:71451;"chloride;zn(2+)";;1;1;0;Renal tubular dysgenesis of genetic origin;97369;False
ACE;P12821;34151;RHEA:71455;"chloride;zn(2+)";;1;1;0;Renal tubular dysgenesis of genetic origin;97369;False
ACE;P12821;34151;RHEA:71459;"chloride;zn(2+)";;1;1;0;Renal tubular dysgenesis of genetic origin;97369;False
ACE;P12821;34151;RHEA:71463;"chloride;zn(2+)";;1;1;0;Renal tubular dysgenesis of genetic origin;97369;False
ACE;P12821;34151;RHEA:71471;"chloride;zn(2+)";;1;1;0;Renal tubular dysgenesis of genetic origin;97369;False
ACE;P12821;34151;RHEA:71475;"chloride;zn(2+)";;1;1;0;Renal tubular dysgenesis of genetic origin;97369;False
ACE;P12821;34151;RHEA:71483;"chloride;zn(2+)";;1;1;0;Renal tubular dysgenesis of genetic origin;97369;False
ACE;P12821;34151;RHEA:71487;"chloride;zn(2+)";;1;1;0;Renal tubular dysgenesis of genetic origin;97369;False
ACO2;Q99798;4213;RHEA:10336;[4fe-4s] cluster;"carbohydrate metabolism;isocitrate from oxaloacetate: step 2/2;tricarboxylic acid cycle";2;2;0;Autosomal recessive isolated optic atrophy || Infantile cerebellar-retinal degeneration;313850 || 98676;False
ACOX1;Q15067;1336;RHEA:38959;fad;;2;1;1;Mitchell Syndrome || Peroxisomal acyl-CoA oxidase deficiency;2971 || 631248;True
ACOX1;Q15067;1336;RHEA:38971;fad;;2;1;1;Mitchell Syndrome || Peroxisomal acyl-CoA oxidase deficiency;2971 || 631248;True
ACOX1;Q15067;1336;RHEA:39119;fad;;2;1;1;Mitchell Syndrome || Peroxisomal acyl-CoA oxidase deficiency;2971 || 631248;True
ACOX1;Q15067;1336;RHEA:40167;fad;;2;1;1;Mitchell Syndrome || Peroxisomal acyl-CoA oxidase deficiency;2971 || 631248;True
ACOX1;Q15067;1336;RHEA:40171;fad;;2;1;1;Mitchell Syndrome || Peroxisomal acyl-CoA oxidase deficiency;2971 || 631248;True
ACOX1;Q15067;1336;RHEA:40175;fad;;2;1;1;Mitchell Syndrome || Peroxisomal acyl-CoA oxidase deficiency;2971 || 631248;True
ACOX1;Q15067;1336;RHEA:40179;fad;;2;1;1;Mitchell Syndrome || Peroxisomal acyl-CoA oxidase deficiency;2971 || 631248;True
ACOX1;Q15067;1336;RHEA:40183;fad;;2;1;1;Mitchell Syndrome || Peroxisomal acyl-CoA oxidase deficiency;2971 || 631248;True
ACOX1;Q15067;1336;RHEA:40275;fad;;2;1;1;Mitchell Syndrome || Peroxisomal acyl-CoA oxidase deficiency;2971 || 631248;True
ACOX1;Q15067;1336;RHEA:40311;fad;;2;1;1;Mitchell Syndrome || Peroxisomal acyl-CoA oxidase deficiency;2971 || 631248;True
ACOX1;Q15067;1336;RHEA:40315;fad;;2;1;1;Mitchell Syndrome || Peroxisomal acyl-CoA oxidase deficiency;2971 || 631248;True
ACOX1;Q15067;1336;RHEA:40319;fad;;2;1;1;Mitchell Syndrome || Peroxisomal acyl-CoA oxidase deficiency;2971 || 631248;True
ACOX1;Q15067;1336;RHEA:69643;fad;;2;1;1;Mitchell Syndrome || Peroxisomal acyl-CoA oxidase deficiency;2971 || 631248;True
ACP4;Q9BZG2;3132;RHEA:15017;fe cation;;1;1;0;Hypoplastic amelogenesis imperfecta;100031;False
ACP5;P13686;3132;RHEA:15017;fe cation;;1;0;1;Spondyloenchondrodysplasia;1855;False
ACSF3;Q4G176;62176;RHEA:32139;;;1;0;1;Combined malonic and methylmalonic acidemia;289504;False
ACSF3;Q4G176;62176;RHEA:33639;;;1;0;1;Combined malonic and methylmalonic acidemia;289504;False
ACSL4;O60488;62115;RHEA:15421;mg(2+);;2;1;1;Alport syndrome-intellectual disability-midface hypoplasia-elliptocytosis syndrome || X-linked non-syndromic intellectual disability;777 || 86818;True
ACSL4;O60488;62115;RHEA:19713;mg(2+);;2;1;1;Alport syndrome-intellectual disability-midface hypoplasia-elliptocytosis syndrome || X-linked non-syndromic intellectual disability;777 || 86818;True
ACSL4;O60488;62115;RHEA:30751;mg(2+);;2;1;1;Alport syndrome-intellectual disability-midface hypoplasia-elliptocytosis syndrome || X-linked non-syndromic intellectual disability;777 || 86818;True
ACSL4;O60488;62115;RHEA:36139;mg(2+);;2;1;1;Alport syndrome-intellectual disability-midface hypoplasia-elliptocytosis syndrome || X-linked non-syndromic intellectual disability;777 || 86818;True
ACSL4;O60488;62115;RHEA:52008;mg(2+);;2;1;1;Alport syndrome-intellectual disability-midface hypoplasia-elliptocytosis syndrome || X-linked non-syndromic intellectual disability;777 || 86818;True
ACSL4;O60488;62115;RHEA:52012;mg(2+);;2;1;1;Alport syndrome-intellectual disability-midface hypoplasia-elliptocytosis syndrome || X-linked non-syndromic intellectual disability;777 || 86818;True
ACSL4;O60488;62115;RHEA:52016;mg(2+);;2;1;1;Alport syndrome-intellectual disability-midface hypoplasia-elliptocytosis syndrome || X-linked non-syndromic intellectual disability;777 || 86818;True
ACSL4;O60488;62115;RHEA:52088;mg(2+);;2;1;1;Alport syndrome-intellectual disability-midface hypoplasia-elliptocytosis syndrome || X-linked non-syndromic intellectual disability;777 || 86818;True
ACSL4;O60488;62115;RHEA:52108;mg(2+);;2;1;1;Alport syndrome-intellectual disability-midface hypoplasia-elliptocytosis syndrome || X-linked non-syndromic intellectual disability;777 || 86818;True
ACSL4;O60488;62115;RHEA:52112;mg(2+);;2;1;1;Alport syndrome-intellectual disability-midface hypoplasia-elliptocytosis syndrome || X-linked non-syndromic intellectual disability;777 || 86818;True
ACSL4;O60488;62115;RHEA:52116;mg(2+);;2;1;1;Alport syndrome-intellectual disability-midface hypoplasia-elliptocytosis syndrome || X-linked non-syndromic intellectual disability;777 || 86818;True
ACSL4;O60488;6213;RHEA:15421;mg(2+);;2;1;1;Alport syndrome-intellectual disability-midface hypoplasia-elliptocytosis syndrome || X-linked non-syndromic intellectual disability;777 || 86818;True
ACSL4;O60488;6213;RHEA:19713;mg(2+);;2;1;1;Alport syndrome-intellectual disability-midface hypoplasia-elliptocytosis syndrome || X-linked non-syndromic intellectual disability;777 || 86818;True
ACSL4;O60488;6213;RHEA:30751;mg(2+);;2;1;1;Alport syndrome-intellectual disability-midface hypoplasia-elliptocytosis syndrome || X-linked non-syndromic intellectual disability;777 || 86818;True
ACSL4;O60488;6213;RHEA:36139;mg(2+);;2;1;1;Alport syndrome-intellectual disability-midface hypoplasia-elliptocytosis syndrome || X-linked non-syndromic intellectual disability;777 || 86818;True
ACSL4;O60488;6213;RHEA:52008;mg(2+);;2;1;1;Alport syndrome-intellectual disability-midface hypoplasia-elliptocytosis syndrome || X-linked non-syndromic intellectual disability;777 || 86818;True
ACSL4;O60488;6213;RHEA:52012;mg(2+);;2;1;1;Alport syndrome-intellectual disability-midface hypoplasia-elliptocytosis syndrome || X-linked non-syndromic intellectual disability;777 || 86818;True
ACSL4;O60488;6213;RHEA:52016;mg(2+);;2;1;1;Alport syndrome-intellectual disability-midface hypoplasia-elliptocytosis syndrome || X-linked non-syndromic intellectual disability;777 || 86818;True
ACSL4;O60488;6213;RHEA:52088;mg(2+);;2;1;1;Alport syndrome-intellectual disability-midface hypoplasia-elliptocytosis syndrome || X-linked non-syndromic intellectual disability;777 || 86818;True
ACSL4;O60488;6213;RHEA:52108;mg(2+);;2;1;1;Alport syndrome-intellectual disability-midface hypoplasia-elliptocytosis syndrome || X-linked non-syndromic intellectual disability;777 || 86818;True
ACSL4;O60488;6213;RHEA:52112;mg(2+);;2;1;1;Alport syndrome-intellectual disability-midface hypoplasia-elliptocytosis syndrome || X-linked non-syndromic intellectual disability;777 || 86818;True
ACSL4;O60488;6213;RHEA:52116;mg(2+);;2;1;1;Alport syndrome-intellectual disability-midface hypoplasia-elliptocytosis syndrome || X-linked non-syndromic intellectual disability;777 || 86818;True
ACVR1;Q04771;271130;RHEA:18673;"mg(2+);mn(2+)";;1;0;1;Fibrodysplasia ossificans progressiva;337;False
ACVR1;Q04771;271130;RHEA:44880;"mg(2+);mn(2+)";;1;0;1;Fibrodysplasia ossificans progressiva;337;False
ACVR2B;Q13705;271130;RHEA:18673;"mg(2+);mn(2+)";;1;1;0;Situs ambiguus;157769;False
ACVR2B;Q13705;271130;RHEA:44880;"mg(2+);mn(2+)";;1;1;0;Situs ambiguus;157769;False
ACVRL1;P37023;271130;RHEA:18673;"mg(2+);mn(2+)";;2;1;1;Hereditary hemorrhagic telangiectasia || Heritable pulmonary arterial hypertension;275777 || 774;True
ACVRL1;P37023;271130;RHEA:44880;"mg(2+);mn(2+)";;2;1;1;Hereditary hemorrhagic telangiectasia || Heritable pulmonary arterial hypertension;275777 || 774;True
ACY1;Q03154;35114;RHEA:15565;zn(2+);;1;0;1;Aminoacylase 1 deficiency;137754;False
ACY1;Q03154;35114;RHEA:67368;zn(2+);;1;0;1;Aminoacylase 1 deficiency;137754;False
ACY1;Q03154;35114;RHEA:67440;zn(2+);;1;0;1;Aminoacylase 1 deficiency;137754;False
ADA;P00813;3544;RHEA:24408;zn(2+);;2;0;2;Omenn syndrome || Severe combined immunodeficiency due to adenosine deaminase deficiency;277 || 39041;False
ADA;P00813;3544;RHEA:28190;zn(2+);;2;0;2;Omenn syndrome || Severe combined immunodeficiency due to adenosine deaminase deficiency;277 || 39041;False
ADA;P00813;3544;RHEA:79047;zn(2+);;2;0;2;Omenn syndrome || Severe combined immunodeficiency due to adenosine deaminase deficiency;277 || 39041;False
ADA2;Q9NZK5;3544;RHEA:24408;zn(2+);;3;1;2;Deficiency of adenosine deaminase 2 || Diamond-Blackfan anemia || Sneddon syndrome;124 || 404553 || 820;True
ADAR;P55265;35437;RHEA:10120;;;4;1;3;ADAR-related hereditary spastic paraplegia || Aicardi-Goutières syndrome || Dyschromatosis symmetrica hereditaria || Familial infantile bilateral striatal necrosis;225154 || 41 || 51 || 694356;True
ADCY1;Q08828;4611;RHEA:15389;mg(2+);;1;1;0;Rare autosomal recessive non-syndromic sensorineural deafness type DFNB;90636;False
ADCY10;Q96PN6;4611;RHEA:15389;mg(2+);;1;0;1;Idiopathic hypercalciuria;2197;False
ADCY5;O95622;4611;RHEA:15389;mg(2+);;2;0;2;Benign hereditary chorea || Familial dyskinesia and facial myokymia;1429 || 324588;False
ADCY6;O43306;4611;RHEA:15389;mg(2+);;1;0;1;Hypomyelination neuropathy-arthrogryposis syndrome;2680;False
ADK;P55263;27120;RHEA:20824;mg(2+);"amp biosynthesis via salvage pathway;amp from adenosine: step 1/1;purine metabolism";1;1;0;Hypermethioninemia encephalopathy due to adenosine kinase deficiency;289290;False
ADPRS;Q9NX46;321143;RHEA:52216;mg(2+);;1;1;0;Childhood-onset stress-induced neurodegenerative ataxia-seizure syndrome;694922;False
ADPRS;Q9NX46;321143;RHEA:58112;mg(2+);;1;1;0;Childhood-onset stress-induced neurodegenerative ataxia-seizure syndrome;694922;False
ADPRS;Q9NX46;321143;RHEA:58256;mg(2+);;1;1;0;Childhood-onset stress-induced neurodegenerative ataxia-seizure syndrome;694922;False
ADPRS;Q9NX46;321143;RHEA:68792;mg(2+);;1;1;0;Childhood-onset stress-induced neurodegenerative ataxia-seizure syndrome;694922;False
ADPRS;Q9NX46;322-;RHEA:52216;mg(2+);;1;1;0;Childhood-onset stress-induced neurodegenerative ataxia-seizure syndrome;694922;False
ADPRS;Q9NX46;322-;RHEA:58112;mg(2+);;1;1;0;Childhood-onset stress-induced neurodegenerative ataxia-seizure syndrome;694922;False
ADPRS;Q9NX46;322-;RHEA:58256;mg(2+);;1;1;0;Childhood-onset stress-induced neurodegenerative ataxia-seizure syndrome;694922;False
ADPRS;Q9NX46;322-;RHEA:68792;mg(2+);;1;1;0;Childhood-onset stress-induced neurodegenerative ataxia-seizure syndrome;694922;False
ADPRS;Q9NX46;351-;RHEA:52216;mg(2+);;1;1;0;Childhood-onset stress-induced neurodegenerative ataxia-seizure syndrome;694922;False
ADPRS;Q9NX46;351-;RHEA:58112;mg(2+);;1;1;0;Childhood-onset stress-induced neurodegenerative ataxia-seizure syndrome;694922;False
ADPRS;Q9NX46;351-;RHEA:58256;mg(2+);;1;1;0;Childhood-onset stress-induced neurodegenerative ataxia-seizure syndrome;694922;False
ADPRS;Q9NX46;351-;RHEA:68792;mg(2+);;1;1;0;Childhood-onset stress-induced neurodegenerative ataxia-seizure syndrome;694922;False
ADSL;P30566;4322;RHEA:16853;;;1;0;1;Adenylosuccinate lyase deficiency;46;False
ADSL;P30566;4322;RHEA:23920;;;1;0;1;Adenylosuccinate lyase deficiency;46;False
ADSS1;Q8N142;6344;RHEA:15753;mg(2+);"amp biosynthesis via de novo pathway;amp from imp: step 1/2;purine metabolism";1;0;1;Adenylosuccinate synthetase-like 1-related distal myopathy;482601;False
AFG2A;Q8NB90;36410;RHEA:13065;;;1;0;1;Microcephaly-intellectual disability-sensorineural hearing loss-epilepsy-abnormal muscle tone syndrome;457351;False
AFG2B;Q9BVQ7;36410;RHEA:13065;;;2;2;0;Rare autosomal recessive non-syndromic sensorineural deafness type DFNB || Sensorineural hearing loss-spastic quadriplegia-intellectual disability syndrome;659975 || 90636;False
AGA;P20933;35126;RHEA:11544;;;1;0;1;Aspartylglucosaminuria;93;False
AGK;Q53H12;271107;RHEA:10272;mg(2+);;2;1;1;Congenital cataract-hypertrophic cardiomyopathy-mitochondrial myopathy syndrome || Total early-onset cataract;1369 || 98994;True
AGK;Q53H12;271107;RHEA:17929;mg(2+);;2;1;1;Congenital cataract-hypertrophic cardiomyopathy-mitochondrial myopathy syndrome || Total early-onset cataract;1369 || 98994;True
AGK;Q53H12;271107;RHEA:19293;mg(2+);;2;1;1;Congenital cataract-hypertrophic cardiomyopathy-mitochondrial myopathy syndrome || Total early-onset cataract;1369 || 98994;True
AGK;Q53H12;271107;RHEA:33747;mg(2+);;2;1;1;Congenital cataract-hypertrophic cardiomyopathy-mitochondrial myopathy syndrome || Total early-onset cataract;1369 || 98994;True
AGK;Q53H12;271107;RHEA:39847;mg(2+);;2;1;1;Congenital cataract-hypertrophic cardiomyopathy-mitochondrial myopathy syndrome || Total early-onset cataract;1369 || 98994;True
AGK;Q53H12;271107;RHEA:40327;mg(2+);;2;1;1;Congenital cataract-hypertrophic cardiomyopathy-mitochondrial myopathy syndrome || Total early-onset cataract;1369 || 98994;True
AGK;Q53H12;271107;RHEA:41079;mg(2+);;2;1;1;Congenital cataract-hypertrophic cardiomyopathy-mitochondrial myopathy syndrome || Total early-onset cataract;1369 || 98994;True
AGK;Q53H12;271107;RHEA:43308;mg(2+);;2;1;1;Congenital cataract-hypertrophic cardiomyopathy-mitochondrial myopathy syndrome || Total early-onset cataract;1369 || 98994;True
AGK;Q53H12;271107;RHEA:43312;mg(2+);;2;1;1;Congenital cataract-hypertrophic cardiomyopathy-mitochondrial myopathy syndrome || Total early-onset cataract;1369 || 98994;True
AGK;Q53H12;271107;RHEA:43316;mg(2+);;2;1;1;Congenital cataract-hypertrophic cardiomyopathy-mitochondrial myopathy syndrome || Total early-onset cataract;1369 || 98994;True
AGK;Q53H12;271107;RHEA:43328;mg(2+);;2;1;1;Congenital cataract-hypertrophic cardiomyopathy-mitochondrial myopathy syndrome || Total early-onset cataract;1369 || 98994;True
AGK;Q53H12;271138;RHEA:10272;mg(2+);;2;1;1;Congenital cataract-hypertrophic cardiomyopathy-mitochondrial myopathy syndrome || Total early-onset cataract;1369 || 98994;True
AGK;Q53H12;271138;RHEA:17929;mg(2+);;2;1;1;Congenital cataract-hypertrophic cardiomyopathy-mitochondrial myopathy syndrome || Total early-onset cataract;1369 || 98994;True
AGK;Q53H12;271138;RHEA:19293;mg(2+);;2;1;1;Congenital cataract-hypertrophic cardiomyopathy-mitochondrial myopathy syndrome || Total early-onset cataract;1369 || 98994;True
AGK;Q53H12;271138;RHEA:33747;mg(2+);;2;1;1;Congenital cataract-hypertrophic cardiomyopathy-mitochondrial myopathy syndrome || Total early-onset cataract;1369 || 98994;True
AGK;Q53H12;271138;RHEA:39847;mg(2+);;2;1;1;Congenital cataract-hypertrophic cardiomyopathy-mitochondrial myopathy syndrome || Total early-onset cataract;1369 || 98994;True
AGK;Q53H12;271138;RHEA:40327;mg(2+);;2;1;1;Congenital cataract-hypertrophic cardiomyopathy-mitochondrial myopathy syndrome || Total early-onset cataract;1369 || 98994;True
AGK;Q53H12;271138;RHEA:41079;mg(2+);;2;1;1;Congenital cataract-hypertrophic cardiomyopathy-mitochondrial myopathy syndrome || Total early-onset cataract;1369 || 98994;True
AGK;Q53H12;271138;RHEA:43308;mg(2+);;2;1;1;Congenital cataract-hypertrophic cardiomyopathy-mitochondrial myopathy syndrome || Total early-onset cataract;1369 || 98994;True
AGK;Q53H12;271138;RHEA:43312;mg(2+);;2;1;1;Congenital cataract-hypertrophic cardiomyopathy-mitochondrial myopathy syndrome || Total early-onset cataract;1369 || 98994;True
AGK;Q53H12;271138;RHEA:43316;mg(2+);;2;1;1;Congenital cataract-hypertrophic cardiomyopathy-mitochondrial myopathy syndrome || Total early-onset cataract;1369 || 98994;True
AGK;Q53H12;271138;RHEA:43328;mg(2+);;2;1;1;Congenital cataract-hypertrophic cardiomyopathy-mitochondrial myopathy syndrome || Total early-onset cataract;1369 || 98994;True
AGK;Q53H12;27194;RHEA:10272;mg(2+);;2;1;1;Congenital cataract-hypertrophic cardiomyopathy-mitochondrial myopathy syndrome || Total early-onset cataract;1369 || 98994;True
AGK;Q53H12;27194;RHEA:17929;mg(2+);;2;1;1;Congenital cataract-hypertrophic cardiomyopathy-mitochondrial myopathy syndrome || Total early-onset cataract;1369 || 98994;True
AGK;Q53H12;27194;RHEA:19293;mg(2+);;2;1;1;Congenital cataract-hypertrophic cardiomyopathy-mitochondrial myopathy syndrome || Total early-onset cataract;1369 || 98994;True
AGK;Q53H12;27194;RHEA:33747;mg(2+);;2;1;1;Congenital cataract-hypertrophic cardiomyopathy-mitochondrial myopathy syndrome || Total early-onset cataract;1369 || 98994;True
AGK;Q53H12;27194;RHEA:39847;mg(2+);;2;1;1;Congenital cataract-hypertrophic cardiomyopathy-mitochondrial myopathy syndrome || Total early-onset cataract;1369 || 98994;True
AGK;Q53H12;27194;RHEA:40327;mg(2+);;2;1;1;Congenital cataract-hypertrophic cardiomyopathy-mitochondrial myopathy syndrome || Total early-onset cataract;1369 || 98994;True
AGK;Q53H12;27194;RHEA:41079;mg(2+);;2;1;1;Congenital cataract-hypertrophic cardiomyopathy-mitochondrial myopathy syndrome || Total early-onset cataract;1369 || 98994;True
AGK;Q53H12;27194;RHEA:43308;mg(2+);;2;1;1;Congenital cataract-hypertrophic cardiomyopathy-mitochondrial myopathy syndrome || Total early-onset cataract;1369 || 98994;True
AGK;Q53H12;27194;RHEA:43312;mg(2+);;2;1;1;Congenital cataract-hypertrophic cardiomyopathy-mitochondrial myopathy syndrome || Total early-onset cataract;1369 || 98994;True
AGK;Q53H12;27194;RHEA:43316;mg(2+);;2;1;1;Congenital cataract-hypertrophic cardiomyopathy-mitochondrial myopathy syndrome || Total early-onset cataract;1369 || 98994;True
AGK;Q53H12;27194;RHEA:43328;mg(2+);;2;1;1;Congenital cataract-hypertrophic cardiomyopathy-mitochondrial myopathy syndrome || Total early-onset cataract;1369 || 98994;True
AGPAT2;O15120;23151;RHEA:19709;;;1;1;0;Congenital generalized lipodystrophy type 1;696189;False
AGPAT2;O15120;23151;RHEA:33187;;;1;1;0;Congenital generalized lipodystrophy type 1;696189;False
AGPAT2;O15120;23151;RHEA:35899;;;1;1;0;Congenital generalized lipodystrophy type 1;696189;False
AGPAT2;O15120;23151;RHEA:35903;;;1;1;0;Congenital generalized lipodystrophy type 1;696189;False
AGPAT2;O15120;23151;RHEA:35907;;;1;1;0;Congenital generalized lipodystrophy type 1;696189;False
AGPAT2;O15120;23151;RHEA:35915;;;1;1;0;Congenital generalized lipodystrophy type 1;696189;False
AGPAT2;O15120;23151;RHEA:37131;;;1;1;0;Congenital generalized lipodystrophy type 1;696189;False
AGPAT2;O15120;23151;RHEA:37139;;;1;1;0;Congenital generalized lipodystrophy type 1;696189;False
AGPAT2;O15120;23151;RHEA:37143;;;1;1;0;Congenital generalized lipodystrophy type 1;696189;False
AGPAT2;O15120;23151;RHEA:37155;;;1;1;0;Congenital generalized lipodystrophy type 1;696189;False
AGPAT2;O15120;23151;RHEA:37159;;;1;1;0;Congenital generalized lipodystrophy type 1;696189;False
AGPAT2;O15120;23151;RHEA:37171;;;1;1;0;Congenital generalized lipodystrophy type 1;696189;False
AGPAT2;O15120;23151;RHEA:37175;;;1;1;0;Congenital generalized lipodystrophy type 1;696189;False
AGPAT2;O15120;23151;RHEA:37179;;;1;1;0;Congenital generalized lipodystrophy type 1;696189;False
AGPAT2;O15120;23151;RHEA:37183;;;1;1;0;Congenital generalized lipodystrophy type 1;696189;False
AGPAT2;O15120;23151;RHEA:37187;;;1;1;0;Congenital generalized lipodystrophy type 1;696189;False
AGPAT2;O15120;23151;RHEA:37603;;;1;1;0;Congenital generalized lipodystrophy type 1;696189;False
AGPS;O00116;25126;RHEA:36171;fad;;1;1;0;Rhizomelic chondrodysplasia punctata type 3;309803;False
AGPS;O00116;25126;RHEA:40659;fad;;1;1;0;Rhizomelic chondrodysplasia punctata type 3;309803;False
AGPS;O00116;25126;RHEA:40727;fad;;1;1;0;Rhizomelic chondrodysplasia punctata type 3;309803;False
AGXT;P21549;26144;RHEA:22852;pyridoxal 5'-phosphate;;1;0;1;Primary hyperoxaluria type 1;93598;False
AGXT;P21549;26144;RHEA:24248;pyridoxal 5'-phosphate;;1;0;1;Primary hyperoxaluria type 1;93598;False
AGXT;P21549;26151;RHEA:22852;pyridoxal 5'-phosphate;;1;0;1;Primary hyperoxaluria type 1;93598;False
AGXT;P21549;26151;RHEA:24248;pyridoxal 5'-phosphate;;1;0;1;Primary hyperoxaluria type 1;93598;False
AHCY;P23526;31321;RHEA:21708;nad(+);"amino-acid biosynthesis;l-homocysteine biosynthesis;l-homocysteine from s-adenosyl-l-homocysteine: step 1/1";1;0;1;S-adenosylhomocysteine hydrolase deficiency;88618;False
AICDA;Q9GZX7;35438;RHEA:50948;zn(2+);;1;1;0;Hyper-IgM syndrome type 2;101089;False
AK1;P00568;2743;RHEA:12973;mg(2+);;1;1;0;Hemolytic anemia due to adenylate kinase deficiency;86817;False
AK1;P00568;2743;RHEA:18113;mg(2+);;1;1;0;Hemolytic anemia due to adenylate kinase deficiency;86817;False
AK1;P00568;2743;RHEA:23100;mg(2+);;1;1;0;Hemolytic anemia due to adenylate kinase deficiency;86817;False
AK1;P00568;2743;RHEA:24036;mg(2+);;1;1;0;Hemolytic anemia due to adenylate kinase deficiency;86817;False
AK1;P00568;2743;RHEA:25098;mg(2+);;1;1;0;Hemolytic anemia due to adenylate kinase deficiency;86817;False
AK1;P00568;2743;RHEA:27686;mg(2+);;1;1;0;Hemolytic anemia due to adenylate kinase deficiency;86817;False
AK1;P00568;2743;RHEA:27690;mg(2+);;1;1;0;Hemolytic anemia due to adenylate kinase deficiency;86817;False
AK1;P00568;2743;RHEA:44640;mg(2+);;1;1;0;Hemolytic anemia due to adenylate kinase deficiency;86817;False
AK1;P00568;2743;RHEA:69180;mg(2+);;1;1;0;Hemolytic anemia due to adenylate kinase deficiency;86817;False
AK1;P00568;2743;RHEA:78311;mg(2+);;1;1;0;Hemolytic anemia due to adenylate kinase deficiency;86817;False
AK1;P00568;2743;RHEA:79859;mg(2+);;1;1;0;Hemolytic anemia due to adenylate kinase deficiency;86817;False
AK1;P00568;2743;RHEA:79863;mg(2+);;1;1;0;Hemolytic anemia due to adenylate kinase deficiency;86817;False
AK1;P00568;2743;RHEA:79867;mg(2+);;1;1;0;Hemolytic anemia due to adenylate kinase deficiency;86817;False
AK1;P00568;2743;RHEA:79871;mg(2+);;1;1;0;Hemolytic anemia due to adenylate kinase deficiency;86817;False
AK1;P00568;2743;RHEA:79875;mg(2+);;1;1;0;Hemolytic anemia due to adenylate kinase deficiency;86817;False
AK1;P00568;2743;RHEA:79899;mg(2+);;1;1;0;Hemolytic anemia due to adenylate kinase deficiency;86817;False
AK1;P00568;2744;RHEA:12973;mg(2+);;1;1;0;Hemolytic anemia due to adenylate kinase deficiency;86817;False
AK1;P00568;2744;RHEA:18113;mg(2+);;1;1;0;Hemolytic anemia due to adenylate kinase deficiency;86817;False
AK1;P00568;2744;RHEA:23100;mg(2+);;1;1;0;Hemolytic anemia due to adenylate kinase deficiency;86817;False
AK1;P00568;2744;RHEA:24036;mg(2+);;1;1;0;Hemolytic anemia due to adenylate kinase deficiency;86817;False
AK1;P00568;2744;RHEA:25098;mg(2+);;1;1;0;Hemolytic anemia due to adenylate kinase deficiency;86817;False
AK1;P00568;2744;RHEA:27686;mg(2+);;1;1;0;Hemolytic anemia due to adenylate kinase deficiency;86817;False
AK1;P00568;2744;RHEA:27690;mg(2+);;1;1;0;Hemolytic anemia due to adenylate kinase deficiency;86817;False
AK1;P00568;2744;RHEA:44640;mg(2+);;1;1;0;Hemolytic anemia due to adenylate kinase deficiency;86817;False
AK1;P00568;2744;RHEA:69180;mg(2+);;1;1;0;Hemolytic anemia due to adenylate kinase deficiency;86817;False
AK1;P00568;2744;RHEA:78311;mg(2+);;1;1;0;Hemolytic anemia due to adenylate kinase deficiency;86817;False
AK1;P00568;2744;RHEA:79859;mg(2+);;1;1;0;Hemolytic anemia due to adenylate kinase deficiency;86817;False
AK1;P00568;2744;RHEA:79863;mg(2+);;1;1;0;Hemolytic anemia due to adenylate kinase deficiency;86817;False
AK1;P00568;2744;RHEA:79867;mg(2+);;1;1;0;Hemolytic anemia due to adenylate kinase deficiency;86817;False
AK1;P00568;2744;RHEA:79871;mg(2+);;1;1;0;Hemolytic anemia due to adenylate kinase deficiency;86817;False
AK1;P00568;2744;RHEA:79875;mg(2+);;1;1;0;Hemolytic anemia due to adenylate kinase deficiency;86817;False
AK1;P00568;2744;RHEA:79899;mg(2+);;1;1;0;Hemolytic anemia due to adenylate kinase deficiency;86817;False
AK1;P00568;2746;RHEA:12973;mg(2+);;1;1;0;Hemolytic anemia due to adenylate kinase deficiency;86817;False
AK1;P00568;2746;RHEA:18113;mg(2+);;1;1;0;Hemolytic anemia due to adenylate kinase deficiency;86817;False
AK1;P00568;2746;RHEA:23100;mg(2+);;1;1;0;Hemolytic anemia due to adenylate kinase deficiency;86817;False
AK1;P00568;2746;RHEA:24036;mg(2+);;1;1;0;Hemolytic anemia due to adenylate kinase deficiency;86817;False
AK1;P00568;2746;RHEA:25098;mg(2+);;1;1;0;Hemolytic anemia due to adenylate kinase deficiency;86817;False
AK1;P00568;2746;RHEA:27686;mg(2+);;1;1;0;Hemolytic anemia due to adenylate kinase deficiency;86817;False
AK1;P00568;2746;RHEA:27690;mg(2+);;1;1;0;Hemolytic anemia due to adenylate kinase deficiency;86817;False
AK1;P00568;2746;RHEA:44640;mg(2+);;1;1;0;Hemolytic anemia due to adenylate kinase deficiency;86817;False
AK1;P00568;2746;RHEA:69180;mg(2+);;1;1;0;Hemolytic anemia due to adenylate kinase deficiency;86817;False
AK1;P00568;2746;RHEA:78311;mg(2+);;1;1;0;Hemolytic anemia due to adenylate kinase deficiency;86817;False
AK1;P00568;2746;RHEA:79859;mg(2+);;1;1;0;Hemolytic anemia due to adenylate kinase deficiency;86817;False
AK1;P00568;2746;RHEA:79863;mg(2+);;1;1;0;Hemolytic anemia due to adenylate kinase deficiency;86817;False
AK1;P00568;2746;RHEA:79867;mg(2+);;1;1;0;Hemolytic anemia due to adenylate kinase deficiency;86817;False
AK1;P00568;2746;RHEA:79871;mg(2+);;1;1;0;Hemolytic anemia due to adenylate kinase deficiency;86817;False
AK1;P00568;2746;RHEA:79875;mg(2+);;1;1;0;Hemolytic anemia due to adenylate kinase deficiency;86817;False
AK1;P00568;2746;RHEA:79899;mg(2+);;1;1;0;Hemolytic anemia due to adenylate kinase deficiency;86817;False
AK2;P54819;2743;RHEA:12973;;;1;0;1;Reticular dysgenesis;33355;False
AK7;Q96M32;2743;RHEA:12973;;;1;1;0;Non-syndromic male infertility due to sperm motility disorder;276234;False
AK7;Q96M32;2743;RHEA:18113;;;1;1;0;Non-syndromic male infertility due to sperm motility disorder;276234;False
AK7;Q96M32;2743;RHEA:44640;;;1;1;0;Non-syndromic male infertility due to sperm motility disorder;276234;False
AK7;Q96M32;2746;RHEA:12973;;;1;1;0;Non-syndromic male infertility due to sperm motility disorder;276234;False
AK7;Q96M32;2746;RHEA:18113;;;1;1;0;Non-syndromic male infertility due to sperm motility disorder;276234;False
AK7;Q96M32;2746;RHEA:44640;;;1;1;0;Non-syndromic male infertility due to sperm motility disorder;276234;False
AK9;Q5TCS8;2744;RHEA:11600;;;1;0;1;Postsynaptic congenital myasthenic syndrome;98913;False
AK9;Q5TCS8;2744;RHEA:12973;;;1;0;1;Postsynaptic congenital myasthenic syndrome;98913;False
AK9;Q5TCS8;2744;RHEA:18113;;;1;0;1;Postsynaptic congenital myasthenic syndrome;98913;False
AK9;Q5TCS8;2744;RHEA:23100;;;1;0;1;Postsynaptic congenital myasthenic syndrome;98913;False
AK9;Q5TCS8;2744;RHEA:24036;;;1;0;1;Postsynaptic congenital myasthenic syndrome;98913;False
AK9;Q5TCS8;2744;RHEA:25094;;;1;0;1;Postsynaptic congenital myasthenic syndrome;98913;False
AK9;Q5TCS8;2744;RHEA:25098;;;1;0;1;Postsynaptic congenital myasthenic syndrome;98913;False
AK9;Q5TCS8;2744;RHEA:25237;;;1;0;1;Postsynaptic congenital myasthenic syndrome;98913;False
AK9;Q5TCS8;2744;RHEA:27678;;;1;0;1;Postsynaptic congenital myasthenic syndrome;98913;False
AK9;Q5TCS8;2744;RHEA:27682;;;1;0;1;Postsynaptic congenital myasthenic syndrome;98913;False
AK9;Q5TCS8;2744;RHEA:27686;;;1;0;1;Postsynaptic congenital myasthenic syndrome;98913;False
AK9;Q5TCS8;2744;RHEA:27690;;;1;0;1;Postsynaptic congenital myasthenic syndrome;98913;False
AK9;Q5TCS8;2744;RHEA:29863;;;1;0;1;Postsynaptic congenital myasthenic syndrome;98913;False
AK9;Q5TCS8;2744;RHEA:79855;;;1;0;1;Postsynaptic congenital myasthenic syndrome;98913;False
AK9;Q5TCS8;2744;RHEA:79859;;;1;0;1;Postsynaptic congenital myasthenic syndrome;98913;False
AK9;Q5TCS8;2744;RHEA:79863;;;1;0;1;Postsynaptic congenital myasthenic syndrome;98913;False
AK9;Q5TCS8;2744;RHEA:79867;;;1;0;1;Postsynaptic congenital myasthenic syndrome;98913;False
AK9;Q5TCS8;2744;RHEA:79871;;;1;0;1;Postsynaptic congenital myasthenic syndrome;98913;False
AK9;Q5TCS8;2744;RHEA:79875;;;1;0;1;Postsynaptic congenital myasthenic syndrome;98913;False
AK9;Q5TCS8;2746;RHEA:11600;;;1;0;1;Postsynaptic congenital myasthenic syndrome;98913;False
AK9;Q5TCS8;2746;RHEA:12973;;;1;0;1;Postsynaptic congenital myasthenic syndrome;98913;False
AK9;Q5TCS8;2746;RHEA:18113;;;1;0;1;Postsynaptic congenital myasthenic syndrome;98913;False
AK9;Q5TCS8;2746;RHEA:23100;;;1;0;1;Postsynaptic congenital myasthenic syndrome;98913;False
AK9;Q5TCS8;2746;RHEA:24036;;;1;0;1;Postsynaptic congenital myasthenic syndrome;98913;False
AK9;Q5TCS8;2746;RHEA:25094;;;1;0;1;Postsynaptic congenital myasthenic syndrome;98913;False
AK9;Q5TCS8;2746;RHEA:25098;;;1;0;1;Postsynaptic congenital myasthenic syndrome;98913;False
AK9;Q5TCS8;2746;RHEA:25237;;;1;0;1;Postsynaptic congenital myasthenic syndrome;98913;False
AK9;Q5TCS8;2746;RHEA:27678;;;1;0;1;Postsynaptic congenital myasthenic syndrome;98913;False
AK9;Q5TCS8;2746;RHEA:27682;;;1;0;1;Postsynaptic congenital myasthenic syndrome;98913;False
AK9;Q5TCS8;2746;RHEA:27686;;;1;0;1;Postsynaptic congenital myasthenic syndrome;98913;False
AK9;Q5TCS8;2746;RHEA:27690;;;1;0;1;Postsynaptic congenital myasthenic syndrome;98913;False
AK9;Q5TCS8;2746;RHEA:29863;;;1;0;1;Postsynaptic congenital myasthenic syndrome;98913;False
AK9;Q5TCS8;2746;RHEA:79855;;;1;0;1;Postsynaptic congenital myasthenic syndrome;98913;False
AK9;Q5TCS8;2746;RHEA:79859;;;1;0;1;Postsynaptic congenital myasthenic syndrome;98913;False
AK9;Q5TCS8;2746;RHEA:79863;;;1;0;1;Postsynaptic congenital myasthenic syndrome;98913;False
AK9;Q5TCS8;2746;RHEA:79867;;;1;0;1;Postsynaptic congenital myasthenic syndrome;98913;False
AK9;Q5TCS8;2746;RHEA:79871;;;1;0;1;Postsynaptic congenital myasthenic syndrome;98913;False
AK9;Q5TCS8;2746;RHEA:79875;;;1;0;1;Postsynaptic congenital myasthenic syndrome;98913;False
AKR1D1;P51857;1313;RHEA:11524;;;1;0;1;Congenital bile acid synthesis defect type 2;79303;False
AKR1D1;P51857;1313;RHEA:14037;;;1;0;1;Congenital bile acid synthesis defect type 2;79303;False
AKR1D1;P51857;1313;RHEA:46632;;;1;0;1;Congenital bile acid synthesis defect type 2;79303;False
AKR1D1;P51857;1313;RHEA:46636;;;1;0;1;Congenital bile acid synthesis defect type 2;79303;False
AKR1D1;P51857;1313;RHEA:46640;;;1;0;1;Congenital bile acid synthesis defect type 2;79303;False
AKR1D1;P51857;1313;RHEA:46644;;;1;0;1;Congenital bile acid synthesis defect type 2;79303;False
AKR1D1;P51857;1313;RHEA:46652;;;1;0;1;Congenital bile acid synthesis defect type 2;79303;False
AKR1D1;P51857;1313;RHEA:46656;;;1;0;1;Congenital bile acid synthesis defect type 2;79303;False
AKR1D1;P51857;1313;RHEA:46660;;;1;0;1;Congenital bile acid synthesis defect type 2;79303;False
AKR1D1;P51857;1313;RHEA:46664;;;1;0;1;Congenital bile acid synthesis defect type 2;79303;False
AKR1D1;P51857;1313;RHEA:46668;;;1;0;1;Congenital bile acid synthesis defect type 2;79303;False
AKR1D1;P51857;1313;RHEA:46672;;;1;0;1;Congenital bile acid synthesis defect type 2;79303;False
AKR1D1;P51857;1313;RHEA:47076;;;1;0;1;Congenital bile acid synthesis defect type 2;79303;False
AKR1D1;P51857;1313;RHEA:47080;;;1;0;1;Congenital bile acid synthesis defect type 2;79303;False
AKR1D1;P51857;1313;RHEA:53484;;;1;0;1;Congenital bile acid synthesis defect type 2;79303;False
AKT1;P31749;27111;RHEA:17989;;;3;0;3;Cowden syndrome || Meningioma || Proteus syndrome;201 || 2495 || 744;False
AKT1;P31749;27111;RHEA:46608;;;3;0;3;Cowden syndrome || Meningioma || Proteus syndrome;201 || 2495 || 744;False
AKT2;P31751;27111;RHEA:17989;;;2;0;2;AKT2-related familial partial lipodystrophy || Hypoinsulinemic hypoglycemia and body hemihypertrophy;293964 || 79085;False
AKT2;P31751;27111;RHEA:46608;;;2;0;2;AKT2-related familial partial lipodystrophy || Hypoinsulinemic hypoglycemia and body hemihypertrophy;293964 || 79085;False
AKT3;Q9Y243;27111;RHEA:17989;;;2;0;2;Hemimegalencephaly || Megalencephaly-polymicrogyria-postaxial polydactyly-hydrocephalus syndrome;83473 || 99802;False
AKT3;Q9Y243;27111;RHEA:46608;;;2;0;2;Hemimegalencephaly || Megalencephaly-polymicrogyria-postaxial polydactyly-hydrocephalus syndrome;83473 || 99802;False
ALAD;P13716;42124;RHEA:24064;zn(2+);"coproporphyrinogen-iii from 5-aminolevulinate: step 1/4;porphyrin-containing compound metabolism;protoporphyrin-ix biosynthesis";1;0;1;Porphyria due to ALA dehydratase deficiency;100924;False
ALAS2;P22557;23137;RHEA:12921;pyridoxal 5'-phosphate;;2;1;1;X-linked erythropoietic protoporphyria || X-linked sideroblastic anemia;443197 || 75563;True
ALDH18A1;P54886;12141;RHEA:14877;;;5;0;5;ALDH18A1-related De Barsy syndrome || Autosomal dominant cutis laxa || Autosomal dominant spastic paraplegia type 9A || Autosomal dominant spastic paraplegia type 9B || Autosomal recessive spastic paraplegia type 9B;35664 || 447753 || 447757 || 447760 || 90348;False
ALDH18A1;P54886;12141;RHEA:19541;;;5;0;5;ALDH18A1-related De Barsy syndrome || Autosomal dominant cutis laxa || Autosomal dominant spastic paraplegia type 9A || Autosomal dominant spastic paraplegia type 9B || Autosomal recessive spastic paraplegia type 9B;35664 || 447753 || 447757 || 447760 || 90348;False
ALDH18A1;P54886;27211;RHEA:14877;;;5;0;5;ALDH18A1-related De Barsy syndrome || Autosomal dominant cutis laxa || Autosomal dominant spastic paraplegia type 9A || Autosomal dominant spastic paraplegia type 9B || Autosomal recessive spastic paraplegia type 9B;35664 || 447753 || 447757 || 447760 || 90348;False
ALDH18A1;P54886;27211;RHEA:19541;;;5;0;5;ALDH18A1-related De Barsy syndrome || Autosomal dominant cutis laxa || Autosomal dominant spastic paraplegia type 9A || Autosomal dominant spastic paraplegia type 9B || Autosomal recessive spastic paraplegia type 9B;35664 || 447753 || 447757 || 447760 || 90348;False
ALDH1A3;P47895;12136;RHEA:16177;;;2;1;1;Colobomatous microphthalmia || Nanophthalmos;35612 || 98938;True
ALDH1A3;P47895;12136;RHEA:42080;;;2;1;1;Colobomatous microphthalmia || Nanophthalmos;35612 || 98938;True
ALDH1A3;P47895;12136;RHEA:75119;;;2;1;1;Colobomatous microphthalmia || Nanophthalmos;35612 || 98938;True
ALDH3A2;P51648;1213;RHEA:16185;;;1;0;1;Sjögren-Larsson syndrome;816;False
ALDH3A2;P51648;1213;RHEA:24216;;;1;0;1;Sjögren-Larsson syndrome;816;False
ALDH3A2;P51648;1213;RHEA:33739;;;1;0;1;Sjögren-Larsson syndrome;816;False
ALDH3A2;P51648;1213;RHEA:36135;;;1;0;1;Sjögren-Larsson syndrome;816;False
ALDH3A2;P51648;1213;RHEA:39015;;;1;0;1;Sjögren-Larsson syndrome;816;False
ALDH3A2;P51648;1213;RHEA:44016;;;1;0;1;Sjögren-Larsson syndrome;816;False
ALDH3A2;P51648;1213;RHEA:44020;;;1;0;1;Sjögren-Larsson syndrome;816;False
ALDH3A2;P51648;1213;RHEA:44100;;;1;0;1;Sjögren-Larsson syndrome;816;False
ALDH3A2;P51648;1213;RHEA:44104;;;1;0;1;Sjögren-Larsson syndrome;816;False
ALDH3A2;P51648;1213;RHEA:44108;;;1;0;1;Sjögren-Larsson syndrome;816;False
ALDH3A2;P51648;1213;RHEA:44168;;;1;0;1;Sjögren-Larsson syndrome;816;False
ALDH3A2;P51648;1213;RHEA:44172;;;1;0;1;Sjögren-Larsson syndrome;816;False
ALDH3A2;P51648;1213;RHEA:49832;;;1;0;1;Sjögren-Larsson syndrome;816;False
ALDH3A2;P51648;12194;RHEA:16185;;;1;0;1;Sjögren-Larsson syndrome;816;False
ALDH3A2;P51648;12194;RHEA:24216;;;1;0;1;Sjögren-Larsson syndrome;816;False
ALDH3A2;P51648;12194;RHEA:33739;;;1;0;1;Sjögren-Larsson syndrome;816;False
ALDH3A2;P51648;12194;RHEA:36135;;;1;0;1;Sjögren-Larsson syndrome;816;False
ALDH3A2;P51648;12194;RHEA:39015;;;1;0;1;Sjögren-Larsson syndrome;816;False
ALDH3A2;P51648;12194;RHEA:44016;;;1;0;1;Sjögren-Larsson syndrome;816;False
ALDH3A2;P51648;12194;RHEA:44020;;;1;0;1;Sjögren-Larsson syndrome;816;False
ALDH3A2;P51648;12194;RHEA:44100;;;1;0;1;Sjögren-Larsson syndrome;816;False
ALDH3A2;P51648;12194;RHEA:44104;;;1;0;1;Sjögren-Larsson syndrome;816;False
ALDH3A2;P51648;12194;RHEA:44108;;;1;0;1;Sjögren-Larsson syndrome;816;False
ALDH3A2;P51648;12194;RHEA:44168;;;1;0;1;Sjögren-Larsson syndrome;816;False
ALDH3A2;P51648;12194;RHEA:44172;;;1;0;1;Sjögren-Larsson syndrome;816;False
ALDH3A2;P51648;12194;RHEA:49832;;;1;0;1;Sjögren-Larsson syndrome;816;False
ALDH4A1;P30038;12188;RHEA:30235;;;1;0;1;Hyperprolinemia type 2;79101;False
ALDH5A1;P51649;12124;RHEA:13217;;;1;0;1;Succinic semialdehyde dehydrogenase deficiency;22;False
ALDH6A1;Q02252;12127;RHEA:20804;;;1;1;0;Developmental delay due to methylmalonate semialdehyde dehydrogenase deficiency;289307;False
ALDH6A1;Q02252;12127;RHEA:76615;;;1;1;0;Developmental delay due to methylmalonate semialdehyde dehydrogenase deficiency;289307;False
ALDH6A1;Q02252;12127;RHEA:76623;;;1;1;0;Developmental delay due to methylmalonate semialdehyde dehydrogenase deficiency;289307;False
ALDH6A1;Q02252;12127;RHEA:76627;;;1;1;0;Developmental delay due to methylmalonate semialdehyde dehydrogenase deficiency;289307;False
ALDH7A1;P49419;1213;RHEA:12308;;;1;0;1;Pyridoxine-dependent-developmental and epileptic encephalopathy;3006;False
ALDH7A1;P49419;1213;RHEA:15305;;;1;0;1;Pyridoxine-dependent-developmental and epileptic encephalopathy;3006;False
ALDH7A1;P49419;1213;RHEA:16185;;;1;0;1;Pyridoxine-dependent-developmental and epileptic encephalopathy;3006;False
ALDH7A1;P49419;1213;RHEA:44100;;;1;0;1;Pyridoxine-dependent-developmental and epileptic encephalopathy;3006;False
ALDH7A1;P49419;1213;RHEA:67248;;;1;0;1;Pyridoxine-dependent-developmental and epileptic encephalopathy;3006;False
ALDH7A1;P49419;1213;RHEA:67276;;;1;0;1;Pyridoxine-dependent-developmental and epileptic encephalopathy;3006;False
ALDH7A1;P49419;1213;RHEA:69759;;;1;0;1;Pyridoxine-dependent-developmental and epileptic encephalopathy;3006;False
ALDH7A1;P49419;1213;RHEA:69767;;;1;0;1;Pyridoxine-dependent-developmental and epileptic encephalopathy;3006;False
ALDH7A1;P49419;12131;RHEA:12308;;;1;0;1;Pyridoxine-dependent-developmental and epileptic encephalopathy;3006;False
ALDH7A1;P49419;12131;RHEA:15305;;;1;0;1;Pyridoxine-dependent-developmental and epileptic encephalopathy;3006;False
ALDH7A1;P49419;12131;RHEA:16185;;;1;0;1;Pyridoxine-dependent-developmental and epileptic encephalopathy;3006;False
ALDH7A1;P49419;12131;RHEA:44100;;;1;0;1;Pyridoxine-dependent-developmental and epileptic encephalopathy;3006;False
ALDH7A1;P49419;12131;RHEA:67248;;;1;0;1;Pyridoxine-dependent-developmental and epileptic encephalopathy;3006;False
ALDH7A1;P49419;12131;RHEA:67276;;;1;0;1;Pyridoxine-dependent-developmental and epileptic encephalopathy;3006;False
ALDH7A1;P49419;12131;RHEA:69759;;;1;0;1;Pyridoxine-dependent-developmental and epileptic encephalopathy;3006;False
ALDH7A1;P49419;12131;RHEA:69767;;;1;0;1;Pyridoxine-dependent-developmental and epileptic encephalopathy;3006;False
ALDH7A1;P49419;1218;RHEA:12308;;;1;0;1;Pyridoxine-dependent-developmental and epileptic encephalopathy;3006;False
ALDH7A1;P49419;1218;RHEA:15305;;;1;0;1;Pyridoxine-dependent-developmental and epileptic encephalopathy;3006;False
ALDH7A1;P49419;1218;RHEA:16185;;;1;0;1;Pyridoxine-dependent-developmental and epileptic encephalopathy;3006;False
ALDH7A1;P49419;1218;RHEA:44100;;;1;0;1;Pyridoxine-dependent-developmental and epileptic encephalopathy;3006;False
ALDH7A1;P49419;1218;RHEA:67248;;;1;0;1;Pyridoxine-dependent-developmental and epileptic encephalopathy;3006;False
ALDH7A1;P49419;1218;RHEA:67276;;;1;0;1;Pyridoxine-dependent-developmental and epileptic encephalopathy;3006;False
ALDH7A1;P49419;1218;RHEA:69759;;;1;0;1;Pyridoxine-dependent-developmental and epileptic encephalopathy;3006;False
ALDH7A1;P49419;1218;RHEA:69767;;;1;0;1;Pyridoxine-dependent-developmental and epileptic encephalopathy;3006;False
ALDOA;P04075;41213;RHEA:14729;;;1;0;1;Glycogen storage disease due to aldolase A deficiency;57;False
ALDOB;P05062;41213;RHEA:14729;;;1;0;1;Hereditary fructose intolerance;469;False
ALDOB;P05062;41213;RHEA:30851;;;1;0;1;Hereditary fructose intolerance;469;False
ALG1;Q9BT22;241142;RHEA:13865;;;1;0;1;ALG1-CDG;79327;False
ALG11;Q2TAA5;241131;RHEA:29523;;;1;0;1;ALG11-CDG;280071;False
ALG12;Q9BV10;241260;RHEA:29535;;;1;0;1;ALG12-CDG;79324;False
ALG13;Q9NP73;241141;RHEA:23380;;;2;1;1;ALG13-CDG || X-linked non-syndromic intellectual disability;324422 || 777;True
ALG2;Q9H553;241132;RHEA:29515;;;2;0;2;ALG2-CDG || Congenital myasthenic syndrome with glycosylation defect;353327 || 79326;False
ALG2;Q9H553;241132;RHEA:29519;;;2;0;2;ALG2-CDG || Congenital myasthenic syndrome with glycosylation defect;353327 || 79326;False
ALG2;Q9H553;241132;RHEA:79023;;;2;0;2;ALG2-CDG || Congenital myasthenic syndrome with glycosylation defect;353327 || 79326;False
ALG2;Q9H553;241132;RHEA:79027;;;2;0;2;ALG2-CDG || Congenital myasthenic syndrome with glycosylation defect;353327 || 79326;False
ALG2;Q9H553;241257;RHEA:29515;;;2;0;2;ALG2-CDG || Congenital myasthenic syndrome with glycosylation defect;353327 || 79326;False
ALG2;Q9H553;241257;RHEA:29519;;;2;0;2;ALG2-CDG || Congenital myasthenic syndrome with glycosylation defect;353327 || 79326;False
ALG2;Q9H553;241257;RHEA:79023;;;2;0;2;ALG2-CDG || Congenital myasthenic syndrome with glycosylation defect;353327 || 79326;False
ALG2;Q9H553;241257;RHEA:79027;;;2;0;2;ALG2-CDG || Congenital myasthenic syndrome with glycosylation defect;353327 || 79326;False
ALG3;Q92685;241258;RHEA:29527;;;1;0;1;ALG3-CDG;79321;False
ALG5;Q9Y673;241117;RHEA:15401;;;1;0;1;Autosomal dominant polycystic kidney disease;730;False
ALG6;Q9Y672;241267;RHEA:30635;;;1;0;1;ALG6-CDG;79320;False
ALG8;Q9BVK2;241265;RHEA:31307;;;2;0;2;ALG8-CDG || Isolated polycystic liver disease;2924 || 79325;False
ALG9;Q9H6U8;241259;RHEA:29531;;;2;0;2;ALG9-CDG || Autosomal dominant polycystic kidney disease;730 || 79328;False
ALG9;Q9H6U8;241259;RHEA:29539;;;2;0;2;ALG9-CDG || Autosomal dominant polycystic kidney disease;730 || 79328;False
ALG9;Q9H6U8;241261;RHEA:29531;;;2;0;2;ALG9-CDG || Autosomal dominant polycystic kidney disease;730 || 79328;False
ALG9;Q9H6U8;241261;RHEA:29539;;;2;0;2;ALG9-CDG || Autosomal dominant polycystic kidney disease;730 || 79328;False
ALK;Q9UM73;27101;RHEA:10596;ca(2+);;8;5;3;ALK-positive anaplastic large cell lymphoma || ALK-positive large B-cell lymphoma || Differentiated thyroid carcinoma || Ganglioneuroblastoma || Ganglioneuroma || Inflammatory myofibroblastic tumor || Large/giant congenital melanocytic nevus || Neuroblastoma;146 || 178342 || 251877 || 251992 || 300895 || 364043 || 626 || 635;True
ALK;Q9UM73;27101;RHEA:10596;mg(2+);;8;5;3;ALK-positive anaplastic large cell lymphoma || ALK-positive large B-cell lymphoma || Differentiated thyroid carcinoma || Ganglioneuroblastoma || Ganglioneuroma || Inflammatory myofibroblastic tumor || Large/giant congenital melanocytic nevus || Neuroblastoma;146 || 178342 || 251877 || 251992 || 300895 || 364043 || 626 || 635;True
ALKBH8;Q96BT7;211229;RHEA:43208;fe(2+);;1;1;0;Autosomal recessive non-syndromic intellectual disability;88616;False
ALOXE3;Q9BYJ1;421152;RHEA:37927;fe cation;;3;0;3;Congenital ichthyosiform erythroderma || Lamellar ichthyosis || Self-improving collodion baby;281122 || 313 || 79394;False
ALOXE3;Q9BYJ1;421152;RHEA:37931;fe cation;;3;0;3;Congenital ichthyosiform erythroderma || Lamellar ichthyosis || Self-improving collodion baby;281122 || 313 || 79394;False
ALOXE3;Q9BYJ1;421152;RHEA:37935;fe cation;;3;0;3;Congenital ichthyosiform erythroderma || Lamellar ichthyosis || Self-improving collodion baby;281122 || 313 || 79394;False
ALOXE3;Q9BYJ1;421152;RHEA:37939;fe cation;;3;0;3;Congenital ichthyosiform erythroderma || Lamellar ichthyosis || Self-improving collodion baby;281122 || 313 || 79394;False
ALOXE3;Q9BYJ1;421152;RHEA:37943;fe cation;;3;0;3;Congenital ichthyosiform erythroderma || Lamellar ichthyosis || Self-improving collodion baby;281122 || 313 || 79394;False
ALOXE3;Q9BYJ1;421152;RHEA:37947;fe cation;;3;0;3;Congenital ichthyosiform erythroderma || Lamellar ichthyosis || Self-improving collodion baby;281122 || 313 || 79394;False
ALOXE3;Q9BYJ1;421152;RHEA:37951;fe cation;;3;0;3;Congenital ichthyosiform erythroderma || Lamellar ichthyosis || Self-improving collodion baby;281122 || 313 || 79394;False
ALOXE3;Q9BYJ1;421152;RHEA:37955;fe cation;;3;0;3;Congenital ichthyosiform erythroderma || Lamellar ichthyosis || Self-improving collodion baby;281122 || 313 || 79394;False
ALOXE3;Q9BYJ1;421152;RHEA:37959;fe cation;;3;0;3;Congenital ichthyosiform erythroderma || Lamellar ichthyosis || Self-improving collodion baby;281122 || 313 || 79394;False
ALOXE3;Q9BYJ1;421152;RHEA:40503;fe cation;;3;0;3;Congenital ichthyosiform erythroderma || Lamellar ichthyosis || Self-improving collodion baby;281122 || 313 || 79394;False
ALOXE3;Q9BYJ1;421152;RHEA:41243;fe cation;;3;0;3;Congenital ichthyosiform erythroderma || Lamellar ichthyosis || Self-improving collodion baby;281122 || 313 || 79394;False
ALOXE3;Q9BYJ1;421152;RHEA:41251;fe cation;;3;0;3;Congenital ichthyosiform erythroderma || Lamellar ichthyosis || Self-improving collodion baby;281122 || 313 || 79394;False
ALOXE3;Q9BYJ1;421152;RHEA:48636;fe cation;;3;0;3;Congenital ichthyosiform erythroderma || Lamellar ichthyosis || Self-improving collodion baby;281122 || 313 || 79394;False
ALOXE3;Q9BYJ1;421152;RHEA:48716;fe cation;;3;0;3;Congenital ichthyosiform erythroderma || Lamellar ichthyosis || Self-improving collodion baby;281122 || 313 || 79394;False
ALOXE3;Q9BYJ1;421152;RHEA:50212;fe cation;;3;0;3;Congenital ichthyosiform erythroderma || Lamellar ichthyosis || Self-improving collodion baby;281122 || 313 || 79394;False
ALOXE3;Q9BYJ1;421152;RHEA:55556;fe cation;;3;0;3;Congenital ichthyosiform erythroderma || Lamellar ichthyosis || Self-improving collodion baby;281122 || 313 || 79394;False
ALOXE3;Q9BYJ1;421152;RHEA:55560;fe cation;;3;0;3;Congenital ichthyosiform erythroderma || Lamellar ichthyosis || Self-improving collodion baby;281122 || 313 || 79394;False
ALOXE3;Q9BYJ1;5447;RHEA:37927;fe cation;;3;0;3;Congenital ichthyosiform erythroderma || Lamellar ichthyosis || Self-improving collodion baby;281122 || 313 || 79394;False
ALOXE3;Q9BYJ1;5447;RHEA:37931;fe cation;;3;0;3;Congenital ichthyosiform erythroderma || Lamellar ichthyosis || Self-improving collodion baby;281122 || 313 || 79394;False
ALOXE3;Q9BYJ1;5447;RHEA:37935;fe cation;;3;0;3;Congenital ichthyosiform erythroderma || Lamellar ichthyosis || Self-improving collodion baby;281122 || 313 || 79394;False
ALOXE3;Q9BYJ1;5447;RHEA:37939;fe cation;;3;0;3;Congenital ichthyosiform erythroderma || Lamellar ichthyosis || Self-improving collodion baby;281122 || 313 || 79394;False
ALOXE3;Q9BYJ1;5447;RHEA:37943;fe cation;;3;0;3;Congenital ichthyosiform erythroderma || Lamellar ichthyosis || Self-improving collodion baby;281122 || 313 || 79394;False
ALOXE3;Q9BYJ1;5447;RHEA:37947;fe cation;;3;0;3;Congenital ichthyosiform erythroderma || Lamellar ichthyosis || Self-improving collodion baby;281122 || 313 || 79394;False
ALOXE3;Q9BYJ1;5447;RHEA:37951;fe cation;;3;0;3;Congenital ichthyosiform erythroderma || Lamellar ichthyosis || Self-improving collodion baby;281122 || 313 || 79394;False
ALOXE3;Q9BYJ1;5447;RHEA:37955;fe cation;;3;0;3;Congenital ichthyosiform erythroderma || Lamellar ichthyosis || Self-improving collodion baby;281122 || 313 || 79394;False
ALOXE3;Q9BYJ1;5447;RHEA:37959;fe cation;;3;0;3;Congenital ichthyosiform erythroderma || Lamellar ichthyosis || Self-improving collodion baby;281122 || 313 || 79394;False
ALOXE3;Q9BYJ1;5447;RHEA:40503;fe cation;;3;0;3;Congenital ichthyosiform erythroderma || Lamellar ichthyosis || Self-improving collodion baby;281122 || 313 || 79394;False
ALOXE3;Q9BYJ1;5447;RHEA:41243;fe cation;;3;0;3;Congenital ichthyosiform erythroderma || Lamellar ichthyosis || Self-improving collodion baby;281122 || 313 || 79394;False
ALOXE3;Q9BYJ1;5447;RHEA:41251;fe cation;;3;0;3;Congenital ichthyosiform erythroderma || Lamellar ichthyosis || Self-improving collodion baby;281122 || 313 || 79394;False
ALOXE3;Q9BYJ1;5447;RHEA:48636;fe cation;;3;0;3;Congenital ichthyosiform erythroderma || Lamellar ichthyosis || Self-improving collodion baby;281122 || 313 || 79394;False
ALOXE3;Q9BYJ1;5447;RHEA:48716;fe cation;;3;0;3;Congenital ichthyosiform erythroderma || Lamellar ichthyosis || Self-improving collodion baby;281122 || 313 || 79394;False
ALOXE3;Q9BYJ1;5447;RHEA:50212;fe cation;;3;0;3;Congenital ichthyosiform erythroderma || Lamellar ichthyosis || Self-improving collodion baby;281122 || 313 || 79394;False
ALOXE3;Q9BYJ1;5447;RHEA:55556;fe cation;;3;0;3;Congenital ichthyosiform erythroderma || Lamellar ichthyosis || Self-improving collodion baby;281122 || 313 || 79394;False
ALOXE3;Q9BYJ1;5447;RHEA:55560;fe cation;;3;0;3;Congenital ichthyosiform erythroderma || Lamellar ichthyosis || Self-improving collodion baby;281122 || 313 || 79394;False
ALPK1;Q96QP1;27111;RHEA:17989;;;1;1;0;Retinal dystrophy-optic nerve edema-splenomegaly-anhidrosis-migraine headache syndrome;313800;False
ALPK1;Q96QP1;27111;RHEA:46608;;;1;1;0;Retinal dystrophy-optic nerve edema-splenomegaly-anhidrosis-migraine headache syndrome;313800;False
ALPL;P05186;3131;RHEA:12977;"ca(2+);mg(2+);zn(2+)";;6;6;0;Adult hypophosphatasia || Childhood-onset hypophosphatasia || Infantile hypophosphatasia || Odontohypophosphatasia || Perinatal lethal hypophosphatasia || Prenatal benign hypophosphatasia;247623 || 247638 || 247651 || 247667 || 247676 || 247685;False
ALPL;P05186;3131;RHEA:13065;"ca(2+);mg(2+);zn(2+)";;6;6;0;Adult hypophosphatasia || Childhood-onset hypophosphatasia || Infantile hypophosphatasia || Odontohypophosphatasia || Perinatal lethal hypophosphatasia || Prenatal benign hypophosphatasia;247623 || 247638 || 247651 || 247667 || 247676 || 247685;False
ALPL;P05186;3131;RHEA:15017;"ca(2+);mg(2+);zn(2+)";;6;6;0;Adult hypophosphatasia || Childhood-onset hypophosphatasia || Infantile hypophosphatasia || Odontohypophosphatasia || Perinatal lethal hypophosphatasia || Prenatal benign hypophosphatasia;247623 || 247638 || 247651 || 247667 || 247676 || 247685;False
ALPL;P05186;3131;RHEA:16089;"ca(2+);mg(2+);zn(2+)";;6;6;0;Adult hypophosphatasia || Childhood-onset hypophosphatasia || Infantile hypophosphatasia || Odontohypophosphatasia || Perinatal lethal hypophosphatasia || Prenatal benign hypophosphatasia;247623 || 247638 || 247651 || 247667 || 247676 || 247685;False
ALPL;P05186;3131;RHEA:20533;"ca(2+);mg(2+);zn(2+)";;6;6;0;Adult hypophosphatasia || Childhood-onset hypophosphatasia || Infantile hypophosphatasia || Odontohypophosphatasia || Perinatal lethal hypophosphatasia || Prenatal benign hypophosphatasia;247623 || 247638 || 247651 || 247667 || 247676 || 247685;False
ALPL;P05186;3131;RHEA:24576;"ca(2+);mg(2+);zn(2+)";;6;6;0;Adult hypophosphatasia || Childhood-onset hypophosphatasia || Infantile hypophosphatasia || Odontohypophosphatasia || Perinatal lethal hypophosphatasia || Prenatal benign hypophosphatasia;247623 || 247638 || 247651 || 247667 || 247676 || 247685;False
ALPL;P05186;3131;RHEA:29375;"ca(2+);mg(2+);zn(2+)";;6;6;0;Adult hypophosphatasia || Childhood-onset hypophosphatasia || Infantile hypophosphatasia || Odontohypophosphatasia || Perinatal lethal hypophosphatasia || Prenatal benign hypophosphatasia;247623 || 247638 || 247651 || 247667 || 247676 || 247685;False
ALPL;P05186;3131;RHEA:61436;"ca(2+);mg(2+);zn(2+)";;6;6;0;Adult hypophosphatasia || Childhood-onset hypophosphatasia || Infantile hypophosphatasia || Odontohypophosphatasia || Perinatal lethal hypophosphatasia || Prenatal benign hypophosphatasia;247623 || 247638 || 247651 || 247667 || 247676 || 247685;False
ALPL;P05186;3911;RHEA:12977;"ca(2+);mg(2+);zn(2+)";;6;6;0;Adult hypophosphatasia || Childhood-onset hypophosphatasia || Infantile hypophosphatasia || Odontohypophosphatasia || Perinatal lethal hypophosphatasia || Prenatal benign hypophosphatasia;247623 || 247638 || 247651 || 247667 || 247676 || 247685;False
ALPL;P05186;3911;RHEA:13065;"ca(2+);mg(2+);zn(2+)";;6;6;0;Adult hypophosphatasia || Childhood-onset hypophosphatasia || Infantile hypophosphatasia || Odontohypophosphatasia || Perinatal lethal hypophosphatasia || Prenatal benign hypophosphatasia;247623 || 247638 || 247651 || 247667 || 247676 || 247685;False
ALPL;P05186;3911;RHEA:15017;"ca(2+);mg(2+);zn(2+)";;6;6;0;Adult hypophosphatasia || Childhood-onset hypophosphatasia || Infantile hypophosphatasia || Odontohypophosphatasia || Perinatal lethal hypophosphatasia || Prenatal benign hypophosphatasia;247623 || 247638 || 247651 || 247667 || 247676 || 247685;False
ALPL;P05186;3911;RHEA:16089;"ca(2+);mg(2+);zn(2+)";;6;6;0;Adult hypophosphatasia || Childhood-onset hypophosphatasia || Infantile hypophosphatasia || Odontohypophosphatasia || Perinatal lethal hypophosphatasia || Prenatal benign hypophosphatasia;247623 || 247638 || 247651 || 247667 || 247676 || 247685;False
ALPL;P05186;3911;RHEA:20533;"ca(2+);mg(2+);zn(2+)";;6;6;0;Adult hypophosphatasia || Childhood-onset hypophosphatasia || Infantile hypophosphatasia || Odontohypophosphatasia || Perinatal lethal hypophosphatasia || Prenatal benign hypophosphatasia;247623 || 247638 || 247651 || 247667 || 247676 || 247685;False
ALPL;P05186;3911;RHEA:24576;"ca(2+);mg(2+);zn(2+)";;6;6;0;Adult hypophosphatasia || Childhood-onset hypophosphatasia || Infantile hypophosphatasia || Odontohypophosphatasia || Perinatal lethal hypophosphatasia || Prenatal benign hypophosphatasia;247623 || 247638 || 247651 || 247667 || 247676 || 247685;False
ALPL;P05186;3911;RHEA:29375;"ca(2+);mg(2+);zn(2+)";;6;6;0;Adult hypophosphatasia || Childhood-onset hypophosphatasia || Infantile hypophosphatasia || Odontohypophosphatasia || Perinatal lethal hypophosphatasia || Prenatal benign hypophosphatasia;247623 || 247638 || 247651 || 247667 || 247676 || 247685;False
ALPL;P05186;3911;RHEA:61436;"ca(2+);mg(2+);zn(2+)";;6;6;0;Adult hypophosphatasia || Childhood-onset hypophosphatasia || Infantile hypophosphatasia || Odontohypophosphatasia || Perinatal lethal hypophosphatasia || Prenatal benign hypophosphatasia;247623 || 247638 || 247651 || 247667 || 247676 || 247685;False
AMACR;Q9UHK6;51994;RHEA:12657;;;1;0;1;Congenital bile acid synthesis defect type 4;79095;False
AMACR;Q9UHK6;51994;RHEA:40455;;;1;0;1;Congenital bile acid synthesis defect type 4;79095;False
AMACR;Q9UHK6;51994;RHEA:46732;;;1;0;1;Congenital bile acid synthesis defect type 4;79095;False
AMHR2;Q16671;271130;RHEA:18673;"mg(2+);mn(2+)";;1;0;1;Persistent Müllerian duct syndrome;2856;False
AMHR2;Q16671;271130;RHEA:44880;"mg(2+);mn(2+)";;1;0;1;Persistent Müllerian duct syndrome;2856;False
AMPD1;P23109;3546;RHEA:14777;zn(2+);"imp biosynthesis via salvage pathway;imp from amp: step 1/1;purine metabolism";1;0;1;Adenosine monophosphate deaminase deficiency;45;False
AMPD2;Q01433;3546;RHEA:14777;zn(2+);"imp biosynthesis via salvage pathway;imp from amp: step 1/1;purine metabolism";2;1;1;Autosomal recessive spastic paraplegia type 63 || Pontocerebellar hypoplasia type 9;369920 || 401805;True
AMPD3;Q01432;3546;RHEA:14777;zn(2+);"imp biosynthesis via salvage pathway;imp from amp: step 1/1;purine metabolism";1;0;1;Adenosine monophosphate deaminase deficiency;45;False
AMT;P48728;21210;RHEA:16945;;;3;3;0;Atypical glycine encephalopathy || Infantile glycine encephalopathy || Neonatal glycine encephalopathy;289857 || 289860 || 289863;False
APRT;P07741;2427;RHEA:16609;;;1;0;1;Adenine phosphoribosyltransferase deficiency;976;False
APTX;Q7Z2E3;36171;RHEA:52128;;;1;0;1;Ataxia-oculomotor apraxia type 1;1168;False
APTX;Q7Z2E3;36171;RHEA:52132;;;1;0;1;Ataxia-oculomotor apraxia type 1;1168;False
APTX;Q7Z2E3;36171;RHEA:52140;;;1;0;1;Ataxia-oculomotor apraxia type 1;1168;False
APTX;Q7Z2E3;36172;RHEA:52128;;;1;0;1;Ataxia-oculomotor apraxia type 1;1168;False
APTX;Q7Z2E3;36172;RHEA:52132;;;1;0;1;Ataxia-oculomotor apraxia type 1;1168;False
APTX;Q7Z2E3;36172;RHEA:52140;;;1;0;1;Ataxia-oculomotor apraxia type 1;1168;False
ARF1;P84077;3652;RHEA:19669;mg(2+);;1;0;1;Periventricular nodular heterotopia;98892;False
ARG1;P05089;3531;RHEA:20569;mn(2+);"l-ornithine and urea from l-arginine: step 1/1;nitrogen metabolism;urea cycle";1;0;1;Argininemia;90;False
ARSA;P15289;3168;RHEA:21300;ca(2+);;3;0;3;Metachromatic leukodystrophy, adult form || Metachromatic leukodystrophy, juvenile form || Metachromatic leukodystrophy, late infantile form;309256 || 309263 || 309271;False
ARSG;Q96EG1;3161;RHEA:17261;ca(2+);;1;0;1;Usher syndrome type 3;231183;False
ARSG;Q96EG1;31615;RHEA:17261;ca(2+);;1;0;1;Usher syndrome type 3;231183;False
ARSK;Q6UWY0;3161;RHEA:17261;ca(2+);;1;1;0;Mucopolysaccharidosis type 10;662216;False
ARSK;Q6UWY0;31618;RHEA:17261;ca(2+);;1;1;0;Mucopolysaccharidosis type 10;662216;False
ARSL;P51690;3161;RHEA:17261;ca(2+);;1;0;1;Brachytelephalangic chondrodysplasia punctata;79345;False
ASH1L;Q9NR48;211359;RHEA:60280;;;1;1;0;Autosomal dominant non-syndromic intellectual disability;178469;False
ASH1L;Q9NR48;211359;RHEA:60324;;;1;1;0;Autosomal dominant non-syndromic intellectual disability;178469;False
ASH1L;Q9NR48;211367;RHEA:60280;;;1;1;0;Autosomal dominant non-syndromic intellectual disability;178469;False
ASH1L;Q9NR48;211367;RHEA:60324;;;1;1;0;Autosomal dominant non-syndromic intellectual disability;178469;False
ASL;P04424;4321;RHEA:24020;;;1;0;1;Argininosuccinic aciduria;23;False
ASNS;P08243;6354;RHEA:12228;;;1;1;0;Congenital microcephaly-severe encephalopathy-progressive cerebral atrophy syndrome;391376;False
ASPA;P45381;35115;RHEA:10872;zn(2+);;2;0;2;Mild Canavan disease || Severe Canavan disease;314911 || 314918;False
ASPA;P45381;35115;RHEA:59408;zn(2+);;2;0;2;Mild Canavan disease || Severe Canavan disease;314911 || 314918;False
ASPH;Q12797;1141116;RHEA:11508;fe cation;;1;1;0;Facial dysmorphism-lens dislocation-anterior segment abnormalities-spontaneous filtering blebs syndrome;412022;False
ASS1;P00966;6345;RHEA:10932;;;2;2;0;Acute neonatal citrullinemia type I || Late-onset citrullinemia type I;247546 || 247573;False
ATIC;P31939;2123;RHEA:18445;;;1;0;1;AICA-ribosiduria;250977;False
ATIC;P31939;2123;RHEA:22192;;;1;0;1;AICA-ribosiduria;250977;False
ATIC;P31939;2123;RHEA:59144;;;1;0;1;AICA-ribosiduria;250977;False
ATIC;P31939;2123;RHEA:62676;;;1;0;1;AICA-ribosiduria;250977;False
ATIC;P31939;35410;RHEA:18445;;;1;0;1;AICA-ribosiduria;250977;False
ATIC;P31939;35410;RHEA:22192;;;1;0;1;AICA-ribosiduria;250977;False
ATIC;P31939;35410;RHEA:59144;;;1;0;1;AICA-ribosiduria;250977;False
ATIC;P31939;35410;RHEA:62676;;;1;0;1;AICA-ribosiduria;250977;False
ATM;Q13315;27111;RHEA:17989;;;8;4;4;Ataxia-telangiectasia || Ataxia-telangiectasia variant || B-cell chronic lymphocytic leukemia || Familial colorectal cancer Type X || Familial prostate cancer || Hereditary breast and/or ovarian cancer syndrome || Hereditary breast cancer || Mantle cell lymphoma;100 || 1331 || 145 || 227535 || 370109 || 440437 || 52416 || 67038;True
ATM;Q13315;27111;RHEA:46608;;;8;4;4;Ataxia-telangiectasia || Ataxia-telangiectasia variant || B-cell chronic lymphocytic leukemia || Familial colorectal cancer Type X || Familial prostate cancer || Hereditary breast and/or ovarian cancer syndrome || Hereditary breast cancer || Mantle cell lymphoma;100 || 1331 || 145 || 227535 || 370109 || 440437 || 52416 || 67038;True
ATP11A;P98196;7621;RHEA:38567;mg(2+);;2;1;1;Idiopathic pulmonary fibrosis || Rare autosomal dominant non-syndromic sensorineural deafness type DFNA;2032 || 90635;True
ATP11A;P98196;7621;RHEA:66132;mg(2+);;2;1;1;Idiopathic pulmonary fibrosis || Rare autosomal dominant non-syndromic sensorineural deafness type DFNA;2032 || 90635;True
ATP13A3;Q9H7F0;76216;RHEA:29995;;;1;1;0;Heritable pulmonary arterial hypertension;275777;False
ATP1A1;P05023;72213;RHEA:18353;;;2;1;1;Autosomal dominant Charcot-Marie-Tooth disease type 2DD || Primary hypomagnesemia-refractory seizures-intellectual disability syndrome;521414 || 564178;True
ATP1A2;P50993;72213;RHEA:18353;;;3;0;3;Alternating hemiplegia of childhood || Familial or sporadic hemiplegic migraine || Non-specific early-onset epileptic encephalopathy;2131 || 442835 || 569;False
ATP1A3;P13637;72213;RHEA:18353;;;4;0;4;Alternating hemiplegia of childhood || Cerebellar ataxia-areflexia-pes cavus-optic atrophy-sensorineural hearing loss syndrome || Non-specific early-onset epileptic encephalopathy || Rapid-onset dystonia-parkinsonism;1171 || 2131 || 442835 || 71517;False
ATP2A1;O14983;72210;RHEA:18105;mg(2+);;1;1;0;Brody myopathy;53347;False
ATP2A2;P16615;72210;RHEA:18105;mg(2+);;2;0;2;Acrokeratosis verruciformis of Hopf || Darier disease;218 || 79151;False
ATP2B1;P20020;72210;RHEA:18105;mg(2+);;1;1;0;Non-specific syndromic intellectual disability;528084;False
ATP2B2;Q01814;72210;RHEA:18105;mg(2+);;1;1;0;Rare autosomal recessive non-syndromic sensorineural deafness type DFNB;90636;False
ATP2B3;Q16720;72210;RHEA:18105;mg(2+);;1;0;1;X-linked non progressive cerebellar ataxia;314978;False
ATP2C1;P98194;72210;RHEA:18105;mg(2+);;1;0;1;Hailey-Hailey disease;2841;False
ATP2C1;P98194;72210;RHEA:66820;;;1;0;1;Hailey-Hailey disease;2841;False
ATP6V1A;P38606;7122;RHEA:57720;mg(2+);;2;0;2;Autosomal recessive cutis laxa type 2, classic type || Non-specific early-onset epileptic encephalopathy;357074 || 442835;False
ATP7A;Q04656;7228;RHEA:25792;;;4;1;3;Hirschsprung disease || Menkes disease || Occipital horn syndrome || X-linked distal spinal muscular atrophy type 3;139557 || 198 || 388 || 565;True
ATP7B;P35670;7228;RHEA:25792;;;1;0;1;Wilson disease;905;False
ATP8A2;Q9NTI2;7621;RHEA:36439;mg(2+);;1;0;1;Dysequilibrium syndrome;1766;False
ATP8A2;Q9NTI2;7621;RHEA:38567;mg(2+);;1;0;1;Dysequilibrium syndrome;1766;False
ATP8B1;O43520;7621;RHEA:38567;mg(2+);;3;2;1;Benign recurrent intrahepatic cholestasis type 1 || Intrahepatic cholestasis of pregnancy || Progressive familial intrahepatic cholestasis type 1;69665 || 79306 || 99960;True
ATP8B1;O43520;7621;RHEA:38583;mg(2+);;3;2;1;Benign recurrent intrahepatic cholestasis type 1 || Intrahepatic cholestasis of pregnancy || Progressive familial intrahepatic cholestasis type 1;69665 || 79306 || 99960;True
ATR;Q13535;27111;RHEA:17989;mn(2+);;2;1;1;Familial cutaneous telangiectasia and oropharyngeal cancer predisposition syndrome || Seckel syndrome;313846 || 808;True
ATR;Q13535;27111;RHEA:46608;mn(2+);;2;1;1;Familial cutaneous telangiectasia and oropharyngeal cancer predisposition syndrome || Seckel syndrome;313846 || 808;True
ATRX;P46100;36412;RHEA:13065;;;4;0;4;Alpha-thalassemia-myelodysplastic syndrome || Cushing disease || Neuroendocrine tumor of stomach || X-linked alpha-thalassemia-intellectual disability syndrome;100075 || 231401 || 847 || 96253;False
AUH;Q13825;42118;RHEA:13785;;;1;0;1;3-methylglutaconic aciduria type 1;67046;False
AUH;Q13825;42118;RHEA:21536;;;1;0;1;3-methylglutaconic aciduria type 1;67046;False
AUH;Q13825;42118;RHEA:31079;;;1;0;1;3-methylglutaconic aciduria type 1;67046;False
AUH;Q13825;42118;RHEA:68456;;;1;0;1;3-methylglutaconic aciduria type 1;67046;False
AUH;Q13825;42156;RHEA:13785;;;1;0;1;3-methylglutaconic aciduria type 1;67046;False
AUH;Q13825;42156;RHEA:21536;;;1;0;1;3-methylglutaconic aciduria type 1;67046;False
AUH;Q13825;42156;RHEA:31079;;;1;0;1;3-methylglutaconic aciduria type 1;67046;False
AUH;Q13825;42156;RHEA:68456;;;1;0;1;3-methylglutaconic aciduria type 1;67046;False
AURKC;Q9UQB9;27111;RHEA:17989;;;1;1;0;Male infertility due to large-headed multiflagellar polyploid spermatozoa;137893;False
AURKC;Q9UQB9;27111;RHEA:46608;;;1;1;0;Male infertility due to large-headed multiflagellar polyploid spermatozoa;137893;False
B3GALNT2;Q8NCR0;241313;RHEA:37667;;;3;1;2;Autosomal recessive non-syndromic intellectual disability || Muscle-eye-brain disease || Walker-Warburg syndrome;588 || 88616 || 899;True
B3GALT6;Q96L58;241134;RHEA:11780;mn(2+);"chondroitin sulfate biosynthesis;glycan metabolism;heparan sulfate biosynthesis";2;1;1;B3GALT6-related spondylodysplastic Ehlers-Danlos syndrome || Spondyloepimetaphyseal dysplasia with joint laxity, Beighton type;536467 || 642099;True
B3GAT3;O94766;241135;RHEA:24168;mn(2+);"protein glycosylation;protein modification";1;1;0;Larsen-like syndrome, B3GAT3 type;284139;False
B4GALNT1;Q00973;24192;RHEA:12588;;;1;0;1;Autosomal recessive spastic paraplegia type 26;101006;False
B4GALNT1;Q00973;24192;RHEA:41816;;;1;0;1;Autosomal recessive spastic paraplegia type 26;101006;False
B4GALNT1;Q00973;24192;RHEA:43268;;;1;0;1;Autosomal recessive spastic paraplegia type 26;101006;False
B4GALNT1;Q00973;24192;RHEA:43272;;;1;0;1;Autosomal recessive spastic paraplegia type 26;101006;False
B4GALNT1;Q00973;24192;RHEA:43276;;;1;0;1;Autosomal recessive spastic paraplegia type 26;101006;False
B4GALNT1;Q00973;24192;RHEA:43300;;;1;0;1;Autosomal recessive spastic paraplegia type 26;101006;False
B4GALNT1;Q00973;24192;RHEA:47564;;;1;0;1;Autosomal recessive spastic paraplegia type 26;101006;False
B4GALNT1;Q00973;24192;RHEA:47580;;;1;0;1;Autosomal recessive spastic paraplegia type 26;101006;False
B4GALNT1;Q00973;24192;RHEA:62516;;;1;0;1;Autosomal recessive spastic paraplegia type 26;101006;False
BAAT;Q14032;23165;RHEA:14001;;;1;1;0;Familial hypercholanemia;238475;False
BAAT;Q14032;23165;RHEA:14541;;;1;1;0;Familial hypercholanemia;238475;False
BAAT;Q14032;23165;RHEA:16645;;;1;1;0;Familial hypercholanemia;238475;False
BAAT;Q14032;23165;RHEA:30135;;;1;1;0;Familial hypercholanemia;238475;False
BAAT;Q14032;23165;RHEA:30139;;;1;1;0;Familial hypercholanemia;238475;False
BAAT;Q14032;23165;RHEA:31511;;;1;1;0;Familial hypercholanemia;238475;False
BAAT;Q14032;23165;RHEA:40119;;;1;1;0;Familial hypercholanemia;238475;False
BAAT;Q14032;23165;RHEA:40147;;;1;1;0;Familial hypercholanemia;238475;False
BAAT;Q14032;23165;RHEA:40783;;;1;1;0;Familial hypercholanemia;238475;False
BAAT;Q14032;23165;RHEA:40787;;;1;1;0;Familial hypercholanemia;238475;False
BAAT;Q14032;23165;RHEA:40791;;;1;1;0;Familial hypercholanemia;238475;False
BAAT;Q14032;23165;RHEA:47100;;;1;1;0;Familial hypercholanemia;238475;False
BAAT;Q14032;23165;RHEA:49772;;;1;1;0;Familial hypercholanemia;238475;False
BAAT;Q14032;23165;RHEA:49780;;;1;1;0;Familial hypercholanemia;238475;False
BAAT;Q14032;23165;RHEA:49784;;;1;1;0;Familial hypercholanemia;238475;False
BAAT;Q14032;23165;RHEA:49788;;;1;1;0;Familial hypercholanemia;238475;False
BAAT;Q14032;23165;RHEA:49792;;;1;1;0;Familial hypercholanemia;238475;False
BAAT;Q14032;3122;RHEA:14001;;;1;1;0;Familial hypercholanemia;238475;False
BAAT;Q14032;3122;RHEA:14541;;;1;1;0;Familial hypercholanemia;238475;False
BAAT;Q14032;3122;RHEA:16645;;;1;1;0;Familial hypercholanemia;238475;False
BAAT;Q14032;3122;RHEA:30135;;;1;1;0;Familial hypercholanemia;238475;False
BAAT;Q14032;3122;RHEA:30139;;;1;1;0;Familial hypercholanemia;238475;False
BAAT;Q14032;3122;RHEA:31511;;;1;1;0;Familial hypercholanemia;238475;False
BAAT;Q14032;3122;RHEA:40119;;;1;1;0;Familial hypercholanemia;238475;False
BAAT;Q14032;3122;RHEA:40147;;;1;1;0;Familial hypercholanemia;238475;False
BAAT;Q14032;3122;RHEA:40783;;;1;1;0;Familial hypercholanemia;238475;False
BAAT;Q14032;3122;RHEA:40787;;;1;1;0;Familial hypercholanemia;238475;False
BAAT;Q14032;3122;RHEA:40791;;;1;1;0;Familial hypercholanemia;238475;False
BAAT;Q14032;3122;RHEA:47100;;;1;1;0;Familial hypercholanemia;238475;False
BAAT;Q14032;3122;RHEA:49772;;;1;1;0;Familial hypercholanemia;238475;False
BAAT;Q14032;3122;RHEA:49780;;;1;1;0;Familial hypercholanemia;238475;False
BAAT;Q14032;3122;RHEA:49784;;;1;1;0;Familial hypercholanemia;238475;False
BAAT;Q14032;3122;RHEA:49788;;;1;1;0;Familial hypercholanemia;238475;False
BAAT;Q14032;3122;RHEA:49792;;;1;1;0;Familial hypercholanemia;238475;False
BAAT;Q14032;31227;RHEA:14001;;;1;1;0;Familial hypercholanemia;238475;False
BAAT;Q14032;31227;RHEA:14541;;;1;1;0;Familial hypercholanemia;238475;False
BAAT;Q14032;31227;RHEA:16645;;;1;1;0;Familial hypercholanemia;238475;False
BAAT;Q14032;31227;RHEA:30135;;;1;1;0;Familial hypercholanemia;238475;False
BAAT;Q14032;31227;RHEA:30139;;;1;1;0;Familial hypercholanemia;238475;False
BAAT;Q14032;31227;RHEA:31511;;;1;1;0;Familial hypercholanemia;238475;False
BAAT;Q14032;31227;RHEA:40119;;;1;1;0;Familial hypercholanemia;238475;False
BAAT;Q14032;31227;RHEA:40147;;;1;1;0;Familial hypercholanemia;238475;False
BAAT;Q14032;31227;RHEA:40783;;;1;1;0;Familial hypercholanemia;238475;False
BAAT;Q14032;31227;RHEA:40787;;;1;1;0;Familial hypercholanemia;238475;False
BAAT;Q14032;31227;RHEA:40791;;;1;1;0;Familial hypercholanemia;238475;False
BAAT;Q14032;31227;RHEA:47100;;;1;1;0;Familial hypercholanemia;238475;False
BAAT;Q14032;31227;RHEA:49772;;;1;1;0;Familial hypercholanemia;238475;False
BAAT;Q14032;31227;RHEA:49780;;;1;1;0;Familial hypercholanemia;238475;False
BAAT;Q14032;31227;RHEA:49784;;;1;1;0;Familial hypercholanemia;238475;False
BAAT;Q14032;31227;RHEA:49788;;;1;1;0;Familial hypercholanemia;238475;False
BAAT;Q14032;31227;RHEA:49792;;;1;1;0;Familial hypercholanemia;238475;False
BAZ1B;Q9UIG0;27102;RHEA:10596;mg(2+);;1;0;1;Williams syndrome;904;False
BAZ1B;Q9UIG0;27102;RHEA:10596;mn(2+);;1;0;1;Williams syndrome;904;False
BAZ1B;Q9UIG0;27102;RHEA:10596;zn(2+);;1;0;1;Williams syndrome;904;False
BCHE;P06276;3118;RHEA:21964;;;1;0;1;Hereditary butyrylcholinesterase deficiency;132;False
BCKDHA;P12694;1244;RHEA:13457;"mg(2+);thiamine diphosphate";;3;3;0;Classic maple syrup urine disease || Intermediate maple syrup urine disease || Intermittent maple syrup urine disease;268145 || 268162 || 268173;False
BCKDHB;P21953;1244;RHEA:13457;thiamine diphosphate;;3;3;0;Classic maple syrup urine disease || Intermediate maple syrup urine disease || Intermittent maple syrup urine disease;268145 || 268162 || 268173;False
BCKDK;O14874;27111;RHEA:17301;;;1;1;0;Autism-epilepsy syndrome due to branched chain ketoacid dehydrogenase kinase deficiency;308410;False
BCKDK;O14874;27111;RHEA:17989;;;1;1;0;Autism-epilepsy syndrome due to branched chain ketoacid dehydrogenase kinase deficiency;308410;False
BCKDK;O14874;27114;RHEA:17301;;;1;1;0;Autism-epilepsy syndrome due to branched chain ketoacid dehydrogenase kinase deficiency;308410;False
BCKDK;O14874;27114;RHEA:17989;;;1;1;0;Autism-epilepsy syndrome due to branched chain ketoacid dehydrogenase kinase deficiency;308410;False
BCO1;Q9HAY6;1131163;RHEA:32887;fe(2+);"cofactor metabolism;retinol metabolism";1;1;0;Hereditary hypercarotenemia and vitamin A deficiency;199285;False
BCR;P11274;27111;RHEA:17989;;;4;2;2;"B-lymphoblastic leukemia/lymphoma with t(9;22)(q34.1;q11.2) || Chronic myeloid leukemia || Distal 22q11.2 microdeletion syndrome || Precursor T-cell acute lymphoblastic leukemia";261330 || 521 || 585909 || 99861;True
BCR;P11274;27111;RHEA:46608;;;4;2;2;"B-lymphoblastic leukemia/lymphoma with t(9;22)(q34.1;q11.2) || Chronic myeloid leukemia || Distal 22q11.2 microdeletion syndrome || Precursor T-cell acute lymphoblastic leukemia";261330 || 521 || 585909 || 99861;True
BLK;P51451;27102;RHEA:10596;mg(2+);;2;0;2;MODY || Systemic lupus erythematosus;536 || 552;False
BLK;P51451;27102;RHEA:10596;mn(2+);;2;0;2;MODY || Systemic lupus erythematosus;536 || 552;False
BLK;P51451;27102;RHEA:10596;zn(2+);;2;0;2;MODY || Systemic lupus erythematosus;536 || 552;False
BLM;P54132;5624;RHEA:13065;zn(2+);;1;0;1;Bloom syndrome;125;False
BLVRA;P53004;13124;RHEA:15793;zn(2+);;1;1;0;Hyperbiliverdinemia;276405;False
BLVRA;P53004;13124;RHEA:15797;zn(2+);;1;1;0;Hyperbiliverdinemia;276405;False
BMPR1A;P36894;271130;RHEA:18673;"mg(2+);mn(2+)";;4;0;4;Familial colorectal cancer Type X || Generalized juvenile polyposis/juvenile polyposis coli || Hereditary mixed polyposis syndrome || Juvenile polyposis of infancy;157794 || 329971 || 440437 || 79076;False
BMPR1A;P36894;271130;RHEA:44880;"mg(2+);mn(2+)";;4;0;4;Familial colorectal cancer Type X || Generalized juvenile polyposis/juvenile polyposis coli || Hereditary mixed polyposis syndrome || Juvenile polyposis of infancy;157794 || 329971 || 440437 || 79076;False
BMPR1B;O00238;271130;RHEA:18673;"mg(2+);mn(2+)";;5;0;5;Acromesomelic dysplasia, Grebe type || Brachydactyly type A1 || Brachydactyly type A2 || Brachydactyly type C || Fibular aplasia-complex brachydactyly syndrome;2098 || 2639 || 93384 || 93388 || 93396;False
BMPR1B;O00238;271130;RHEA:44880;"mg(2+);mn(2+)";;5;0;5;Acromesomelic dysplasia, Grebe type || Brachydactyly type A1 || Brachydactyly type A2 || Brachydactyly type C || Fibular aplasia-complex brachydactyly syndrome;2098 || 2639 || 93384 || 93388 || 93396;False
BMPR2;Q13873;271130;RHEA:18673;"mg(2+);mn(2+)";;3;3;0;Drug- or toxin-induced pulmonary arterial hypertension || Heritable pulmonary arterial hypertension || Pulmonary venoocclusive disease;275777 || 275786 || 31837;False
BMPR2;Q13873;271130;RHEA:44880;"mg(2+);mn(2+)";;3;3;0;Drug- or toxin-induced pulmonary arterial hypertension || Heritable pulmonary arterial hypertension || Pulmonary venoocclusive disease;275777 || 275786 || 31837;False
BPGM;P07738;54211;RHEA:15901;;;2;2;0;Autosomal recessive secondary polycythemia not associated with VHL gene || Hemolytic anemia due to diphosphoglycerate mutase deficiency;247378 || 714;False
BPGM;P07738;54211;RHEA:17765;;;2;2;0;Autosomal recessive secondary polycythemia not associated with VHL gene || Hemolytic anemia due to diphosphoglycerate mutase deficiency;247378 || 714;False
BPGM;P07738;5424;RHEA:15901;;;2;2;0;Autosomal recessive secondary polycythemia not associated with VHL gene || Hemolytic anemia due to diphosphoglycerate mutase deficiency;247378 || 714;False
BPGM;P07738;5424;RHEA:17765;;;2;2;0;Autosomal recessive secondary polycythemia not associated with VHL gene || Hemolytic anemia due to diphosphoglycerate mutase deficiency;247378 || 714;False
BPNT2;Q9NX62;3137;RHEA:10040;mg(2+);sulfur metabolism;1;1;0;Chondrodysplasia with joint dislocations, gPAPP type;280586;False
BRAF;P15056;27111;RHEA:17989;zn(2+);;11;3;8;Cardiofaciocutaneous syndrome || Classic hairy cell leukemia || Craniopharyngioma || Cushing disease || Differentiated thyroid carcinoma || Langerhans cell histiocytosis || Large/giant congenital melanocytic nevus || Noonan syndrome || Noonan syndrome with multiple lentigines || Pilomyxoid astrocytoma || Syringocystadenoma papilliferum;1340 || 146 || 251615 || 389 || 500 || 54595 || 58017 || 626 || 648 || 840 || 96253;True
BRAF;P15056;27111;RHEA:46608;zn(2+);;11;3;8;Cardiofaciocutaneous syndrome || Classic hairy cell leukemia || Craniopharyngioma || Cushing disease || Differentiated thyroid carcinoma || Langerhans cell histiocytosis || Large/giant congenital melanocytic nevus || Noonan syndrome || Noonan syndrome with multiple lentigines || Pilomyxoid astrocytoma || Syringocystadenoma papilliferum;1340 || 146 || 251615 || 389 || 500 || 54595 || 58017 || 626 || 648 || 840 || 96253;True
BRIP1;Q9BX63;5623;RHEA:13065;[4fe-4s] cluster;;2;0;2;Fanconi anemia || Hereditary breast and/or ovarian cancer syndrome;145 || 84;False
BRIP1;Q9BX63;5623;RHEA:13065;mg(2+);;2;0;2;Fanconi anemia || Hereditary breast and/or ovarian cancer syndrome;145 || 84;False
BTD;P43251;35112;RHEA:13081;;;1;0;1;Biotinidase deficiency;79241;False
BTD;P43251;35112;RHEA:77171;;;1;0;1;Biotinidase deficiency;79241;False
BTK;Q06187;27102;RHEA:10596;mg(2+);;2;1;1;Short stature due to isolated growth hormone deficiency with X-linked hypogammaglobulinemia || X-linked agammaglobulinemia;47 || 632;True
BTK;Q06187;27102;RHEA:10596;mn(2+);;2;1;1;Short stature due to isolated growth hormone deficiency with X-linked hypogammaglobulinemia || X-linked agammaglobulinemia;47 || 632;True
BTK;Q06187;27102;RHEA:10596;zn(2+);;2;1;1;Short stature due to isolated growth hormone deficiency with X-linked hypogammaglobulinemia || X-linked agammaglobulinemia;47 || 632;True
BUB1;O43683;27111;RHEA:17989;;;1;0;1;Mosaic variegated aneuploidy syndrome;1052;False
BUB1;O43683;27111;RHEA:46608;;;1;0;1;Mosaic variegated aneuploidy syndrome;1052;False
BUB1B;O60566;27111;RHEA:17989;;;1;0;1;Mosaic variegated aneuploidy syndrome;1052;False
BUB1B;O60566;27111;RHEA:46608;;;1;0;1;Mosaic variegated aneuploidy syndrome;1052;False
CA12;O43570;4211;RHEA:10748;zn(2+);;1;1;0;Isolated hyperchlorhidrosis;542657;False
CA2;P00918;4211;RHEA:10748;zn(2+);;1;0;1;Osteopetrosis with renal tubular acidosis;2785;False
CA2;P00918;4211;RHEA:23056;"co(2+);zn(2+)";;1;0;1;Osteopetrosis with renal tubular acidosis;2785;False
CA2;P00918;42169;RHEA:10748;"co(2+);zn(2+)";;1;0;1;Osteopetrosis with renal tubular acidosis;2785;False
CA2;P00918;42169;RHEA:23056;"co(2+);zn(2+)";;1;0;1;Osteopetrosis with renal tubular acidosis;2785;False
CA4;P22748;4211;RHEA:10748;zn(2+);;1;0;1;Retinitis pigmentosa;791;False
CA5A;P35218;4211;RHEA:10748;zn(2+);;1;1;0;Hyperammonemic encephalopathy due to carbonic anhydrase VA deficiency;401948;False
CAD;P27708;2132;RHEA:15889;"mg(2+);mn(2+);zn(2+)";;1;1;0;CAD-CDG;448010;False
CAD;P27708;2132;RHEA:18029;"mg(2+);mn(2+);zn(2+)";;1;1;0;CAD-CDG;448010;False
CAD;P27708;2132;RHEA:18633;"mg(2+);mn(2+);zn(2+)";;1;1;0;CAD-CDG;448010;False
CAD;P27708;2132;RHEA:20013;"mg(2+);mn(2+);zn(2+)";;1;1;0;CAD-CDG;448010;False
CAD;P27708;2132;RHEA:24296;"mg(2+);mn(2+);zn(2+)";;1;1;0;CAD-CDG;448010;False
CAD;P27708;3512;RHEA:15889;"mg(2+);mn(2+);zn(2+)";;1;1;0;CAD-CDG;448010;False
CAD;P27708;3512;RHEA:18029;"mg(2+);mn(2+);zn(2+)";;1;1;0;CAD-CDG;448010;False
CAD;P27708;3512;RHEA:18633;"mg(2+);mn(2+);zn(2+)";;1;1;0;CAD-CDG;448010;False
CAD;P27708;3512;RHEA:20013;"mg(2+);mn(2+);zn(2+)";;1;1;0;CAD-CDG;448010;False
CAD;P27708;3512;RHEA:24296;"mg(2+);mn(2+);zn(2+)";;1;1;0;CAD-CDG;448010;False
CAD;P27708;3523;RHEA:15889;"mg(2+);mn(2+);zn(2+)";;1;1;0;CAD-CDG;448010;False
CAD;P27708;3523;RHEA:18029;"mg(2+);mn(2+);zn(2+)";;1;1;0;CAD-CDG;448010;False
CAD;P27708;3523;RHEA:18633;"mg(2+);mn(2+);zn(2+)";;1;1;0;CAD-CDG;448010;False
CAD;P27708;3523;RHEA:20013;"mg(2+);mn(2+);zn(2+)";;1;1;0;CAD-CDG;448010;False
CAD;P27708;3523;RHEA:24296;"mg(2+);mn(2+);zn(2+)";;1;1;0;CAD-CDG;448010;False
CAD;P27708;63416;RHEA:15889;"mg(2+);mn(2+);zn(2+)";;1;1;0;CAD-CDG;448010;False
CAD;P27708;63416;RHEA:18029;"mg(2+);mn(2+);zn(2+)";;1;1;0;CAD-CDG;448010;False
CAD;P27708;63416;RHEA:18633;"mg(2+);mn(2+);zn(2+)";;1;1;0;CAD-CDG;448010;False
CAD;P27708;63416;RHEA:20013;"mg(2+);mn(2+);zn(2+)";;1;1;0;CAD-CDG;448010;False
CAD;P27708;63416;RHEA:24296;"mg(2+);mn(2+);zn(2+)";;1;1;0;CAD-CDG;448010;False
CAD;P27708;6355;RHEA:15889;"mg(2+);mn(2+);zn(2+)";;1;1;0;CAD-CDG;448010;False
CAD;P27708;6355;RHEA:18029;"mg(2+);mn(2+);zn(2+)";;1;1;0;CAD-CDG;448010;False
CAD;P27708;6355;RHEA:18633;"mg(2+);mn(2+);zn(2+)";;1;1;0;CAD-CDG;448010;False
CAD;P27708;6355;RHEA:20013;"mg(2+);mn(2+);zn(2+)";;1;1;0;CAD-CDG;448010;False
CAD;P27708;6355;RHEA:24296;"mg(2+);mn(2+);zn(2+)";;1;1;0;CAD-CDG;448010;False
CAMK2A;Q9UQM7;271117;RHEA:17989;mg(2+);;1;1;0;Autosomal dominant non-syndromic intellectual disability;178469;False
CAMK2A;Q9UQM7;271117;RHEA:46608;mg(2+);;1;1;0;Autosomal dominant non-syndromic intellectual disability;178469;False
CAMK2B;Q13554;271117;RHEA:17989;;;1;1;0;Autosomal dominant non-syndromic intellectual disability;178469;False
CAMK2B;Q13554;271117;RHEA:46608;;;1;1;0;Autosomal dominant non-syndromic intellectual disability;178469;False
CAMKMT;Q7Z624;21160;RHEA:21556;;;3;2;1;2p21 microdeletion syndrome || 2p21 microdeletion syndrome without cystinuria || Atypical hypotonia-cystinuria syndrome;163693 || 238523 || 369881;True
CANT1;Q8WVQ1;3616;RHEA:36799;ca(2+);;2;1;1;Desbuquois syndrome || Multiple epiphyseal dysplasia type 7;1425 || 647676;True
CARS1;P49589;61116;RHEA:17773;zn(2+);;2;1;1;Inflammatory myofibroblastic tumor || Trichothiodystrophy;178342 || 33364;True
CARS2;Q9HA77;61116;RHEA:17773;zn(2+);;1;0;1;Combined oxidative phosphorylation defect type 27;477774;False
CARS2;Q9HA77;61116;RHEA:78543;zn(2+);;1;0;1;Combined oxidative phosphorylation defect type 27;477774;False
CARS2;Q9HA77;61116;RHEA:78627;zn(2+);;1;0;1;Combined oxidative phosphorylation defect type 27;477774;False
CARS2;Q9HA77;61116;RHEA:78647;zn(2+);;1;0;1;Combined oxidative phosphorylation defect type 27;477774;False
CARS2;Q9HA77;61116;RHEA:78651;zn(2+);;1;0;1;Combined oxidative phosphorylation defect type 27;477774;False
CASK;O14936;27111;RHEA:17989;;;3;1;2;Early infantile developmental and epileptic encephalopathy || X-linked intellectual disability, Najm type || X-linked non-syndromic intellectual disability;163937 || 1934 || 777;True
CASK;O14936;27111;RHEA:46608;;;3;1;2;Early infantile developmental and epileptic encephalopathy || X-linked intellectual disability, Najm type || X-linked non-syndromic intellectual disability;163937 || 1934 || 777;True
CAT;P04040;11116;RHEA:20309;heme;;1;0;1;Acatalasemia;926;False
CBS;P35520;42122;RHEA:10112;pyridoxal 5'-phosphate;"amino-acid biosynthesis;l-cysteine biosynthesis;l-cysteine from l-homocysteine and l-serine: step 1/2";1;0;1;Homocystinuria due to cystathionine beta-synthase deficiency;394;False
CDC14A;Q9UNH5;31316;RHEA:10684;;;1;1;0;Rare autosomal recessive non-syndromic sensorineural deafness type DFNB;90636;False
CDC14A;Q9UNH5;31316;RHEA:20629;;;1;1;0;Rare autosomal recessive non-syndromic sensorineural deafness type DFNB;90636;False
CDC14A;Q9UNH5;31316;RHEA:47004;;;1;1;0;Rare autosomal recessive non-syndromic sensorineural deafness type DFNB;90636;False
CDC14A;Q9UNH5;31348;RHEA:10684;mg(2+);;1;1;0;Rare autosomal recessive non-syndromic sensorineural deafness type DFNB;90636;False
CDC14A;Q9UNH5;31348;RHEA:20629;;;1;1;0;Rare autosomal recessive non-syndromic sensorineural deafness type DFNB;90636;False
CDC14A;Q9UNH5;31348;RHEA:47004;;;1;1;0;Rare autosomal recessive non-syndromic sensorineural deafness type DFNB;90636;False
CDC42;P60953;3652;RHEA:19669;mg(2+);;2;1;1;NOCARH syndrome || Takenouchi-Kosaki syndrome;487796 || 619363;True
CDK13;Q14004;271122;RHEA:10216;;;1;1;0;CDK13-related developmental delay-intellectual disability-facial dysmorphism-congenital heart defects syndrome;646278;False
CDK13;Q14004;271122;RHEA:17989;;;1;1;0;CDK13-related developmental delay-intellectual disability-facial dysmorphism-congenital heart defects syndrome;646278;False
CDK13;Q14004;271122;RHEA:46608;;;1;1;0;CDK13-related developmental delay-intellectual disability-facial dysmorphism-congenital heart defects syndrome;646278;False
CDK13;Q14004;271123;RHEA:10216;;;1;1;0;CDK13-related developmental delay-intellectual disability-facial dysmorphism-congenital heart defects syndrome;646278;False
CDK13;Q14004;271123;RHEA:17989;;;1;1;0;CDK13-related developmental delay-intellectual disability-facial dysmorphism-congenital heart defects syndrome;646278;False
CDK13;Q14004;271123;RHEA:46608;;;1;1;0;CDK13-related developmental delay-intellectual disability-facial dysmorphism-congenital heart defects syndrome;646278;False
CDK19;Q9BWU1;271122;RHEA:17989;;;1;0;1;Non-specific early-onset epileptic encephalopathy;442835;False
CDK19;Q9BWU1;271122;RHEA:46608;;;1;0;1;Non-specific early-onset epileptic encephalopathy;442835;False
CDK4;P11802;271122;RHEA:17989;;;3;1;2;Dedifferentiated liposarcoma || Familial melanoma || Well-differentiated liposarcoma;618 || 99970 || 99971;True
CDK4;P11802;271122;RHEA:46608;;;3;1;2;Dedifferentiated liposarcoma || Familial melanoma || Well-differentiated liposarcoma;618 || 99970 || 99971;True
CDK6;Q00534;271122;RHEA:17989;;;1;0;1;Autosomal recessive primary microcephaly;2512;False
CDK6;Q00534;271122;RHEA:46608;;;1;0;1;Autosomal recessive primary microcephaly;2512;False
CDK8;P49336;271122;RHEA:10216;mg(2+);;1;1;0;Non-specific syndromic intellectual disability;528084;False
CDK8;P49336;271122;RHEA:17989;mg(2+);;1;1;0;Non-specific syndromic intellectual disability;528084;False
CDK8;P49336;271122;RHEA:46608;mg(2+);;1;1;0;Non-specific syndromic intellectual disability;528084;False
CDK8;P49336;271123;RHEA:10216;mg(2+);;1;1;0;Non-specific syndromic intellectual disability;528084;False
CDK8;P49336;271123;RHEA:17989;mg(2+);;1;1;0;Non-specific syndromic intellectual disability;528084;False
CDK8;P49336;271123;RHEA:46608;mg(2+);;1;1;0;Non-specific syndromic intellectual disability;528084;False
CDKL5;O76039;271122;RHEA:17989;;;4;0;4;Atypical Rett syndrome || CDKL5-deficiency disorder || Early infantile developmental and epileptic encephalopathy || Infantile epileptic spasms syndrome;1934 || 3095 || 505652 || 697160;False
CDKL5;O76039;271122;RHEA:46608;;;4;0;4;Atypical Rett syndrome || CDKL5-deficiency disorder || Early infantile developmental and epileptic encephalopathy || Infantile epileptic spasms syndrome;1934 || 3095 || 505652 || 697160;False
CEL;P19835;31113;RHEA:10100;;;1;0;1;MODY;552;False
CEL;P19835;31113;RHEA:12044;;;1;0;1;MODY;552;False
CEL;P19835;31113;RHEA:12957;;;1;0;1;MODY;552;False
CEL;P19835;31113;RHEA:33875;;;1;0;1;MODY;552;False
CEL;P19835;31113;RHEA:38575;;;1;0;1;MODY;552;False
CEL;P19835;31113;RHEA:40435;;;1;0;1;MODY;552;False
CEL;P19835;31113;RHEA:47348;;;1;0;1;MODY;552;False
CEL;P19835;31113;RHEA:47864;;;1;0;1;MODY;552;False
CEL;P19835;31113;RHEA:52048;;;1;0;1;MODY;552;False
CEL;P19835;31113;RHEA:52052;;;1;0;1;MODY;552;False
CEL;P19835;31113;RHEA:52056;;;1;0;1;MODY;552;False
CEL;P19835;31113;RHEA:52060;;;1;0;1;MODY;552;False
CEL;P19835;31113;RHEA:52064;;;1;0;1;MODY;552;False
CEL;P19835;31113;RHEA:52068;;;1;0;1;MODY;552;False
CEL;P19835;31113;RHEA:52072;;;1;0;1;MODY;552;False
CEL;P19835;31113;RHEA:52076;;;1;0;1;MODY;552;False
CEL;P19835;31113;RHEA:52080;;;1;0;1;MODY;552;False
CEL;P19835;31113;RHEA:52084;;;1;0;1;MODY;552;False
CEL;P19835;31113;RHEA:52092;;;1;0;1;MODY;552;False
CEL;P19835;31113;RHEA:52096;;;1;0;1;MODY;552;False
CEL;P19835;3113;RHEA:10100;;;1;0;1;MODY;552;False
CEL;P19835;3113;RHEA:12044;;;1;0;1;MODY;552;False
CEL;P19835;3113;RHEA:12957;;;1;0;1;MODY;552;False
CEL;P19835;3113;RHEA:33875;;;1;0;1;MODY;552;False
CEL;P19835;3113;RHEA:38575;;;1;0;1;MODY;552;False
CEL;P19835;3113;RHEA:40435;;;1;0;1;MODY;552;False
CEL;P19835;3113;RHEA:47348;;;1;0;1;MODY;552;False
CEL;P19835;3113;RHEA:47864;;;1;0;1;MODY;552;False
CEL;P19835;3113;RHEA:52048;;;1;0;1;MODY;552;False
CEL;P19835;3113;RHEA:52052;;;1;0;1;MODY;552;False
CEL;P19835;3113;RHEA:52056;;;1;0;1;MODY;552;False
CEL;P19835;3113;RHEA:52060;;;1;0;1;MODY;552;False
CEL;P19835;3113;RHEA:52064;;;1;0;1;MODY;552;False
CEL;P19835;3113;RHEA:52068;;;1;0;1;MODY;552;False
CEL;P19835;3113;RHEA:52072;;;1;0;1;MODY;552;False
CEL;P19835;3113;RHEA:52076;;;1;0;1;MODY;552;False
CEL;P19835;3113;RHEA:52080;;;1;0;1;MODY;552;False
CEL;P19835;3113;RHEA:52084;;;1;0;1;MODY;552;False
CEL;P19835;3113;RHEA:52092;;;1;0;1;MODY;552;False
CEL;P19835;3113;RHEA:52096;;;1;0;1;MODY;552;False
CEL;P19835;3116;RHEA:10100;;;1;0;1;MODY;552;False
CEL;P19835;3116;RHEA:12044;;;1;0;1;MODY;552;False
CEL;P19835;3116;RHEA:12957;;;1;0;1;MODY;552;False
CEL;P19835;3116;RHEA:33875;;;1;0;1;MODY;552;False
CEL;P19835;3116;RHEA:38575;;;1;0;1;MODY;552;False
CEL;P19835;3116;RHEA:40435;;;1;0;1;MODY;552;False
CEL;P19835;3116;RHEA:47348;;;1;0;1;MODY;552;False
CEL;P19835;3116;RHEA:47864;;;1;0;1;MODY;552;False
CEL;P19835;3116;RHEA:52048;;;1;0;1;MODY;552;False
CEL;P19835;3116;RHEA:52052;;;1;0;1;MODY;552;False
CEL;P19835;3116;RHEA:52056;;;1;0;1;MODY;552;False
CEL;P19835;3116;RHEA:52060;;;1;0;1;MODY;552;False
CEL;P19835;3116;RHEA:52064;;;1;0;1;MODY;552;False
CEL;P19835;3116;RHEA:52068;;;1;0;1;MODY;552;False
CEL;P19835;3116;RHEA:52072;;;1;0;1;MODY;552;False
CEL;P19835;3116;RHEA:52076;;;1;0;1;MODY;552;False
CEL;P19835;3116;RHEA:52080;;;1;0;1;MODY;552;False
CEL;P19835;3116;RHEA:52084;;;1;0;1;MODY;552;False
CEL;P19835;3116;RHEA:52092;;;1;0;1;MODY;552;False
CEL;P19835;3116;RHEA:52096;;;1;0;1;MODY;552;False
CERS1;P27544;231299;RHEA:36547;;;1;1;0;Progressive myoclonic epilepsy type 8;424027;False
CERS1;P27544;231299;RHEA:36555;;;1;1;0;Progressive myoclonic epilepsy type 8;424027;False
CERS1;P27544;231299;RHEA:36615;;;1;1;0;Progressive myoclonic epilepsy type 8;424027;False
CERS1;P27544;231299;RHEA:36691;;;1;1;0;Progressive myoclonic epilepsy type 8;424027;False
CERS1;P27544;231299;RHEA:43044;;;1;1;0;Progressive myoclonic epilepsy type 8;424027;False
CERS1;P27544;231299;RHEA:61476;;;1;1;0;Progressive myoclonic epilepsy type 8;424027;False
CERS1;P27544;231299;RHEA:67596;;;1;1;0;Progressive myoclonic epilepsy type 8;424027;False
CERS3;Q8IU89;23124;RHEA:23768;;;2;1;1;Congenital ichthyosiform erythroderma || Ichthyosis-short stature-brachydactyly-microspherophakia syndrome;363992 || 79394;True
CERS3;Q8IU89;23124;RHEA:33351;;;2;1;1;Congenital ichthyosiform erythroderma || Ichthyosis-short stature-brachydactyly-microspherophakia syndrome;363992 || 79394;True
CERS3;Q8IU89;23124;RHEA:33591;;;2;1;1;Congenital ichthyosiform erythroderma || Ichthyosis-short stature-brachydactyly-microspherophakia syndrome;363992 || 79394;True
CERS3;Q8IU89;23124;RHEA:36535;;;2;1;1;Congenital ichthyosiform erythroderma || Ichthyosis-short stature-brachydactyly-microspherophakia syndrome;363992 || 79394;True
CERS3;Q8IU89;23124;RHEA:36547;;;2;1;1;Congenital ichthyosiform erythroderma || Ichthyosis-short stature-brachydactyly-microspherophakia syndrome;363992 || 79394;True
CERS3;Q8IU89;23124;RHEA:36615;;;2;1;1;Congenital ichthyosiform erythroderma || Ichthyosis-short stature-brachydactyly-microspherophakia syndrome;363992 || 79394;True
CERS3;Q8IU89;23124;RHEA:36619;;;2;1;1;Congenital ichthyosiform erythroderma || Ichthyosis-short stature-brachydactyly-microspherophakia syndrome;363992 || 79394;True
CERS3;Q8IU89;23124;RHEA:36627;;;2;1;1;Congenital ichthyosiform erythroderma || Ichthyosis-short stature-brachydactyly-microspherophakia syndrome;363992 || 79394;True
CERS3;Q8IU89;23124;RHEA:36675;;;2;1;1;Congenital ichthyosiform erythroderma || Ichthyosis-short stature-brachydactyly-microspherophakia syndrome;363992 || 79394;True
CERS3;Q8IU89;23124;RHEA:61480;;;2;1;1;Congenital ichthyosiform erythroderma || Ichthyosis-short stature-brachydactyly-microspherophakia syndrome;363992 || 79394;True
CERS3;Q8IU89;23124;RHEA:61492;;;2;1;1;Congenital ichthyosiform erythroderma || Ichthyosis-short stature-brachydactyly-microspherophakia syndrome;363992 || 79394;True
CERS3;Q8IU89;231297;RHEA:23768;;;2;1;1;Congenital ichthyosiform erythroderma || Ichthyosis-short stature-brachydactyly-microspherophakia syndrome;363992 || 79394;True
CERS3;Q8IU89;231297;RHEA:33351;;;2;1;1;Congenital ichthyosiform erythroderma || Ichthyosis-short stature-brachydactyly-microspherophakia syndrome;363992 || 79394;True
CERS3;Q8IU89;231297;RHEA:33591;;;2;1;1;Congenital ichthyosiform erythroderma || Ichthyosis-short stature-brachydactyly-microspherophakia syndrome;363992 || 79394;True
CERS3;Q8IU89;231297;RHEA:36535;;;2;1;1;Congenital ichthyosiform erythroderma || Ichthyosis-short stature-brachydactyly-microspherophakia syndrome;363992 || 79394;True
CERS3;Q8IU89;231297;RHEA:36547;;;2;1;1;Congenital ichthyosiform erythroderma || Ichthyosis-short stature-brachydactyly-microspherophakia syndrome;363992 || 79394;True
CERS3;Q8IU89;231297;RHEA:36615;;;2;1;1;Congenital ichthyosiform erythroderma || Ichthyosis-short stature-brachydactyly-microspherophakia syndrome;363992 || 79394;True
CERS3;Q8IU89;231297;RHEA:36619;;;2;1;1;Congenital ichthyosiform erythroderma || Ichthyosis-short stature-brachydactyly-microspherophakia syndrome;363992 || 79394;True
CERS3;Q8IU89;231297;RHEA:36627;;;2;1;1;Congenital ichthyosiform erythroderma || Ichthyosis-short stature-brachydactyly-microspherophakia syndrome;363992 || 79394;True
CERS3;Q8IU89;231297;RHEA:36675;;;2;1;1;Congenital ichthyosiform erythroderma || Ichthyosis-short stature-brachydactyly-microspherophakia syndrome;363992 || 79394;True
CERS3;Q8IU89;231297;RHEA:61480;;;2;1;1;Congenital ichthyosiform erythroderma || Ichthyosis-short stature-brachydactyly-microspherophakia syndrome;363992 || 79394;True
CERS3;Q8IU89;231297;RHEA:61492;;;2;1;1;Congenital ichthyosiform erythroderma || Ichthyosis-short stature-brachydactyly-microspherophakia syndrome;363992 || 79394;True
CERS3;Q8IU89;231298;RHEA:23768;;;2;1;1;Congenital ichthyosiform erythroderma || Ichthyosis-short stature-brachydactyly-microspherophakia syndrome;363992 || 79394;True
CERS3;Q8IU89;231298;RHEA:33351;;;2;1;1;Congenital ichthyosiform erythroderma || Ichthyosis-short stature-brachydactyly-microspherophakia syndrome;363992 || 79394;True
CERS3;Q8IU89;231298;RHEA:33591;;;2;1;1;Congenital ichthyosiform erythroderma || Ichthyosis-short stature-brachydactyly-microspherophakia syndrome;363992 || 79394;True
CERS3;Q8IU89;231298;RHEA:36535;;;2;1;1;Congenital ichthyosiform erythroderma || Ichthyosis-short stature-brachydactyly-microspherophakia syndrome;363992 || 79394;True
CERS3;Q8IU89;231298;RHEA:36547;;;2;1;1;Congenital ichthyosiform erythroderma || Ichthyosis-short stature-brachydactyly-microspherophakia syndrome;363992 || 79394;True
CERS3;Q8IU89;231298;RHEA:36615;;;2;1;1;Congenital ichthyosiform erythroderma || Ichthyosis-short stature-brachydactyly-microspherophakia syndrome;363992 || 79394;True
CERS3;Q8IU89;231298;RHEA:36619;;;2;1;1;Congenital ichthyosiform erythroderma || Ichthyosis-short stature-brachydactyly-microspherophakia syndrome;363992 || 79394;True
CERS3;Q8IU89;231298;RHEA:36627;;;2;1;1;Congenital ichthyosiform erythroderma || Ichthyosis-short stature-brachydactyly-microspherophakia syndrome;363992 || 79394;True
CERS3;Q8IU89;231298;RHEA:36675;;;2;1;1;Congenital ichthyosiform erythroderma || Ichthyosis-short stature-brachydactyly-microspherophakia syndrome;363992 || 79394;True
CERS3;Q8IU89;231298;RHEA:61480;;;2;1;1;Congenital ichthyosiform erythroderma || Ichthyosis-short stature-brachydactyly-microspherophakia syndrome;363992 || 79394;True
CERS3;Q8IU89;231298;RHEA:61492;;;2;1;1;Congenital ichthyosiform erythroderma || Ichthyosis-short stature-brachydactyly-microspherophakia syndrome;363992 || 79394;True
CFTR;P13569;5616;RHEA:13065;;;6;1;5;Aquagenic palmoplantar keratoderma || Autosomal recessive hereditary chronic pancreatitis || Congenital bilateral absence of vas deferens || Cystic fibrosis || Idiopathic bronchiectasis || Male infertility with azoospermia or oligozoospermia due to single gene mutation;399805 || 48 || 498359 || 586 || 60033 || 700124;True
CFTR;P13569;5616;RHEA:28695;;;6;1;5;Aquagenic palmoplantar keratoderma || Autosomal recessive hereditary chronic pancreatitis || Congenital bilateral absence of vas deferens || Cystic fibrosis || Idiopathic bronchiectasis || Male infertility with azoospermia or oligozoospermia due to single gene mutation;399805 || 48 || 498359 || 586 || 60033 || 700124;True
CFTR;P13569;5616;RHEA:29823;;;6;1;5;Aquagenic palmoplantar keratoderma || Autosomal recessive hereditary chronic pancreatitis || Congenital bilateral absence of vas deferens || Cystic fibrosis || Idiopathic bronchiectasis || Male infertility with azoospermia or oligozoospermia due to single gene mutation;399805 || 48 || 498359 || 586 || 60033 || 700124;True
CHAT;P28329;2316;RHEA:18821;;;1;0;1;Presynaptic congenital myasthenic syndromes;98914;False
CHEK2;O96017;27111;RHEA:17989;mg(2+);;5;1;4;Familial colorectal cancer Type X || Familial prostate cancer || Hereditary breast and/or ovarian cancer syndrome || Li-Fraumeni syndrome || Osteosarcoma;1331 || 145 || 440437 || 524 || 668;True
CHEK2;O96017;27111;RHEA:46608;mg(2+);;5;1;4;Familial colorectal cancer Type X || Familial prostate cancer || Hereditary breast and/or ovarian cancer syndrome || Li-Fraumeni syndrome || Osteosarcoma;1331 || 145 || 440437 || 524 || 668;True
CHKA;P35790;27132;RHEA:10596;;;1;1;0;Autosomal recessive non-syndromic intellectual disability;88616;False
CHKA;P35790;27132;RHEA:12837;;;1;1;0;Autosomal recessive non-syndromic intellectual disability;88616;False
CHKA;P35790;27132;RHEA:13069;;;1;1;0;Autosomal recessive non-syndromic intellectual disability;88616;False
CHKA;P35790;27182;RHEA:10596;;;1;1;0;Autosomal recessive non-syndromic intellectual disability;88616;False
CHKA;P35790;27182;RHEA:12837;;;1;1;0;Autosomal recessive non-syndromic intellectual disability;88616;False
CHKA;P35790;27182;RHEA:13069;;;1;1;0;Autosomal recessive non-syndromic intellectual disability;88616;False
CHKB;Q9Y259;27132;RHEA:12837;;;2;2;0;Megaconial congenital muscular dystrophy || Proximal myopathy with focal depletion of mitochondria;280671 || 521305;False
CHKB;Q9Y259;27132;RHEA:13069;;;2;2;0;Megaconial congenital muscular dystrophy || Proximal myopathy with focal depletion of mitochondria;280671 || 521305;False
CHKB;Q9Y259;27182;RHEA:12837;;;2;2;0;Megaconial congenital muscular dystrophy || Proximal myopathy with focal depletion of mitochondria;280671 || 521305;False
CHKB;Q9Y259;27182;RHEA:13069;;;2;2;0;Megaconial congenital muscular dystrophy || Proximal myopathy with focal depletion of mitochondria;280671 || 521305;False
CHST14;Q8NCH0;28235;RHEA:48052;;;1;0;1;Musculocontractural Ehlers-Danlos syndrome;2953;False
CHST3;Q7LGC8;28217;RHEA:11108;;;1;0;1;CHST3-related skeletal dysplasia;263463;False
CHST3;Q7LGC8;28221;RHEA:11108;;;1;0;1;CHST3-related skeletal dysplasia;263463;False
CHSY1;Q86X52;241175;RHEA:20800;"cd(2+);co(2+);mn(2+)";;1;0;1;Temtamy preaxial brachydactyly syndrome;363417;False
CHSY1;Q86X52;241175;RHEA:23428;"cd(2+);co(2+);mn(2+)";;1;0;1;Temtamy preaxial brachydactyly syndrome;363417;False
CHSY1;Q86X52;241175;RHEA:54996;"cd(2+);co(2+);mn(2+)";;1;0;1;Temtamy preaxial brachydactyly syndrome;363417;False
CHSY1;Q86X52;241175;RHEA:55000;"cd(2+);co(2+);mn(2+)";;1;0;1;Temtamy preaxial brachydactyly syndrome;363417;False
CHSY1;Q86X52;241226;RHEA:20800;"cd(2+);co(2+);mn(2+)";;1;0;1;Temtamy preaxial brachydactyly syndrome;363417;False
CHSY1;Q86X52;241226;RHEA:23428;"cd(2+);co(2+);mn(2+)";;1;0;1;Temtamy preaxial brachydactyly syndrome;363417;False
CHSY1;Q86X52;241226;RHEA:54996;"cd(2+);co(2+);mn(2+)";;1;0;1;Temtamy preaxial brachydactyly syndrome;363417;False
CHSY1;Q86X52;241226;RHEA:55000;"cd(2+);co(2+);mn(2+)";;1;0;1;Temtamy preaxial brachydactyly syndrome;363417;False
CHUK;O15111;271110;RHEA:19073;;;2;2;0;Combined immunodeficiency-hypogammaglobulinemia-skeletal anomalies syndrome due to IKBKA deficiency || Fetal encasement syndrome;465824 || 697403;False
CILK1;Q9UPZ9;27111;RHEA:17989;mg(2+);;2;1;1;Endocrine-cerebro-osteodysplasia syndrome || Juvenile myoclonic epilepsy;199332 || 307;True
CILK1;Q9UPZ9;27111;RHEA:46608;mg(2+);;2;1;1;Endocrine-cerebro-osteodysplasia syndrome || Juvenile myoclonic epilepsy;199332 || 307;True
CIT;O14578;27111;RHEA:17989;;;1;0;1;Autosomal recessive primary microcephaly;2512;False
CIT;O14578;27111;RHEA:46608;;;1;0;1;Autosomal recessive primary microcephaly;2512;False
CLP1;Q92989;27178;RHEA:15669;"mg(2+);mn(2+);ni(2+)";;1;0;1;Pontocerebellar hypoplasia type 10;411493;False
CLP1;Q92989;27178;RHEA:54580;"mg(2+);mn(2+);ni(2+)";;1;0;1;Pontocerebellar hypoplasia type 10;411493;False
CMPK2;Q5EBM0;27414;RHEA:11600;;;1;0;1;Bilateral striopallidodentate calcinosis;1980;False
CMPK2;Q5EBM0;27414;RHEA:18113;;;1;0;1;Bilateral striopallidodentate calcinosis;1980;False
CMPK2;Q5EBM0;27414;RHEA:25094;;;1;0;1;Bilateral striopallidodentate calcinosis;1980;False
CMPK2;Q5EBM0;27414;RHEA:44640;;;1;0;1;Bilateral striopallidodentate calcinosis;1980;False
CMPK2;Q5EBM0;2746;RHEA:11600;;;1;0;1;Bilateral striopallidodentate calcinosis;1980;False
CMPK2;Q5EBM0;2746;RHEA:18113;;;1;0;1;Bilateral striopallidodentate calcinosis;1980;False
CMPK2;Q5EBM0;2746;RHEA:25094;;;1;0;1;Bilateral striopallidodentate calcinosis;1980;False
CMPK2;Q5EBM0;2746;RHEA:44640;;;1;0;1;Bilateral striopallidodentate calcinosis;1980;False
COASY;Q13057;27124;RHEA:18245;;;1;0;1;COASY protein-associated neurodegeneration;397725;False
COASY;Q13057;27124;RHEA:19801;;;1;0;1;COASY protein-associated neurodegeneration;397725;False
COASY;Q13057;2773;RHEA:18245;;;1;0;1;COASY protein-associated neurodegeneration;397725;False
COASY;Q13057;2773;RHEA:19801;;;1;0;1;COASY protein-associated neurodegeneration;397725;False
COLGALT1;Q8NBJ5;24150;RHEA:12637;;;1;1;0;Familial porencephaly;99810;False
COMT;P21964;2116;RHEA:17877;mg(2+);;1;0;1;22q11.2 deletion syndrome;567;False
COMT;P21964;2116;RHEA:53088;mg(2+);;1;0;1;22q11.2 deletion syndrome;567;False
COMT;P21964;2116;RHEA:53092;mg(2+);;1;0;1;22q11.2 deletion syndrome;567;False
COMT;P21964;2116;RHEA:53096;mg(2+);;1;0;1;22q11.2 deletion syndrome;567;False
COMT;P21964;2116;RHEA:53100;mg(2+);;1;0;1;22q11.2 deletion syndrome;567;False
COMT;P21964;2116;RHEA:53104;mg(2+);;1;0;1;22q11.2 deletion syndrome;567;False
COMT;P21964;2116;RHEA:53108;mg(2+);;1;0;1;22q11.2 deletion syndrome;567;False
COQ2;Q96H96;25139;RHEA:17709;mg(2+);;2;0;2;Multiple system atrophy, cerebellar type || Multiple system atrophy, parkinsonian type;227510 || 98933;False
COQ2;Q96H96;25139;RHEA:44504;mg(2+);;2;0;2;Multiple system atrophy, cerebellar type || Multiple system atrophy, parkinsonian type;227510 || 98933;False
COQ2;Q96H96;25139;RHEA:44564;mg(2+);;2;0;2;Multiple system atrophy, cerebellar type || Multiple system atrophy, parkinsonian type;227510 || 98933;False
COQ4;Q9Y3A0;411130;RHEA:81275;zn(2+);"cofactor biosynthesis;ubiquinone biosynthesis";1;1;0;Neonatal encephalomyopathy-cardiomyopathy-respiratory distress syndrome;457185;False
COQ6;Q9Y2Z9;1141545;RHEA:81259;fad;;2;1;1;Familial steroid-resistant nephrotic syndrome with sensorineural deafness || Full schwannomatosis;280406 || 93921;True
COQ6;Q9Y2Z9;1141545;RHEA:81295;fad;;2;1;1;Familial steroid-resistant nephrotic syndrome with sensorineural deafness || Full schwannomatosis;280406 || 93921;True
COQ6;Q9Y2Z9;1141546;RHEA:81259;fad;;2;1;1;Familial steroid-resistant nephrotic syndrome with sensorineural deafness || Full schwannomatosis;280406 || 93921;True
COQ6;Q9Y2Z9;1141546;RHEA:81295;fad;;2;1;1;Familial steroid-resistant nephrotic syndrome with sensorineural deafness || Full schwannomatosis;280406 || 93921;True
COQ7;Q99807;11413253;RHEA:81211;fe cation;"cofactor biosynthesis;ubiquinone biosynthesis";2;2;0;COQ7-related distal hereditary motor neuropathy || Encephalopathy-hypertrophic cardiomyopathy-renal tubular disease syndrome;319678 || 658778;False
COX10;Q12887;251141;RHEA:28070;;;1;1;0;Isolated cytochrome C oxidase deficiency;254905;False
COX15;Q7KZN9;117999;RHEA:63388;heme b;"heme a biosynthesis;heme a from heme o: step 1/1;porphyrin-containing compound metabolism";1;1;0;Fatal infantile cytochrome C oxidase deficiency;1561;False
CP;P00450;111127;RHEA:11148;cu(2+);;1;0;1;Aceruloplasminemia;48818;False
CP;P00450;111127;RHEA:16833;cu(2+);;1;0;1;Aceruloplasminemia;48818;False
CP;P00450;111127;RHEA:30083;cu(2+);;1;0;1;Aceruloplasminemia;48818;False
CP;P00450;111127;RHEA:62632;cu(2+);;1;0;1;Aceruloplasminemia;48818;False
CP;P00450;111127;RHEA:78539;cu(2+);;1;0;1;Aceruloplasminemia;48818;False
CP;P00450;11119;RHEA:11148;cu(2+);;1;0;1;Aceruloplasminemia;48818;False
CP;P00450;11119;RHEA:16833;cu(2+);;1;0;1;Aceruloplasminemia;48818;False
CP;P00450;11119;RHEA:30083;cu(2+);;1;0;1;Aceruloplasminemia;48818;False
CP;P00450;11119;RHEA:62632;cu(2+);;1;0;1;Aceruloplasminemia;48818;False
CP;P00450;11119;RHEA:78539;cu(2+);;1;0;1;Aceruloplasminemia;48818;False
CP;P00450;11631;RHEA:11148;cu cation;;1;0;1;Aceruloplasminemia;48818;False
CP;P00450;11631;RHEA:16833;cu(2+);;1;0;1;Aceruloplasminemia;48818;False
CP;P00450;11631;RHEA:30083;cu(2+);;1;0;1;Aceruloplasminemia;48818;False
CP;P00450;11631;RHEA:62632;cu(2+);;1;0;1;Aceruloplasminemia;48818;False
CP;P00450;11631;RHEA:78539;cu(2+);;1;0;1;Aceruloplasminemia;48818;False
CP;P00450;11634;RHEA:11148;cu(2+);;1;0;1;Aceruloplasminemia;48818;False
CP;P00450;11634;RHEA:16833;cu(2+);;1;0;1;Aceruloplasminemia;48818;False
CP;P00450;11634;RHEA:30083;cu(2+);;1;0;1;Aceruloplasminemia;48818;False
CP;P00450;11634;RHEA:62632;cu(2+);;1;0;1;Aceruloplasminemia;48818;False
CP;P00450;11634;RHEA:78539;cu(2+);;1;0;1;Aceruloplasminemia;48818;False
CPOX;P36551;1333;RHEA:18257;;;2;1;1;Harderoporphyria || Hereditary coproporphyria;659672 || 79273;True
CPS1;P31327;63416;RHEA:18029;;;1;0;1;Carbamoyl-phosphate synthetase 1 deficiency;147;False
CPT1C;Q8TCG5;31222;RHEA:19233;;;1;0;1;Autosomal dominant spastic paraplegia type 73;444099;False
CPT2;P23786;23121;RHEA:12661;;;4;1;3;Acute necrotizing encephalopathy of childhood || Carnitine palmitoyl transferase II deficiency, myopathic form || Carnitine palmitoyl transferase II deficiency, neonatal form || Carnitine palmitoyl transferase II deficiency, severe infantile form;228302 || 228305 || 228308 || 263524;True
CPT2;P23786;23121;RHEA:17177;;;4;1;3;Acute necrotizing encephalopathy of childhood || Carnitine palmitoyl transferase II deficiency, myopathic form || Carnitine palmitoyl transferase II deficiency, neonatal form || Carnitine palmitoyl transferase II deficiency, severe infantile form;228302 || 228305 || 228308 || 263524;True
CPT2;P23786;23121;RHEA:40279;;;4;1;3;Acute necrotizing encephalopathy of childhood || Carnitine palmitoyl transferase II deficiency, myopathic form || Carnitine palmitoyl transferase II deficiency, neonatal form || Carnitine palmitoyl transferase II deficiency, severe infantile form;228302 || 228305 || 228308 || 263524;True
CPT2;P23786;23121;RHEA:44828;;;4;1;3;Acute necrotizing encephalopathy of childhood || Carnitine palmitoyl transferase II deficiency, myopathic form || Carnitine palmitoyl transferase II deficiency, neonatal form || Carnitine palmitoyl transferase II deficiency, severe infantile form;228302 || 228305 || 228308 || 263524;True
CPT2;P23786;23121;RHEA:44832;;;4;1;3;Acute necrotizing encephalopathy of childhood || Carnitine palmitoyl transferase II deficiency, myopathic form || Carnitine palmitoyl transferase II deficiency, neonatal form || Carnitine palmitoyl transferase II deficiency, severe infantile form;228302 || 228305 || 228308 || 263524;True
CPT2;P23786;23121;RHEA:44840;;;4;1;3;Acute necrotizing encephalopathy of childhood || Carnitine palmitoyl transferase II deficiency, myopathic form || Carnitine palmitoyl transferase II deficiency, neonatal form || Carnitine palmitoyl transferase II deficiency, severe infantile form;228302 || 228305 || 228308 || 263524;True
CPT2;P23786;23121;RHEA:44844;;;4;1;3;Acute necrotizing encephalopathy of childhood || Carnitine palmitoyl transferase II deficiency, myopathic form || Carnitine palmitoyl transferase II deficiency, neonatal form || Carnitine palmitoyl transferase II deficiency, severe infantile form;228302 || 228305 || 228308 || 263524;True
CPT2;P23786;23121;RHEA:44848;;;4;1;3;Acute necrotizing encephalopathy of childhood || Carnitine palmitoyl transferase II deficiency, myopathic form || Carnitine palmitoyl transferase II deficiency, neonatal form || Carnitine palmitoyl transferase II deficiency, severe infantile form;228302 || 228305 || 228308 || 263524;True
CPT2;P23786;23121;RHEA:44852;;;4;1;3;Acute necrotizing encephalopathy of childhood || Carnitine palmitoyl transferase II deficiency, myopathic form || Carnitine palmitoyl transferase II deficiency, neonatal form || Carnitine palmitoyl transferase II deficiency, severe infantile form;228302 || 228305 || 228308 || 263524;True
CPT2;P23786;23121;RHEA:44856;;;4;1;3;Acute necrotizing encephalopathy of childhood || Carnitine palmitoyl transferase II deficiency, myopathic form || Carnitine palmitoyl transferase II deficiency, neonatal form || Carnitine palmitoyl transferase II deficiency, severe infantile form;228302 || 228305 || 228308 || 263524;True
CPT2;P23786;23121;RHEA:44860;;;4;1;3;Acute necrotizing encephalopathy of childhood || Carnitine palmitoyl transferase II deficiency, myopathic form || Carnitine palmitoyl transferase II deficiency, neonatal form || Carnitine palmitoyl transferase II deficiency, severe infantile form;228302 || 228305 || 228308 || 263524;True
CRPPA;A4D126;27740;RHEA:12456;;;4;0;4;Congenital muscular dystrophy without intellectual disability || ISPD-related limb-girdle muscular dystrophy R20 || Muscle-eye-brain disease || Walker-Warburg syndrome;352479 || 370980 || 588 || 899;False
CRPPA;A4D126;27740;RHEA:53612;;;4;0;4;Congenital muscular dystrophy without intellectual disability || ISPD-related limb-girdle muscular dystrophy R20 || Muscle-eye-brain disease || Walker-Warburg syndrome;352479 || 370980 || 588 || 899;False
CRPPA;A4D126;27740;RHEA:53872;;;4;0;4;Congenital muscular dystrophy without intellectual disability || ISPD-related limb-girdle muscular dystrophy R20 || Muscle-eye-brain disease || Walker-Warburg syndrome;352479 || 370980 || 588 || 899;False
CRYM;Q14894;1511;RHEA:12500;;;1;1;0;Rare autosomal dominant non-syndromic sensorineural deafness type DFNA;90635;False
CRYM;Q14894;1511;RHEA:12504;;;1;1;0;Rare autosomal dominant non-syndromic sensorineural deafness type DFNA;90635;False
CRYM;Q14894;1511;RHEA:12524;;;1;1;0;Rare autosomal dominant non-syndromic sensorineural deafness type DFNA;90635;False
CRYM;Q14894;1511;RHEA:20317;;;1;1;0;Rare autosomal dominant non-syndromic sensorineural deafness type DFNA;90635;False
CRYM;Q14894;1511;RHEA:20321;;;1;1;0;Rare autosomal dominant non-syndromic sensorineural deafness type DFNA;90635;False
CRYM;Q14894;1511;RHEA:30807;;;1;1;0;Rare autosomal dominant non-syndromic sensorineural deafness type DFNA;90635;False
CRYM;Q14894;1511;RHEA:68032;;;1;1;0;Rare autosomal dominant non-syndromic sensorineural deafness type DFNA;90635;False
CRYM;Q14894;1511;RHEA:68036;;;1;1;0;Rare autosomal dominant non-syndromic sensorineural deafness type DFNA;90635;False
CRYM;Q14894;1511;RHEA:68040;;;1;1;0;Rare autosomal dominant non-syndromic sensorineural deafness type DFNA;90635;False
CRYM;Q14894;1511;RHEA:68072;;;1;1;0;Rare autosomal dominant non-syndromic sensorineural deafness type DFNA;90635;False
CRYM;Q14894;15125;RHEA:12500;;;1;1;0;Rare autosomal dominant non-syndromic sensorineural deafness type DFNA;90635;False
CRYM;Q14894;15125;RHEA:12504;;;1;1;0;Rare autosomal dominant non-syndromic sensorineural deafness type DFNA;90635;False
CRYM;Q14894;15125;RHEA:12524;;;1;1;0;Rare autosomal dominant non-syndromic sensorineural deafness type DFNA;90635;False
CRYM;Q14894;15125;RHEA:20317;;;1;1;0;Rare autosomal dominant non-syndromic sensorineural deafness type DFNA;90635;False
CRYM;Q14894;15125;RHEA:20321;;;1;1;0;Rare autosomal dominant non-syndromic sensorineural deafness type DFNA;90635;False
CRYM;Q14894;15125;RHEA:30807;;;1;1;0;Rare autosomal dominant non-syndromic sensorineural deafness type DFNA;90635;False
CRYM;Q14894;15125;RHEA:68032;;;1;1;0;Rare autosomal dominant non-syndromic sensorineural deafness type DFNA;90635;False
CRYM;Q14894;15125;RHEA:68036;;;1;1;0;Rare autosomal dominant non-syndromic sensorineural deafness type DFNA;90635;False
CRYM;Q14894;15125;RHEA:68040;;;1;1;0;Rare autosomal dominant non-syndromic sensorineural deafness type DFNA;90635;False
CRYM;Q14894;15125;RHEA:68072;;;1;1;0;Rare autosomal dominant non-syndromic sensorineural deafness type DFNA;90635;False
CSF1R;P07333;27101;RHEA:10596;ca(2+);;2;2;0;Adult-onset leukoencephalopathy with axonal spheroids and pigmented glia || Early-onset calcifying leukoencephalopathy-skeletal dysplasia;313808 || 556985;False
CSF1R;P07333;27101;RHEA:10596;mg(2+);;2;2;0;Adult-onset leukoencephalopathy with axonal spheroids and pigmented glia || Early-onset calcifying leukoencephalopathy-skeletal dysplasia;313808 || 556985;False
CSGALNACT1;Q8TDX6;241174;RHEA:23464;;;1;0;1;Desbuquois syndrome;1425;False
CSNK1D;P48730;27111;RHEA:12801;;;1;1;0;Familial advanced sleep-phase syndrome;164736;False
CSNK1D;P48730;27111;RHEA:17989;;;1;1;0;Familial advanced sleep-phase syndrome;164736;False
CSNK1D;P48730;27111;RHEA:46608;;;1;1;0;Familial advanced sleep-phase syndrome;164736;False
CSNK1D;P48730;27111;RHEA:53904;;;1;1;0;Familial advanced sleep-phase syndrome;164736;False
CSNK1D;P48730;271126;RHEA:12801;;;1;1;0;Familial advanced sleep-phase syndrome;164736;False
CSNK1D;P48730;271126;RHEA:17989;;;1;1;0;Familial advanced sleep-phase syndrome;164736;False
CSNK1D;P48730;271126;RHEA:46608;;;1;1;0;Familial advanced sleep-phase syndrome;164736;False
CSNK1D;P48730;271126;RHEA:53904;;;1;1;0;Familial advanced sleep-phase syndrome;164736;False
CSNK2A1;P68400;27111;RHEA:17989;;;1;1;0;Non-specific syndromic intellectual disability;528084;False
CSNK2A1;P68400;27111;RHEA:46608;;;1;1;0;Non-specific syndromic intellectual disability;528084;False
CTDP1;Q9Y5B0;31316;RHEA:20629;;;1;0;1;Congenital cataracts-facial dysmorphism-neuropathy syndrome;48431;False
CTDP1;Q9Y5B0;31316;RHEA:47004;;;1;0;1;Congenital cataracts-facial dysmorphism-neuropathy syndrome;48431;False
CTH;P32929;4411;RHEA:14005;pyridoxal 5'-phosphate;;1;0;1;Cystathioninuria;212;False
CTH;P32929;4411;RHEA:14501;pyridoxal 5'-phosphate;;1;0;1;Cystathioninuria;212;False
CTH;P32929;4411;RHEA:24923;pyridoxal 5'-phosphate;;1;0;1;Cystathioninuria;212;False
CTH;P32929;4411;RHEA:24931;pyridoxal 5'-phosphate;;1;0;1;Cystathioninuria;212;False
CTH;P32929;4411;RHEA:31151;pyridoxal 5'-phosphate;;1;0;1;Cystathioninuria;212;False
CTH;P32929;4412;RHEA:14005;pyridoxal 5'-phosphate;;1;0;1;Cystathioninuria;212;False
CTH;P32929;4412;RHEA:14501;pyridoxal 5'-phosphate;;1;0;1;Cystathioninuria;212;False
CTH;P32929;4412;RHEA:24923;pyridoxal 5'-phosphate;;1;0;1;Cystathioninuria;212;False
CTH;P32929;4412;RHEA:24931;pyridoxal 5'-phosphate;;1;0;1;Cystathioninuria;212;False
CTH;P32929;4412;RHEA:31151;pyridoxal 5'-phosphate;;1;0;1;Cystathioninuria;212;False
CTPS1;P17812;6342;RHEA:26426;;;1;1;0;Severe combined immunodeficiency due to CTPS1 deficiency;420573;False
CYB5R3;P00387;1622;RHEA:46680;fad;;1;0;1;Autosomal recessive methemoglobinemia;621;False
CYC1;P08574;7118;RHEA:11484;[2fe-2s] cluster;;1;1;0;Isolated complex III deficiency;1460;False
CYC1;P08574;7118;RHEA:11484;heme c;;1;1;0;Isolated complex III deficiency;1460;False
CYP11A1;P05108;114156;RHEA:34335;heme;;2;0;2;46,XY difference of sex development-adrenal insufficiency due to CYP11A1 deficiency || Inherited isolated adrenal insufficiency due to partial CYP11A1 deficiency;168558 || 289548;False
CYP11A1;P05108;114156;RHEA:34339;heme;;2;0;2;46,XY difference of sex development-adrenal insufficiency due to CYP11A1 deficiency || Inherited isolated adrenal insufficiency due to partial CYP11A1 deficiency;168558 || 289548;False
CYP11A1;P05108;114156;RHEA:34343;heme;;2;0;2;46,XY difference of sex development-adrenal insufficiency due to CYP11A1 deficiency || Inherited isolated adrenal insufficiency due to partial CYP11A1 deficiency;168558 || 289548;False
CYP11A1;P05108;114156;RHEA:35739;heme;;2;0;2;46,XY difference of sex development-adrenal insufficiency due to CYP11A1 deficiency || Inherited isolated adrenal insufficiency due to partial CYP11A1 deficiency;168558 || 289548;False
CYP11B1;P15538;114154;RHEA:15629;heme;;2;0;2;Congenital adrenal hyperplasia due to 11-beta-hydroxylase deficiency || Familial hyperaldosteronism type I;403 || 90795;False
CYP11B1;P15538;114154;RHEA:46100;heme;;2;0;2;Congenital adrenal hyperplasia due to 11-beta-hydroxylase deficiency || Familial hyperaldosteronism type I;403 || 90795;False
CYP11B1;P15538;114154;RHEA:46104;heme;;2;0;2;Congenital adrenal hyperplasia due to 11-beta-hydroxylase deficiency || Familial hyperaldosteronism type I;403 || 90795;False
CYP11B2;P19099;114154;RHEA:11872;heme;;2;0;2;Early-onset familial hypoaldosteronism || Familial hyperaldosteronism type I;403 || 556030;False
CYP11B2;P19099;114154;RHEA:15629;heme;;2;0;2;Early-onset familial hypoaldosteronism || Familial hyperaldosteronism type I;403 || 556030;False
CYP11B2;P19099;114154;RHEA:46100;heme;;2;0;2;Early-onset familial hypoaldosteronism || Familial hyperaldosteronism type I;403 || 556030;False
CYP11B2;P19099;114154;RHEA:46104;heme;;2;0;2;Early-onset familial hypoaldosteronism || Familial hyperaldosteronism type I;403 || 556030;False
CYP11B2;P19099;114154;RHEA:50792;heme;;2;0;2;Early-onset familial hypoaldosteronism || Familial hyperaldosteronism type I;403 || 556030;False
CYP11B2;P19099;114154;RHEA:76019;heme;;2;0;2;Early-onset familial hypoaldosteronism || Familial hyperaldosteronism type I;403 || 556030;False
CYP11B2;P19099;114154;RHEA:76023;heme;;2;0;2;Early-onset familial hypoaldosteronism || Familial hyperaldosteronism type I;403 || 556030;False
CYP11B2;P19099;114154;RHEA:76151;heme;;2;0;2;Early-onset familial hypoaldosteronism || Familial hyperaldosteronism type I;403 || 556030;False
CYP11B2;P19099;114155;RHEA:11872;heme;;2;0;2;Early-onset familial hypoaldosteronism || Familial hyperaldosteronism type I;403 || 556030;False
CYP11B2;P19099;114155;RHEA:15629;heme;;2;0;2;Early-onset familial hypoaldosteronism || Familial hyperaldosteronism type I;403 || 556030;False
CYP11B2;P19099;114155;RHEA:46100;heme;;2;0;2;Early-onset familial hypoaldosteronism || Familial hyperaldosteronism type I;403 || 556030;False
CYP11B2;P19099;114155;RHEA:46104;heme;;2;0;2;Early-onset familial hypoaldosteronism || Familial hyperaldosteronism type I;403 || 556030;False
CYP11B2;P19099;114155;RHEA:50792;heme;;2;0;2;Early-onset familial hypoaldosteronism || Familial hyperaldosteronism type I;403 || 556030;False
CYP11B2;P19099;114155;RHEA:76019;heme;;2;0;2;Early-onset familial hypoaldosteronism || Familial hyperaldosteronism type I;403 || 556030;False
CYP11B2;P19099;114155;RHEA:76023;heme;;2;0;2;Early-onset familial hypoaldosteronism || Familial hyperaldosteronism type I;403 || 556030;False
CYP11B2;P19099;114155;RHEA:76151;heme;;2;0;2;Early-onset familial hypoaldosteronism || Familial hyperaldosteronism type I;403 || 556030;False
CYP17A1;P05093;1141419;RHEA:14753;heme;;2;0;2;46,XY difference of sex development due to isolated 17,20-lyase deficiency || Congenital adrenal hyperplasia due to 17-alpha-hydroxylase deficiency;90793 || 90796;False
CYP17A1;P05093;1141419;RHEA:46308;heme;;2;0;2;46,XY difference of sex development due to isolated 17,20-lyase deficiency || Congenital adrenal hyperplasia due to 17-alpha-hydroxylase deficiency;90793 || 90796;False
CYP17A1;P05093;1141419;RHEA:47220;heme;;2;0;2;46,XY difference of sex development due to isolated 17,20-lyase deficiency || Congenital adrenal hyperplasia due to 17-alpha-hydroxylase deficiency;90793 || 90796;False
CYP17A1;P05093;1141419;RHEA:50236;heme;;2;0;2;46,XY difference of sex development due to isolated 17,20-lyase deficiency || Congenital adrenal hyperplasia due to 17-alpha-hydroxylase deficiency;90793 || 90796;False
CYP17A1;P05093;1141419;RHEA:50244;heme;;2;0;2;46,XY difference of sex development due to isolated 17,20-lyase deficiency || Congenital adrenal hyperplasia due to 17-alpha-hydroxylase deficiency;90793 || 90796;False
CYP17A1;P05093;1141419;RHEA:53216;heme;;2;0;2;46,XY difference of sex development due to isolated 17,20-lyase deficiency || Congenital adrenal hyperplasia due to 17-alpha-hydroxylase deficiency;90793 || 90796;False
CYP17A1;P05093;1141419;RHEA:53220;heme;;2;0;2;46,XY difference of sex development due to isolated 17,20-lyase deficiency || Congenital adrenal hyperplasia due to 17-alpha-hydroxylase deficiency;90793 || 90796;False
CYP17A1;P05093;1141419;RHEA:53224;heme;;2;0;2;46,XY difference of sex development due to isolated 17,20-lyase deficiency || Congenital adrenal hyperplasia due to 17-alpha-hydroxylase deficiency;90793 || 90796;False
CYP17A1;P05093;1141419;RHEA:53228;heme;;2;0;2;46,XY difference of sex development due to isolated 17,20-lyase deficiency || Congenital adrenal hyperplasia due to 17-alpha-hydroxylase deficiency;90793 || 90796;False
CYP17A1;P05093;1141419;RHEA:65760;heme;;2;0;2;46,XY difference of sex development due to isolated 17,20-lyase deficiency || Congenital adrenal hyperplasia due to 17-alpha-hydroxylase deficiency;90793 || 90796;False
CYP17A1;P05093;1141432;RHEA:14753;heme;;2;0;2;46,XY difference of sex development due to isolated 17,20-lyase deficiency || Congenital adrenal hyperplasia due to 17-alpha-hydroxylase deficiency;90793 || 90796;False
CYP17A1;P05093;1141432;RHEA:46308;heme;;2;0;2;46,XY difference of sex development due to isolated 17,20-lyase deficiency || Congenital adrenal hyperplasia due to 17-alpha-hydroxylase deficiency;90793 || 90796;False
CYP17A1;P05093;1141432;RHEA:47220;heme;;2;0;2;46,XY difference of sex development due to isolated 17,20-lyase deficiency || Congenital adrenal hyperplasia due to 17-alpha-hydroxylase deficiency;90793 || 90796;False
CYP17A1;P05093;1141432;RHEA:50236;heme;;2;0;2;46,XY difference of sex development due to isolated 17,20-lyase deficiency || Congenital adrenal hyperplasia due to 17-alpha-hydroxylase deficiency;90793 || 90796;False
CYP17A1;P05093;1141432;RHEA:50244;heme;;2;0;2;46,XY difference of sex development due to isolated 17,20-lyase deficiency || Congenital adrenal hyperplasia due to 17-alpha-hydroxylase deficiency;90793 || 90796;False
CYP17A1;P05093;1141432;RHEA:53216;heme;;2;0;2;46,XY difference of sex development due to isolated 17,20-lyase deficiency || Congenital adrenal hyperplasia due to 17-alpha-hydroxylase deficiency;90793 || 90796;False
CYP17A1;P05093;1141432;RHEA:53220;heme;;2;0;2;46,XY difference of sex development due to isolated 17,20-lyase deficiency || Congenital adrenal hyperplasia due to 17-alpha-hydroxylase deficiency;90793 || 90796;False
CYP17A1;P05093;1141432;RHEA:53224;heme;;2;0;2;46,XY difference of sex development due to isolated 17,20-lyase deficiency || Congenital adrenal hyperplasia due to 17-alpha-hydroxylase deficiency;90793 || 90796;False
CYP17A1;P05093;1141432;RHEA:53228;heme;;2;0;2;46,XY difference of sex development due to isolated 17,20-lyase deficiency || Congenital adrenal hyperplasia due to 17-alpha-hydroxylase deficiency;90793 || 90796;False
CYP17A1;P05093;1141432;RHEA:65760;heme;;2;0;2;46,XY difference of sex development due to isolated 17,20-lyase deficiency || Congenital adrenal hyperplasia due to 17-alpha-hydroxylase deficiency;90793 || 90796;False
CYP19A1;P11511;1141414;RHEA:38191;heme;;2;0;2;Aromatase deficiency || Aromatase excess syndrome;178345 || 91;False
CYP19A1;P11511;1141414;RHEA:38195;heme;;2;0;2;Aromatase deficiency || Aromatase excess syndrome;178345 || 91;False
CYP19A1;P11511;1141414;RHEA:38199;heme;;2;0;2;Aromatase deficiency || Aromatase excess syndrome;178345 || 91;False
CYP19A1;P11511;1141414;RHEA:38203;heme;;2;0;2;Aromatase deficiency || Aromatase excess syndrome;178345 || 91;False
CYP19A1;P11511;1141414;RHEA:38207;heme;;2;0;2;Aromatase deficiency || Aromatase excess syndrome;178345 || 91;False
CYP19A1;P11511;1141414;RHEA:47208;heme;;2;0;2;Aromatase deficiency || Aromatase excess syndrome;178345 || 91;False
CYP19A1;P11511;1141414;RHEA:53200;heme;;2;0;2;Aromatase deficiency || Aromatase excess syndrome;178345 || 91;False
CYP19A1;P11511;1141414;RHEA:53204;heme;;2;0;2;Aromatase deficiency || Aromatase excess syndrome;178345 || 91;False
CYP19A1;P11511;1141414;RHEA:53276;heme;;2;0;2;Aromatase deficiency || Aromatase excess syndrome;178345 || 91;False
CYP1B1;Q16678;114141;RHEA:17149;heme;;3;0;3;Congenital glaucoma || Juvenile glaucoma || Peters anomaly;708 || 98976 || 98977;False
CYP1B1;Q16678;114141;RHEA:37947;heme;;3;0;3;Congenital glaucoma || Juvenile glaucoma || Peters anomaly;708 || 98976 || 98977;False
CYP1B1;Q16678;114141;RHEA:42088;heme;;3;0;3;Congenital glaucoma || Juvenile glaucoma || Peters anomaly;708 || 98976 || 98977;False
CYP1B1;Q16678;114141;RHEA:42092;heme;;3;0;3;Congenital glaucoma || Juvenile glaucoma || Peters anomaly;708 || 98976 || 98977;False
CYP1B1;Q16678;114141;RHEA:46296;heme;;3;0;3;Congenital glaucoma || Juvenile glaucoma || Peters anomaly;708 || 98976 || 98977;False
CYP1B1;Q16678;114141;RHEA:47208;heme;;3;0;3;Congenital glaucoma || Juvenile glaucoma || Peters anomaly;708 || 98976 || 98977;False
CYP1B1;Q16678;114141;RHEA:47212;heme;;3;0;3;Congenital glaucoma || Juvenile glaucoma || Peters anomaly;708 || 98976 || 98977;False
CYP1B1;Q16678;114141;RHEA:47252;heme;;3;0;3;Congenital glaucoma || Juvenile glaucoma || Peters anomaly;708 || 98976 || 98977;False
CYP1B1;Q16678;114141;RHEA:47260;heme;;3;0;3;Congenital glaucoma || Juvenile glaucoma || Peters anomaly;708 || 98976 || 98977;False
CYP1B1;Q16678;114141;RHEA:47280;heme;;3;0;3;Congenital glaucoma || Juvenile glaucoma || Peters anomaly;708 || 98976 || 98977;False
CYP1B1;Q16678;114141;RHEA:47292;heme;;3;0;3;Congenital glaucoma || Juvenile glaucoma || Peters anomaly;708 || 98976 || 98977;False
CYP1B1;Q16678;114141;RHEA:48632;heme;;3;0;3;Congenital glaucoma || Juvenile glaucoma || Peters anomaly;708 || 98976 || 98977;False
CYP1B1;Q16678;114141;RHEA:48636;heme;;3;0;3;Congenital glaucoma || Juvenile glaucoma || Peters anomaly;708 || 98976 || 98977;False
CYP1B1;Q16678;114141;RHEA:48716;heme;;3;0;3;Congenital glaucoma || Juvenile glaucoma || Peters anomaly;708 || 98976 || 98977;False
CYP1B1;Q16678;114141;RHEA:49860;heme;;3;0;3;Congenital glaucoma || Juvenile glaucoma || Peters anomaly;708 || 98976 || 98977;False
CYP1B1;Q16678;114141;RHEA:49876;heme;;3;0;3;Congenital glaucoma || Juvenile glaucoma || Peters anomaly;708 || 98976 || 98977;False
CYP1B1;Q16678;114141;RHEA:49880;heme;;3;0;3;Congenital glaucoma || Juvenile glaucoma || Peters anomaly;708 || 98976 || 98977;False
CYP1B1;Q16678;114141;RHEA:49884;heme;;3;0;3;Congenital glaucoma || Juvenile glaucoma || Peters anomaly;708 || 98976 || 98977;False
CYP1B1;Q16678;421152;RHEA:17149;heme;;3;0;3;Congenital glaucoma || Juvenile glaucoma || Peters anomaly;708 || 98976 || 98977;False
CYP1B1;Q16678;421152;RHEA:37947;heme;;3;0;3;Congenital glaucoma || Juvenile glaucoma || Peters anomaly;708 || 98976 || 98977;False
CYP1B1;Q16678;421152;RHEA:42088;heme;;3;0;3;Congenital glaucoma || Juvenile glaucoma || Peters anomaly;708 || 98976 || 98977;False
CYP1B1;Q16678;421152;RHEA:42092;heme;;3;0;3;Congenital glaucoma || Juvenile glaucoma || Peters anomaly;708 || 98976 || 98977;False
CYP1B1;Q16678;421152;RHEA:46296;heme;;3;0;3;Congenital glaucoma || Juvenile glaucoma || Peters anomaly;708 || 98976 || 98977;False
CYP1B1;Q16678;421152;RHEA:47208;heme;;3;0;3;Congenital glaucoma || Juvenile glaucoma || Peters anomaly;708 || 98976 || 98977;False
CYP1B1;Q16678;421152;RHEA:47212;heme;;3;0;3;Congenital glaucoma || Juvenile glaucoma || Peters anomaly;708 || 98976 || 98977;False
CYP1B1;Q16678;421152;RHEA:47252;heme;;3;0;3;Congenital glaucoma || Juvenile glaucoma || Peters anomaly;708 || 98976 || 98977;False
CYP1B1;Q16678;421152;RHEA:47260;heme;;3;0;3;Congenital glaucoma || Juvenile glaucoma || Peters anomaly;708 || 98976 || 98977;False
CYP1B1;Q16678;421152;RHEA:47280;heme;;3;0;3;Congenital glaucoma || Juvenile glaucoma || Peters anomaly;708 || 98976 || 98977;False
CYP1B1;Q16678;421152;RHEA:47292;heme;;3;0;3;Congenital glaucoma || Juvenile glaucoma || Peters anomaly;708 || 98976 || 98977;False
CYP1B1;Q16678;421152;RHEA:48632;heme;;3;0;3;Congenital glaucoma || Juvenile glaucoma || Peters anomaly;708 || 98976 || 98977;False
CYP1B1;Q16678;421152;RHEA:48636;heme;;3;0;3;Congenital glaucoma || Juvenile glaucoma || Peters anomaly;708 || 98976 || 98977;False
CYP1B1;Q16678;421152;RHEA:48716;heme;;3;0;3;Congenital glaucoma || Juvenile glaucoma || Peters anomaly;708 || 98976 || 98977;False
CYP1B1;Q16678;421152;RHEA:49860;heme;;3;0;3;Congenital glaucoma || Juvenile glaucoma || Peters anomaly;708 || 98976 || 98977;False
CYP1B1;Q16678;421152;RHEA:49876;heme;;3;0;3;Congenital glaucoma || Juvenile glaucoma || Peters anomaly;708 || 98976 || 98977;False
CYP1B1;Q16678;421152;RHEA:49880;heme;;3;0;3;Congenital glaucoma || Juvenile glaucoma || Peters anomaly;708 || 98976 || 98977;False
CYP1B1;Q16678;421152;RHEA:49884;heme;;3;0;3;Congenital glaucoma || Juvenile glaucoma || Peters anomaly;708 || 98976 || 98977;False
CYP21A2;P08686;1141416;RHEA:50304;heme b;;2;2;0;Classic congenital adrenal hyperplasia due to 21-hydroxylase deficiency, salt wasting form || Classic congenital adrenal hyperplasia due to 21-hydroxylase deficiency, simple virilizing form;315306 || 315311;False
CYP21A2;P08686;1141416;RHEA:50308;heme b;;2;2;0;Classic congenital adrenal hyperplasia due to 21-hydroxylase deficiency, salt wasting form || Classic congenital adrenal hyperplasia due to 21-hydroxylase deficiency, simple virilizing form;315306 || 315311;False
CYP24A1;Q07973;1141516;RHEA:24964;heme;;1;1;0;Autosomal recessive infantile hypercalcemia;300547;False
CYP24A1;Q07973;1141516;RHEA:24968;heme;;1;1;0;Autosomal recessive infantile hypercalcemia;300547;False
CYP24A1;Q07973;1141516;RHEA:24972;heme;;1;1;0;Autosomal recessive infantile hypercalcemia;300547;False
CYP24A1;Q07973;1141516;RHEA:24976;heme;;1;1;0;Autosomal recessive infantile hypercalcemia;300547;False
CYP24A1;Q07973;1141516;RHEA:24984;heme;;1;1;0;Autosomal recessive infantile hypercalcemia;300547;False
CYP24A1;Q07973;1141516;RHEA:24988;heme;;1;1;0;Autosomal recessive infantile hypercalcemia;300547;False
CYP24A1;Q07973;1141516;RHEA:46616;heme;;1;1;0;Autosomal recessive infantile hypercalcemia;300547;False
CYP24A1;Q07973;1141516;RHEA:49192;heme;;1;1;0;Autosomal recessive infantile hypercalcemia;300547;False
CYP24A1;Q07973;1141516;RHEA:49196;heme;;1;1;0;Autosomal recessive infantile hypercalcemia;300547;False
CYP24A1;Q07973;1141516;RHEA:49204;heme;;1;1;0;Autosomal recessive infantile hypercalcemia;300547;False
CYP24A1;Q07973;1141516;RHEA:49212;heme;;1;1;0;Autosomal recessive infantile hypercalcemia;300547;False
CYP24A1;Q07973;1141516;RHEA:49268;heme;;1;1;0;Autosomal recessive infantile hypercalcemia;300547;False
CYP24A1;Q07973;1141516;RHEA:49396;heme;;1;1;0;Autosomal recessive infantile hypercalcemia;300547;False
CYP26C1;Q6V0L0;114141;RHEA:17149;heme;;1;0;1;Focal facial dermal dysplasia type IV;398189;False
CYP26C1;Q6V0L0;114141;RHEA:51984;heme;;1;0;1;Focal facial dermal dysplasia type IV;398189;False
CYP26C1;Q6V0L0;114141;RHEA:75847;heme;;1;0;1;Focal facial dermal dysplasia type IV;398189;False
CYP26C1;Q6V0L0;114141;RHEA:75851;heme;;1;0;1;Focal facial dermal dysplasia type IV;398189;False
CYP26C1;Q6V0L0;114141;RHEA:75855;heme;;1;0;1;Focal facial dermal dysplasia type IV;398189;False
CYP26C1;Q6V0L0;114141;RHEA:75859;heme;;1;0;1;Focal facial dermal dysplasia type IV;398189;False
CYP26C1;Q6V0L0;114141;RHEA:75863;heme;;1;0;1;Focal facial dermal dysplasia type IV;398189;False
CYP27A1;Q02318;1141515;RHEA:14373;heme;;1;0;1;Cerebrotendinous xanthomatosis;909;False
CYP27A1;Q02318;1141515;RHEA:34627;heme;;1;0;1;Cerebrotendinous xanthomatosis;909;False
CYP27A1;Q02318;1141515;RHEA:34631;heme;;1;0;1;Cerebrotendinous xanthomatosis;909;False
CYP27A1;Q02318;1141515;RHEA:40231;heme;;1;0;1;Cerebrotendinous xanthomatosis;909;False
CYP27A1;Q02318;1141515;RHEA:45236;heme;;1;0;1;Cerebrotendinous xanthomatosis;909;False
CYP27A1;Q02318;1141515;RHEA:46092;heme;;1;0;1;Cerebrotendinous xanthomatosis;909;False
CYP27A1;Q02318;1141515;RHEA:46400;heme;;1;0;1;Cerebrotendinous xanthomatosis;909;False
CYP27A1;Q02318;1141515;RHEA:46428;heme;;1;0;1;Cerebrotendinous xanthomatosis;909;False
CYP27A1;Q02318;1141515;RHEA:46432;heme;;1;0;1;Cerebrotendinous xanthomatosis;909;False
CYP27A1;Q02318;1141515;RHEA:46436;heme;;1;0;1;Cerebrotendinous xanthomatosis;909;False
CYP27A1;Q02318;1141515;RHEA:46588;heme;;1;0;1;Cerebrotendinous xanthomatosis;909;False
CYP27A1;Q02318;1141515;RHEA:47344;heme;;1;0;1;Cerebrotendinous xanthomatosis;909;False
CYP27A1;Q02318;1141515;RHEA:47376;heme;;1;0;1;Cerebrotendinous xanthomatosis;909;False
CYP27A1;Q02318;1141515;RHEA:47380;heme;;1;0;1;Cerebrotendinous xanthomatosis;909;False
CYP27A1;Q02318;1141515;RHEA:53812;heme;;1;0;1;Cerebrotendinous xanthomatosis;909;False
CYP27B1;O15528;1141518;RHEA:20573;heme;;1;0;1;Hypocalcemic vitamin D-dependent rickets;289157;False
CYP27B1;O15528;1141518;RHEA:49048;heme;;1;0;1;Hypocalcemic vitamin D-dependent rickets;289157;False
CYP27B1;O15528;1141518;RHEA:49064;heme;;1;0;1;Hypocalcemic vitamin D-dependent rickets;289157;False
CYP27B1;O15528;1141518;RHEA:49068;heme;;1;0;1;Hypocalcemic vitamin D-dependent rickets;289157;False
CYP2R1;Q6VVX0;1141424;RHEA:32903;heme;;1;0;1;Hypocalcemic vitamin D-dependent rickets;289157;False
CYP2R1;Q6VVX0;1141424;RHEA:46580;heme;;1;0;1;Hypocalcemic vitamin D-dependent rickets;289157;False
CYP2R1;Q6VVX0;1141424;RHEA:46584;heme;;1;0;1;Hypocalcemic vitamin D-dependent rickets;289157;False
CYP2R1;Q6VVX0;1141424;RHEA:49272;heme;;1;0;1;Hypocalcemic vitamin D-dependent rickets;289157;False
CYP2U1;Q7Z449;1141480;RHEA:39755;heme;;1;0;1;Autosomal recessive spastic paraplegia type 56;320411;False
CYP2U1;Q7Z449;1141480;RHEA:39759;heme;;1;0;1;Autosomal recessive spastic paraplegia type 56;320411;False
CYP2U1;Q7Z449;1141480;RHEA:50296;heme;;1;0;1;Autosomal recessive spastic paraplegia type 56;320411;False
CYP2U1;Q7Z449;1141480;RHEA:56748;heme;;1;0;1;Autosomal recessive spastic paraplegia type 56;320411;False
CYP4F22;Q6NT55;11414177;RHEA:50336;heme;;1;0;1;Lamellar ichthyosis;313;False
CYP4F22;Q6NT55;11414177;RHEA:63376;heme;;1;0;1;Lamellar ichthyosis;313;False
CYP4V2;Q6ZWL3;1141479;RHEA:38947;heme;;1;0;1;Bietti crystalline dystrophy;41751;False
CYP4V2;Q6ZWL3;1141479;RHEA:39791;heme;;1;0;1;Bietti crystalline dystrophy;41751;False
CYP4V2;Q6ZWL3;1141479;RHEA:40155;heme;;1;0;1;Bietti crystalline dystrophy;41751;False
CYP4V2;Q6ZWL3;1141479;RHEA:40199;heme;;1;0;1;Bietti crystalline dystrophy;41751;False
CYP4V2;Q6ZWL3;1141479;RHEA:40203;heme;;1;0;1;Bietti crystalline dystrophy;41751;False
CYP4V2;Q6ZWL3;1141480;RHEA:38947;heme;;1;0;1;Bietti crystalline dystrophy;41751;False
CYP4V2;Q6ZWL3;1141480;RHEA:39791;heme;;1;0;1;Bietti crystalline dystrophy;41751;False
CYP4V2;Q6ZWL3;1141480;RHEA:40155;heme;;1;0;1;Bietti crystalline dystrophy;41751;False
CYP4V2;Q6ZWL3;1141480;RHEA:40199;heme;;1;0;1;Bietti crystalline dystrophy;41751;False
CYP4V2;Q6ZWL3;1141480;RHEA:40203;heme;;1;0;1;Bietti crystalline dystrophy;41751;False
CYP7B1;O75881;1141426;RHEA:19041;heme;;2;0;2;Autosomal recessive spastic paraplegia type 5A || Congenital bile acid synthesis defect type 3;100986 || 79302;False
CYP7B1;O75881;1141426;RHEA:24308;heme;;2;0;2;Autosomal recessive spastic paraplegia type 5A || Congenital bile acid synthesis defect type 3;100986 || 79302;False
CYP7B1;O75881;1141426;RHEA:43896;heme;;2;0;2;Autosomal recessive spastic paraplegia type 5A || Congenital bile acid synthesis defect type 3;100986 || 79302;False
CYP7B1;O75881;1141426;RHEA:46124;heme;;2;0;2;Autosomal recessive spastic paraplegia type 5A || Congenital bile acid synthesis defect type 3;100986 || 79302;False
CYP7B1;O75881;1141426;RHEA:46192;heme;;2;0;2;Autosomal recessive spastic paraplegia type 5A || Congenital bile acid synthesis defect type 3;100986 || 79302;False
CYP7B1;O75881;1141426;RHEA:46196;heme;;2;0;2;Autosomal recessive spastic paraplegia type 5A || Congenital bile acid synthesis defect type 3;100986 || 79302;False
CYP7B1;O75881;1141426;RHEA:46200;heme;;2;0;2;Autosomal recessive spastic paraplegia type 5A || Congenital bile acid synthesis defect type 3;100986 || 79302;False
CYP7B1;O75881;1141426;RHEA:46204;heme;;2;0;2;Autosomal recessive spastic paraplegia type 5A || Congenital bile acid synthesis defect type 3;100986 || 79302;False
CYP7B1;O75881;1141426;RHEA:46460;heme;;2;0;2;Autosomal recessive spastic paraplegia type 5A || Congenital bile acid synthesis defect type 3;100986 || 79302;False
CYP7B1;O75881;1141426;RHEA:46464;heme;;2;0;2;Autosomal recessive spastic paraplegia type 5A || Congenital bile acid synthesis defect type 3;100986 || 79302;False
CYP7B1;O75881;1141429;RHEA:19041;heme;;2;0;2;Autosomal recessive spastic paraplegia type 5A || Congenital bile acid synthesis defect type 3;100986 || 79302;False
CYP7B1;O75881;1141429;RHEA:24308;heme;;2;0;2;Autosomal recessive spastic paraplegia type 5A || Congenital bile acid synthesis defect type 3;100986 || 79302;False
CYP7B1;O75881;1141429;RHEA:43896;heme;;2;0;2;Autosomal recessive spastic paraplegia type 5A || Congenital bile acid synthesis defect type 3;100986 || 79302;False
CYP7B1;O75881;1141429;RHEA:46124;heme;;2;0;2;Autosomal recessive spastic paraplegia type 5A || Congenital bile acid synthesis defect type 3;100986 || 79302;False
CYP7B1;O75881;1141429;RHEA:46192;heme;;2;0;2;Autosomal recessive spastic paraplegia type 5A || Congenital bile acid synthesis defect type 3;100986 || 79302;False
CYP7B1;O75881;1141429;RHEA:46196;heme;;2;0;2;Autosomal recessive spastic paraplegia type 5A || Congenital bile acid synthesis defect type 3;100986 || 79302;False
CYP7B1;O75881;1141429;RHEA:46200;heme;;2;0;2;Autosomal recessive spastic paraplegia type 5A || Congenital bile acid synthesis defect type 3;100986 || 79302;False
CYP7B1;O75881;1141429;RHEA:46204;heme;;2;0;2;Autosomal recessive spastic paraplegia type 5A || Congenital bile acid synthesis defect type 3;100986 || 79302;False
CYP7B1;O75881;1141429;RHEA:46460;heme;;2;0;2;Autosomal recessive spastic paraplegia type 5A || Congenital bile acid synthesis defect type 3;100986 || 79302;False
CYP7B1;O75881;1141429;RHEA:46464;heme;;2;0;2;Autosomal recessive spastic paraplegia type 5A || Congenital bile acid synthesis defect type 3;100986 || 79302;False
D2HGDH;Q8N465;119939;RHEA:38295;fad;;1;0;1;D-2-hydroxyglutaric aciduria;79315;False
D2HGDH;Q8N465;119939;RHEA:67460;fad;;1;0;1;D-2-hydroxyglutaric aciduria;79315;False
DAO;P14920;1433;RHEA:21816;fad;;1;0;1;Amyotrophic lateral sclerosis;803;False
DAO;P14920;1433;RHEA:22688;fad;;1;0;1;Amyotrophic lateral sclerosis;803;False
DAO;P14920;1433;RHEA:37583;fad;;1;0;1;Amyotrophic lateral sclerosis;803;False
DAO;P14920;1433;RHEA:70951;fad;;1;0;1;Amyotrophic lateral sclerosis;803;False
DAO;P14920;1433;RHEA:70963;fad;;1;0;1;Amyotrophic lateral sclerosis;803;False
DAO;P14920;1433;RHEA:70971;fad;;1;0;1;Amyotrophic lateral sclerosis;803;False
DAO;P14920;1433;RHEA:78203;fad;;1;0;1;Amyotrophic lateral sclerosis;803;False
DAO;P14920;1433;RHEA:78207;fad;;1;0;1;Amyotrophic lateral sclerosis;803;False
DAO;P14920;1433;RHEA:78211;fad;;1;0;1;Amyotrophic lateral sclerosis;803;False
DAO;P14920;1433;RHEA:78247;fad;;1;0;1;Amyotrophic lateral sclerosis;803;False
DAO;P14920;1433;RHEA:78259;fad;;1;0;1;Amyotrophic lateral sclerosis;803;False
DAO;P14920;1433;RHEA:78791;fad;;1;0;1;Amyotrophic lateral sclerosis;803;False
DARS1;P14868;61112;RHEA:19649;;;1;1;0;Hypomyelination with brain stem and spinal cord involvement and leg spasticity;363412;False
DARS2;Q6PI48;61112;RHEA:19649;;;1;0;1;Leukoencephalopathy with brain stem and spinal cord involvement-high lactate syndrome;137898;False
DBH;P09172;114171;RHEA:19117;cu(2+);"(r)-noradrenaline biosynthesis;(r)-noradrenaline from dopamine: step 1/1;catecholamine biosynthesis";1;0;1;Dopamine beta-hydroxylase deficiency;230;False
DBT;P11182;231168;RHEA:18865;(r)-lipoate;;4;4;0;Classic maple syrup urine disease || Intermediate maple syrup urine disease || Intermittent maple syrup urine disease || Thiamine-responsive maple syrup urine disease;268145 || 268162 || 268173 || 268184;False
DCPS;Q96C86;36159;RHEA:65388;;;1;1;0;Autosomal recessive non-syndromic intellectual disability;88616;False
DCT;P40126;53312;RHEA:13041;zn(2+);"melanin biosynthesis;pigment biosynthesis";1;1;0;Oculocutaneous albinism type 8;597733;False
DCXR;Q7Z4W1;11110;RHEA:17025;;;1;0;1;Pentosuria;2843;False
DDC;P20711;41128;RHEA:12272;pyridoxal 5'-phosphate;;1;0;1;Aromatic L-amino acid decarboxylase deficiency;35708;False
DDC;P20711;41128;RHEA:18533;pyridoxal 5'-phosphate;;1;0;1;Aromatic L-amino acid decarboxylase deficiency;35708;False
DDHD1;Q8NEL9;311111;RHEA:18689;;;1;0;1;Autosomal recessive spastic paraplegia type 28;101008;False
DDHD1;Q8NEL9;311111;RHEA:35263;;;1;0;1;Autosomal recessive spastic paraplegia type 28;101008;False
DDHD1;Q8NEL9;311111;RHEA:38699;;;1;0;1;Autosomal recessive spastic paraplegia type 28;101008;False
DDHD1;Q8NEL9;311111;RHEA:40943;;;1;0;1;Autosomal recessive spastic paraplegia type 28;101008;False
DDHD1;Q8NEL9;311111;RHEA:42212;;;1;0;1;Autosomal recessive spastic paraplegia type 28;101008;False
DDHD1;Q8NEL9;311111;RHEA:43968;;;1;0;1;Autosomal recessive spastic paraplegia type 28;101008;False
DDHD1;Q8NEL9;311111;RHEA:44408;;;1;0;1;Autosomal recessive spastic paraplegia type 28;101008;False
DDHD1;Q8NEL9;311111;RHEA:44648;;;1;0;1;Autosomal recessive spastic paraplegia type 28;101008;False
DDHD1;Q8NEL9;311111;RHEA:45128;;;1;0;1;Autosomal recessive spastic paraplegia type 28;101008;False
DDHD1;Q8NEL9;311111;RHEA:66708;;;1;0;1;Autosomal recessive spastic paraplegia type 28;101008;False
DDHD1;Q8NEL9;311111;RHEA:67428;;;1;0;1;Autosomal recessive spastic paraplegia type 28;101008;False
DDHD1;Q8NEL9;311111;RHEA:73967;;;1;0;1;Autosomal recessive spastic paraplegia type 28;101008;False
DDHD1;Q8NEL9;311111;RHEA:73971;;;1;0;1;Autosomal recessive spastic paraplegia type 28;101008;False
DDHD1;Q8NEL9;311111;RHEA:73975;;;1;0;1;Autosomal recessive spastic paraplegia type 28;101008;False
DDHD1;Q8NEL9;311111;RHEA:74103;;;1;0;1;Autosomal recessive spastic paraplegia type 28;101008;False
DDHD1;Q8NEL9;311111;RHEA:74159;;;1;0;1;Autosomal recessive spastic paraplegia type 28;101008;False
DDHD1;Q8NEL9;311111;RHEA:74163;;;1;0;1;Autosomal recessive spastic paraplegia type 28;101008;False
DDHD1;Q8NEL9;311111;RHEA:74247;;;1;0;1;Autosomal recessive spastic paraplegia type 28;101008;False
DDHD1;Q8NEL9;311111;RHEA:74251;;;1;0;1;Autosomal recessive spastic paraplegia type 28;101008;False
DDHD1;Q8NEL9;311111;RHEA:76971;;;1;0;1;Autosomal recessive spastic paraplegia type 28;101008;False
DDHD1;Q8NEL9;311111;RHEA:76975;;;1;0;1;Autosomal recessive spastic paraplegia type 28;101008;False
DDHD1;Q8NEL9;311111;RHEA:76979;;;1;0;1;Autosomal recessive spastic paraplegia type 28;101008;False
DDHD1;Q8NEL9;311111;RHEA:76983;;;1;0;1;Autosomal recessive spastic paraplegia type 28;101008;False
DDHD1;Q8NEL9;311118;RHEA:18689;;;1;0;1;Autosomal recessive spastic paraplegia type 28;101008;False
DDHD1;Q8NEL9;311118;RHEA:35263;;;1;0;1;Autosomal recessive spastic paraplegia type 28;101008;False
DDHD1;Q8NEL9;311118;RHEA:38699;;;1;0;1;Autosomal recessive spastic paraplegia type 28;101008;False
DDHD1;Q8NEL9;311118;RHEA:40943;;;1;0;1;Autosomal recessive spastic paraplegia type 28;101008;False
DDHD1;Q8NEL9;311118;RHEA:42212;;;1;0;1;Autosomal recessive spastic paraplegia type 28;101008;False
DDHD1;Q8NEL9;311118;RHEA:43968;;;1;0;1;Autosomal recessive spastic paraplegia type 28;101008;False
DDHD1;Q8NEL9;311118;RHEA:44408;;;1;0;1;Autosomal recessive spastic paraplegia type 28;101008;False
DDHD1;Q8NEL9;311118;RHEA:44648;;;1;0;1;Autosomal recessive spastic paraplegia type 28;101008;False
DDHD1;Q8NEL9;311118;RHEA:45128;;;1;0;1;Autosomal recessive spastic paraplegia type 28;101008;False
DDHD1;Q8NEL9;311118;RHEA:66708;;;1;0;1;Autosomal recessive spastic paraplegia type 28;101008;False
DDHD1;Q8NEL9;311118;RHEA:67428;;;1;0;1;Autosomal recessive spastic paraplegia type 28;101008;False
DDHD1;Q8NEL9;311118;RHEA:73967;;;1;0;1;Autosomal recessive spastic paraplegia type 28;101008;False
DDHD1;Q8NEL9;311118;RHEA:73971;;;1;0;1;Autosomal recessive spastic paraplegia type 28;101008;False
DDHD1;Q8NEL9;311118;RHEA:73975;;;1;0;1;Autosomal recessive spastic paraplegia type 28;101008;False
DDHD1;Q8NEL9;311118;RHEA:74103;;;1;0;1;Autosomal recessive spastic paraplegia type 28;101008;False
DDHD1;Q8NEL9;311118;RHEA:74159;;;1;0;1;Autosomal recessive spastic paraplegia type 28;101008;False
DDHD1;Q8NEL9;311118;RHEA:74163;;;1;0;1;Autosomal recessive spastic paraplegia type 28;101008;False
DDHD1;Q8NEL9;311118;RHEA:74247;;;1;0;1;Autosomal recessive spastic paraplegia type 28;101008;False
DDHD1;Q8NEL9;311118;RHEA:74251;;;1;0;1;Autosomal recessive spastic paraplegia type 28;101008;False
DDHD1;Q8NEL9;311118;RHEA:76971;;;1;0;1;Autosomal recessive spastic paraplegia type 28;101008;False
DDHD1;Q8NEL9;311118;RHEA:76975;;;1;0;1;Autosomal recessive spastic paraplegia type 28;101008;False
DDHD1;Q8NEL9;311118;RHEA:76979;;;1;0;1;Autosomal recessive spastic paraplegia type 28;101008;False
DDHD1;Q8NEL9;311118;RHEA:76983;;;1;0;1;Autosomal recessive spastic paraplegia type 28;101008;False
DDHD1;Q8NEL9;31132;RHEA:18689;;;1;0;1;Autosomal recessive spastic paraplegia type 28;101008;False
DDHD1;Q8NEL9;31132;RHEA:35263;;;1;0;1;Autosomal recessive spastic paraplegia type 28;101008;False
DDHD1;Q8NEL9;31132;RHEA:38699;;;1;0;1;Autosomal recessive spastic paraplegia type 28;101008;False
DDHD1;Q8NEL9;31132;RHEA:40943;;;1;0;1;Autosomal recessive spastic paraplegia type 28;101008;False
DDHD1;Q8NEL9;31132;RHEA:42212;;;1;0;1;Autosomal recessive spastic paraplegia type 28;101008;False
DDHD1;Q8NEL9;31132;RHEA:43968;;;1;0;1;Autosomal recessive spastic paraplegia type 28;101008;False
DDHD1;Q8NEL9;31132;RHEA:44408;;;1;0;1;Autosomal recessive spastic paraplegia type 28;101008;False
DDHD1;Q8NEL9;31132;RHEA:44648;;;1;0;1;Autosomal recessive spastic paraplegia type 28;101008;False
DDHD1;Q8NEL9;31132;RHEA:45128;;;1;0;1;Autosomal recessive spastic paraplegia type 28;101008;False
DDHD1;Q8NEL9;31132;RHEA:66708;;;1;0;1;Autosomal recessive spastic paraplegia type 28;101008;False
DDHD1;Q8NEL9;31132;RHEA:67428;;;1;0;1;Autosomal recessive spastic paraplegia type 28;101008;False
DDHD1;Q8NEL9;31132;RHEA:73967;;;1;0;1;Autosomal recessive spastic paraplegia type 28;101008;False
DDHD1;Q8NEL9;31132;RHEA:73971;;;1;0;1;Autosomal recessive spastic paraplegia type 28;101008;False
DDHD1;Q8NEL9;31132;RHEA:73975;;;1;0;1;Autosomal recessive spastic paraplegia type 28;101008;False
DDHD1;Q8NEL9;31132;RHEA:74103;;;1;0;1;Autosomal recessive spastic paraplegia type 28;101008;False
DDHD1;Q8NEL9;31132;RHEA:74159;;;1;0;1;Autosomal recessive spastic paraplegia type 28;101008;False
DDHD1;Q8NEL9;31132;RHEA:74163;;;1;0;1;Autosomal recessive spastic paraplegia type 28;101008;False
DDHD1;Q8NEL9;31132;RHEA:74247;;;1;0;1;Autosomal recessive spastic paraplegia type 28;101008;False
DDHD1;Q8NEL9;31132;RHEA:74251;;;1;0;1;Autosomal recessive spastic paraplegia type 28;101008;False
DDHD1;Q8NEL9;31132;RHEA:76971;;;1;0;1;Autosomal recessive spastic paraplegia type 28;101008;False
DDHD1;Q8NEL9;31132;RHEA:76975;;;1;0;1;Autosomal recessive spastic paraplegia type 28;101008;False
DDHD1;Q8NEL9;31132;RHEA:76979;;;1;0;1;Autosomal recessive spastic paraplegia type 28;101008;False
DDHD1;Q8NEL9;31132;RHEA:76983;;;1;0;1;Autosomal recessive spastic paraplegia type 28;101008;False
DDR2;Q16832;27101;RHEA:10596;ca(2+);;1;1;0;Spondyloepimetaphyseal dysplasia-short limb-abnormal calcification syndrome;93358;False
DDR2;Q16832;27101;RHEA:10596;mg(2+);;1;1;0;Spondyloepimetaphyseal dysplasia-short limb-abnormal calcification syndrome;93358;False
DDX11;Q96FC9;5623;RHEA:13065;[4fe-4s] cluster;;1;1;0;Warsaw breakage syndrome;280558;False
DDX11;Q96FC9;5623;RHEA:13065;mg(2+);;1;1;0;Warsaw breakage syndrome;280558;False
DDX3X;O00571;36413;RHEA:13065;;;3;1;2;Precursor T-cell acute lymphoblastic leukemia || Toriello-Carey syndrome || X-linked intellectual disability-hypotonia-movement disorder syndrome;3338 || 457260 || 99861;True
DDX3Y;O15523;36413;RHEA:13065;;;1;0;1;Chromosome Y microdeletion syndrome;1646;False
DDX41;Q9UJV9;36413;RHEA:13065;;;1;1;0;DDX41-related hematologic malignancy predisposition syndrome;488647;False
DDX59;Q5T1V6;36413;RHEA:13065;;;1;0;1;Orofaciodigital syndrome type 5;2919;False
DDX6;P26196;36413;RHEA:13065;;;1;1;0;Non-specific syndromic intellectual disability;528084;False
DGAT1;O75907;23120;RHEA:10868;;;1;1;0;Congenital chronic diarrhea with protein-losing enteropathy;329242;False
DGAT1;O75907;23120;RHEA:11488;;;1;1;0;Congenital chronic diarrhea with protein-losing enteropathy;329242;False
DGAT1;O75907;23120;RHEA:37911;;;1;1;0;Congenital chronic diarrhea with protein-losing enteropathy;329242;False
DGAT1;O75907;23120;RHEA:37915;;;1;1;0;Congenital chronic diarrhea with protein-losing enteropathy;329242;False
DGAT1;O75907;23120;RHEA:38071;;;1;1;0;Congenital chronic diarrhea with protein-losing enteropathy;329242;False
DGAT1;O75907;23120;RHEA:38163;;;1;1;0;Congenital chronic diarrhea with protein-losing enteropathy;329242;False
DGAT1;O75907;23120;RHEA:38167;;;1;1;0;Congenital chronic diarrhea with protein-losing enteropathy;329242;False
DGAT1;O75907;23120;RHEA:38171;;;1;1;0;Congenital chronic diarrhea with protein-losing enteropathy;329242;False
DGAT1;O75907;23120;RHEA:38175;;;1;1;0;Congenital chronic diarrhea with protein-losing enteropathy;329242;False
DGAT1;O75907;23120;RHEA:38211;;;1;1;0;Congenital chronic diarrhea with protein-losing enteropathy;329242;False
DGAT1;O75907;23120;RHEA:38219;;;1;1;0;Congenital chronic diarrhea with protein-losing enteropathy;329242;False
DGAT1;O75907;23120;RHEA:38307;;;1;1;0;Congenital chronic diarrhea with protein-losing enteropathy;329242;False
DGAT1;O75907;23120;RHEA:38379;;;1;1;0;Congenital chronic diarrhea with protein-losing enteropathy;329242;False
DGAT1;O75907;23120;RHEA:38435;;;1;1;0;Congenital chronic diarrhea with protein-losing enteropathy;329242;False
DGAT1;O75907;23120;RHEA:38439;;;1;1;0;Congenital chronic diarrhea with protein-losing enteropathy;329242;False
DGAT1;O75907;23120;RHEA:55296;;;1;1;0;Congenital chronic diarrhea with protein-losing enteropathy;329242;False
DGAT1;O75907;23120;RHEA:55340;;;1;1;0;Congenital chronic diarrhea with protein-losing enteropathy;329242;False
DGAT1;O75907;23120;RHEA:55344;;;1;1;0;Congenital chronic diarrhea with protein-losing enteropathy;329242;False
DGAT1;O75907;23176;RHEA:10868;;;1;1;0;Congenital chronic diarrhea with protein-losing enteropathy;329242;False
DGAT1;O75907;23176;RHEA:11488;;;1;1;0;Congenital chronic diarrhea with protein-losing enteropathy;329242;False
DGAT1;O75907;23176;RHEA:37911;;;1;1;0;Congenital chronic diarrhea with protein-losing enteropathy;329242;False
DGAT1;O75907;23176;RHEA:37915;;;1;1;0;Congenital chronic diarrhea with protein-losing enteropathy;329242;False
DGAT1;O75907;23176;RHEA:38071;;;1;1;0;Congenital chronic diarrhea with protein-losing enteropathy;329242;False
DGAT1;O75907;23176;RHEA:38163;;;1;1;0;Congenital chronic diarrhea with protein-losing enteropathy;329242;False
DGAT1;O75907;23176;RHEA:38167;;;1;1;0;Congenital chronic diarrhea with protein-losing enteropathy;329242;False
DGAT1;O75907;23176;RHEA:38171;;;1;1;0;Congenital chronic diarrhea with protein-losing enteropathy;329242;False
DGAT1;O75907;23176;RHEA:38175;;;1;1;0;Congenital chronic diarrhea with protein-losing enteropathy;329242;False
DGAT1;O75907;23176;RHEA:38211;;;1;1;0;Congenital chronic diarrhea with protein-losing enteropathy;329242;False
DGAT1;O75907;23176;RHEA:38219;;;1;1;0;Congenital chronic diarrhea with protein-losing enteropathy;329242;False
DGAT1;O75907;23176;RHEA:38307;;;1;1;0;Congenital chronic diarrhea with protein-losing enteropathy;329242;False
DGAT1;O75907;23176;RHEA:38379;;;1;1;0;Congenital chronic diarrhea with protein-losing enteropathy;329242;False
DGAT1;O75907;23176;RHEA:38435;;;1;1;0;Congenital chronic diarrhea with protein-losing enteropathy;329242;False
DGAT1;O75907;23176;RHEA:38439;;;1;1;0;Congenital chronic diarrhea with protein-losing enteropathy;329242;False
DGAT1;O75907;23176;RHEA:55296;;;1;1;0;Congenital chronic diarrhea with protein-losing enteropathy;329242;False
DGAT1;O75907;23176;RHEA:55340;;;1;1;0;Congenital chronic diarrhea with protein-losing enteropathy;329242;False
DGAT1;O75907;23176;RHEA:55344;;;1;1;0;Congenital chronic diarrhea with protein-losing enteropathy;329242;False
DGKE;P52429;271107;RHEA:10272;;;2;2;0;Hemolytic uremic syndrome with DGKE deficiency || Immunoglobulin-mediated membranoproliferative glomerulonephritis;329903 || 357008;False
DGKE;P52429;271107;RHEA:40323;;;2;2;0;Hemolytic uremic syndrome with DGKE deficiency || Immunoglobulin-mediated membranoproliferative glomerulonephritis;329903 || 357008;False
DGKE;P52429;271107;RHEA:40327;;;2;2;0;Hemolytic uremic syndrome with DGKE deficiency || Immunoglobulin-mediated membranoproliferative glomerulonephritis;329903 || 357008;False
DGKE;P52429;271107;RHEA:40331;;;2;2;0;Hemolytic uremic syndrome with DGKE deficiency || Immunoglobulin-mediated membranoproliferative glomerulonephritis;329903 || 357008;False
DGKE;P52429;271107;RHEA:40335;;;2;2;0;Hemolytic uremic syndrome with DGKE deficiency || Immunoglobulin-mediated membranoproliferative glomerulonephritis;329903 || 357008;False
DGKE;P52429;271107;RHEA:40339;;;2;2;0;Hemolytic uremic syndrome with DGKE deficiency || Immunoglobulin-mediated membranoproliferative glomerulonephritis;329903 || 357008;False
DGKE;P52429;271107;RHEA:40351;;;2;2;0;Hemolytic uremic syndrome with DGKE deficiency || Immunoglobulin-mediated membranoproliferative glomerulonephritis;329903 || 357008;False
DGKE;P52429;271107;RHEA:40355;;;2;2;0;Hemolytic uremic syndrome with DGKE deficiency || Immunoglobulin-mediated membranoproliferative glomerulonephritis;329903 || 357008;False
DGUOK;Q16854;271113;RHEA:19201;;;2;1;1;Adult-onset multiple mitochondrial DNA deletion syndrome due to DGUOK deficiency || Mitochondrial DNA depletion syndrome, hepatocerebral form due to DGUOK deficiency;279934 || 329314;True
DGUOK;Q16854;271113;RHEA:23452;;;2;1;1;Adult-onset multiple mitochondrial DNA deletion syndrome due to DGUOK deficiency || Mitochondrial DNA depletion syndrome, hepatocerebral form due to DGUOK deficiency;279934 || 329314;True
DGUOK;Q16854;27176;RHEA:19201;;;2;1;1;Adult-onset multiple mitochondrial DNA deletion syndrome due to DGUOK deficiency || Mitochondrial DNA depletion syndrome, hepatocerebral form due to DGUOK deficiency;279934 || 329314;True
DGUOK;Q16854;27176;RHEA:23452;;;2;1;1;Adult-onset multiple mitochondrial DNA deletion syndrome due to DGUOK deficiency || Mitochondrial DNA depletion syndrome, hepatocerebral form due to DGUOK deficiency;279934 || 329314;True
DHCR24;Q15392;13172;RHEA:33919;fad;;1;0;1;Desmosterolosis;35107;False
DHCR24;Q15392;13172;RHEA:36391;fad;;1;0;1;Desmosterolosis;35107;False
DHCR24;Q15392;13172;RHEA:36399;fad;;1;0;1;Desmosterolosis;35107;False
DHCR7;Q9UBM7;13121;RHEA:11964;;;1;0;1;Smith-Lemli-Opitz syndrome;818;False
DHCR7;Q9UBM7;13121;RHEA:15113;;;1;0;1;Smith-Lemli-Opitz syndrome;818;False
DHCR7;Q9UBM7;13121;RHEA:23984;;;1;0;1;Smith-Lemli-Opitz syndrome;818;False
DHCR7;Q9UBM7;13121;RHEA:46740;;;1;0;1;Smith-Lemli-Opitz syndrome;818;False
DHCR7;Q9UBM7;33211;RHEA:11964;;;1;0;1;Smith-Lemli-Opitz syndrome;818;False
DHCR7;Q9UBM7;33211;RHEA:15113;;;1;0;1;Smith-Lemli-Opitz syndrome;818;False
DHCR7;Q9UBM7;33211;RHEA:23984;;;1;0;1;Smith-Lemli-Opitz syndrome;818;False
DHCR7;Q9UBM7;33211;RHEA:46740;;;1;0;1;Smith-Lemli-Opitz syndrome;818;False
DHDDS;Q86SQ9;25187;RHEA:53008;mg(2+);"lipid metabolism;protein glycosylation;protein modification";2;0;2;Non-specific early-onset epileptic encephalopathy || Retinitis pigmentosa;442835 || 791;False
DHFR;P00374;1513;RHEA:15009;;;1;1;0;Constitutional megaloblastic anemia with severe neurologic disease;319651;False
DHODH;Q02127;1352;RHEA:30187;fmn;"orotate from (s)-dihydroorotate (quinone route): step 1/1;pyrimidine metabolism;ump biosynthesis via de novo pathway";1;0;1;Postaxial acrofacial dysostosis;246;False
DHX30;Q7L2E3;36413;RHEA:13065;;;1;1;0;Neurodevelopmental delay-intellectual disability-ataxia-feeding difficulty syndrome;647788;False
DHX37;Q8IY37;36413;RHEA:13065;;;3;0;3;46,XY complete gonadal dysgenesis || 46,XY partial gonadal dysgenesis || Testicular regression syndrome;242 || 251510 || 983;False
DHX38;Q92620;36413;RHEA:13065;;;1;0;1;Retinitis pigmentosa;791;False
DLAT;P10515;23112;RHEA:17017;(r)-lipoate;;1;0;1;Pyruvate dehydrogenase E2 deficiency;79244;False
DLD;P09622;1814;RHEA:15045;fad;;1;0;1;Pyruvate dehydrogenase E3 deficiency;2394;False
DLST;P36957;23161;RHEA:15213;(r)-lipoate;"amino-acid degradation;carbohydrate metabolism;glutaryl-coa from l-lysine: step 6/6;l-lysine degradation via saccharopine pathway;tricarboxylic acid cycle";1;0;1;Hereditary pheochromocytoma-paraganglioma;29072;False
DMGDH;Q9UI17;1584;RHEA:52856;fad;"amine and polyamine degradation;betaine degradation;sarcosine from betaine: step 2/2";1;0;1;Dimethylglycine dehydrogenase deficiency;243343;False
DMPK;Q09013;27111;RHEA:17989;mg(2+);;5;4;1;Adult-onset Steinert myotonic dystrophy || Childhood-onset Steinert myotonic dystrophy || Congenital-onset Steinert myotonic dystrophy || Juvenile-onset Steinert myotonic dystrophy || Late-onset Steinert myotonic dystrophy;589821 || 589824 || 589827 || 589830 || 589833;True
DMPK;Q09013;27111;RHEA:46608;mg(2+);;5;4;1;Adult-onset Steinert myotonic dystrophy || Childhood-onset Steinert myotonic dystrophy || Congenital-onset Steinert myotonic dystrophy || Juvenile-onset Steinert myotonic dystrophy || Late-onset Steinert myotonic dystrophy;589821 || 589824 || 589827 || 589830 || 589833;True
DNM1;Q05193;3655;RHEA:19669;;;2;0;2;Lennox-Gastaut syndrome || Non-specific early-onset epileptic encephalopathy;2382 || 442835;False
DNM1L;O00429;3655;RHEA:19669;;;2;0;2;Autosomal dominant optic atrophy, classic form || DNM1L-related encephalopathy due to mitochondrial and peroxisomal fission defect;330050 || 98673;False
DNM2;P50570;3655;RHEA:19669;;;4;3;1;Autosomal dominant Charcot-Marie-Tooth disease type 2M || Autosomal dominant centronuclear myopathy || Autosomal dominant intermediate Charcot-Marie-Tooth disease type B || Fetal akinesia-cerebral and retinal hemorrhage syndrome;100044 || 169189 || 228179 || 363409;True
DNMT1;P26358;21137;RHEA:13681;;;2;1;1;Autosomal dominant cerebellar ataxia-deafness-narcolepsy syndrome || Hereditary sensory neuropathy-deafness-dementia syndrome;314404 || 456318;True
DNMT3B;Q9UBC3;21137;RHEA:13681;;;2;0;2;Facioscapulohumeral dystrophy || ICF syndrome;2268 || 269;False
DOHH;Q9BU89;1149929;RHEA:14101;fe(2+);"eif5a hypusination;protein modification";1;1;0;Non-specific syndromic intellectual disability;528084;False
DOLK;Q9UPQ8;271108;RHEA:13133;;;2;0;2;DK1-CDG || Familial isolated dilated cardiomyopathy;154 || 91131;False
DPAGT1;Q9H3H5;27815;RHEA:13289;mg(2+);"protein glycosylation;protein modification";2;0;2;Congenital myasthenic syndrome with glycosylation defect || DPAGT1-CDG;353327 || 86309;False
DPH1;Q9BZG8;251108;RHEA:36783;[4fe-4s] cluster;"peptidyl-diphthamide biosynthesis;protein modification";1;0;1;Craniofacial dysplasia-short stature-ectodermal anomalies-intellectual disability syndrome;459061;False
DPM1;O60762;24183;RHEA:21184;mg(2+);"protein glycosylation;protein modification";1;0;1;DPM1-CDG;79322;False
DPYD;Q12882;1312;RHEA:18093;"[4fe-4s] cluster;fad;fmn";;2;0;2;1p21.3 microdeletion syndrome || Dihydropyrimidine dehydrogenase deficiency;1675 || 293948;False
DPYD;Q12882;1312;RHEA:58284;"[4fe-4s] cluster;fad;fmn";;2;0;2;1p21.3 microdeletion syndrome || Dihydropyrimidine dehydrogenase deficiency;1675 || 293948;False
DPYS;Q14117;3522;RHEA:16121;zn(2+);;1;0;1;Dihydropyrimidinuria;38874;False
DSE;Q9UL01;51319;RHEA:21084;mn(2+);"chondroitin sulfate biosynthesis;glycan metabolism;heparan sulfate biosynthesis";1;0;1;Musculocontractural Ehlers-Danlos syndrome;2953;False
DSTYK;Q6XUX3;27121;RHEA:10596;;;2;1;1;Autosomal recessive spastic paraplegia type 23 || Renal agenesis, unilateral;101003 || 93100;True
DSTYK;Q6XUX3;27121;RHEA:17989;;;2;1;1;Autosomal recessive spastic paraplegia type 23 || Renal agenesis, unilateral;101003 || 93100;True
DSTYK;Q6XUX3;27121;RHEA:46608;;;2;1;1;Autosomal recessive spastic paraplegia type 23 || Renal agenesis, unilateral;101003 || 93100;True
DUSP6;Q16828;31316;RHEA:10684;;;2;0;2;Kallmann syndrome || Normosmic congenital hypogonadotropic hypogonadism;432 || 478;False
DUSP6;Q16828;31316;RHEA:20629;;;2;0;2;Kallmann syndrome || Normosmic congenital hypogonadotropic hypogonadism;432 || 478;False
DUSP6;Q16828;31316;RHEA:47004;;;2;0;2;Kallmann syndrome || Normosmic congenital hypogonadotropic hypogonadism;432 || 478;False
DUSP6;Q16828;31348;RHEA:10684;mg(2+);;2;0;2;Kallmann syndrome || Normosmic congenital hypogonadotropic hypogonadism;432 || 478;False
DUSP6;Q16828;31348;RHEA:20629;;;2;0;2;Kallmann syndrome || Normosmic congenital hypogonadotropic hypogonadism;432 || 478;False
DUSP6;Q16828;31348;RHEA:47004;;;2;0;2;Kallmann syndrome || Normosmic congenital hypogonadotropic hypogonadism;432 || 478;False
DYRK1A;Q13627;271123;RHEA:10216;;;2;0;2;DYRK1A-related intellectual disability syndrome due to 21q22.13q22.2 microdeletion || Intellectual disability syndrome due to a DYRK1A point mutation;268261 || 464311;False
DYRK1A;Q13627;271123;RHEA:10596;;;2;0;2;DYRK1A-related intellectual disability syndrome due to 21q22.13q22.2 microdeletion || Intellectual disability syndrome due to a DYRK1A point mutation;268261 || 464311;False
DYRK1A;Q13627;271123;RHEA:17989;;;2;0;2;DYRK1A-related intellectual disability syndrome due to 21q22.13q22.2 microdeletion || Intellectual disability syndrome due to a DYRK1A point mutation;268261 || 464311;False
DYRK1A;Q13627;271123;RHEA:46608;;;2;0;2;DYRK1A-related intellectual disability syndrome due to 21q22.13q22.2 microdeletion || Intellectual disability syndrome due to a DYRK1A point mutation;268261 || 464311;False
DYRK1A;Q13627;27121;RHEA:10216;;;2;0;2;DYRK1A-related intellectual disability syndrome due to 21q22.13q22.2 microdeletion || Intellectual disability syndrome due to a DYRK1A point mutation;268261 || 464311;False
DYRK1A;Q13627;27121;RHEA:10596;;;2;0;2;DYRK1A-related intellectual disability syndrome due to 21q22.13q22.2 microdeletion || Intellectual disability syndrome due to a DYRK1A point mutation;268261 || 464311;False
DYRK1A;Q13627;27121;RHEA:17989;;;2;0;2;DYRK1A-related intellectual disability syndrome due to 21q22.13q22.2 microdeletion || Intellectual disability syndrome due to a DYRK1A point mutation;268261 || 464311;False
DYRK1A;Q13627;27121;RHEA:46608;;;2;0;2;DYRK1A-related intellectual disability syndrome due to 21q22.13q22.2 microdeletion || Intellectual disability syndrome due to a DYRK1A point mutation;268261 || 464311;False
EARS2;Q5JPH6;61117;RHEA:18397;;;1;1;0;Leukoencephalopathy-thalamus and brainstem anomalies-high lactate syndrome;314051;False
EARS2;Q5JPH6;61117;RHEA:23540;;;1;1;0;Leukoencephalopathy-thalamus and brainstem anomalies-high lactate syndrome;314051;False
EARS2;Q5JPH6;61117;RHEA:64612;;;1;1;0;Leukoencephalopathy-thalamus and brainstem anomalies-high lactate syndrome;314051;False
EARS2;Q5JPH6;61124;RHEA:18397;;;1;1;0;Leukoencephalopathy-thalamus and brainstem anomalies-high lactate syndrome;314051;False
EARS2;Q5JPH6;61124;RHEA:23540;;;1;1;0;Leukoencephalopathy-thalamus and brainstem anomalies-high lactate syndrome;314051;False
EARS2;Q5JPH6;61124;RHEA:64612;;;1;1;0;Leukoencephalopathy-thalamus and brainstem anomalies-high lactate syndrome;314051;False
EBP;Q15125;33211;RHEA:11964;;;2;0;2;MEND syndrome || X-linked dominant chondrodysplasia punctata;35173 || 401973;False
EBP;Q15125;33211;RHEA:15113;;;2;0;2;MEND syndrome || X-linked dominant chondrodysplasia punctata;35173 || 401973;False
EBP;Q15125;33211;RHEA:15281;;;2;0;2;MEND syndrome || X-linked dominant chondrodysplasia punctata;35173 || 401973;False
EBP;Q15125;33211;RHEA:33999;;;2;0;2;MEND syndrome || X-linked dominant chondrodysplasia punctata;35173 || 401973;False
EBP;Q15125;5335;RHEA:11964;;;2;0;2;MEND syndrome || X-linked dominant chondrodysplasia punctata;35173 || 401973;False
EBP;Q15125;5335;RHEA:15113;;;2;0;2;MEND syndrome || X-linked dominant chondrodysplasia punctata;35173 || 401973;False
EBP;Q15125;5335;RHEA:15281;;;2;0;2;MEND syndrome || X-linked dominant chondrodysplasia punctata;35173 || 401973;False
EBP;Q15125;5335;RHEA:33999;;;2;0;2;MEND syndrome || X-linked dominant chondrodysplasia punctata;35173 || 401973;False
ECHS1;P30084;42117;RHEA:16105;;;1;1;0;Mitochondrial short-chain enoyl-CoA hydratase 1 deficiency;653880;False
ECHS1;P30084;42117;RHEA:26518;;;1;1;0;Mitochondrial short-chain enoyl-CoA hydratase 1 deficiency;653880;False
ECHS1;P30084;42117;RHEA:26558;;;1;1;0;Mitochondrial short-chain enoyl-CoA hydratase 1 deficiency;653880;False
ECHS1;P30084;42117;RHEA:30547;;;1;1;0;Mitochondrial short-chain enoyl-CoA hydratase 1 deficiency;653880;False
ECHS1;P30084;42117;RHEA:31079;;;1;1;0;Mitochondrial short-chain enoyl-CoA hydratase 1 deficiency;653880;False
ECHS1;P30084;42117;RHEA:31175;;;1;1;0;Mitochondrial short-chain enoyl-CoA hydratase 1 deficiency;653880;False
ECHS1;P30084;42117;RHEA:31191;;;1;1;0;Mitochondrial short-chain enoyl-CoA hydratase 1 deficiency;653880;False
ECHS1;P30084;42117;RHEA:45228;;;1;1;0;Mitochondrial short-chain enoyl-CoA hydratase 1 deficiency;653880;False
ECHS1;P30084;42117;RHEA:45584;;;1;1;0;Mitochondrial short-chain enoyl-CoA hydratase 1 deficiency;653880;False
ECHS1;P30084;42117;RHEA:45736;;;1;1;0;Mitochondrial short-chain enoyl-CoA hydratase 1 deficiency;653880;False
ECHS1;P30084;5338;RHEA:16105;;;1;1;0;Mitochondrial short-chain enoyl-CoA hydratase 1 deficiency;653880;False
ECHS1;P30084;5338;RHEA:26518;;;1;1;0;Mitochondrial short-chain enoyl-CoA hydratase 1 deficiency;653880;False
ECHS1;P30084;5338;RHEA:26558;;;1;1;0;Mitochondrial short-chain enoyl-CoA hydratase 1 deficiency;653880;False
ECHS1;P30084;5338;RHEA:30547;;;1;1;0;Mitochondrial short-chain enoyl-CoA hydratase 1 deficiency;653880;False
ECHS1;P30084;5338;RHEA:31079;;;1;1;0;Mitochondrial short-chain enoyl-CoA hydratase 1 deficiency;653880;False
ECHS1;P30084;5338;RHEA:31175;;;1;1;0;Mitochondrial short-chain enoyl-CoA hydratase 1 deficiency;653880;False
ECHS1;P30084;5338;RHEA:31191;;;1;1;0;Mitochondrial short-chain enoyl-CoA hydratase 1 deficiency;653880;False
ECHS1;P30084;5338;RHEA:45228;;;1;1;0;Mitochondrial short-chain enoyl-CoA hydratase 1 deficiency;653880;False
ECHS1;P30084;5338;RHEA:45584;;;1;1;0;Mitochondrial short-chain enoyl-CoA hydratase 1 deficiency;653880;False
ECHS1;P30084;5338;RHEA:45736;;;1;1;0;Mitochondrial short-chain enoyl-CoA hydratase 1 deficiency;653880;False
EDEM3;Q9BZQ6;321113;RHEA:56008;ca(2+);;1;1;0;EDEM3-CDG;695783;False
EDEM3;Q9BZQ6;321113;RHEA:56028;ca(2+);;1;1;0;EDEM3-CDG;695783;False
EGFR;P00533;27101;RHEA:10596;ca(2+);;2;2;0;Giant cell glioblastoma || Gliosarcoma;251576 || 251579;False
EGFR;P00533;27101;RHEA:10596;mg(2+);;2;2;0;Giant cell glioblastoma || Gliosarcoma;251576 || 251579;False
EGLN1;Q9GZT9;1141129;RHEA:48400;fe(2+);;1;1;0;Autosomal dominant secondary polycythemia;247511;False
EHHADH;Q08426;11135;RHEA:16105;;;2;1;1;Bifunctional enzyme deficiency || Primary Fanconi renotubular syndrome;300 || 3337;True
EHHADH;Q08426;11135;RHEA:20724;;;2;1;1;Bifunctional enzyme deficiency || Primary Fanconi renotubular syndrome;300 || 3337;True
EHHADH;Q08426;11135;RHEA:22432;;;2;1;1;Bifunctional enzyme deficiency || Primary Fanconi renotubular syndrome;300 || 3337;True
EHHADH;Q08426;11135;RHEA:30547;;;2;1;1;Bifunctional enzyme deficiency || Primary Fanconi renotubular syndrome;300 || 3337;True
EHHADH;Q08426;11135;RHEA:31119;;;2;1;1;Bifunctional enzyme deficiency || Primary Fanconi renotubular syndrome;300 || 3337;True
EHHADH;Q08426;11135;RHEA:31159;;;2;1;1;Bifunctional enzyme deficiency || Primary Fanconi renotubular syndrome;300 || 3337;True
EHHADH;Q08426;11135;RHEA:31163;;;2;1;1;Bifunctional enzyme deficiency || Primary Fanconi renotubular syndrome;300 || 3337;True
EHHADH;Q08426;11135;RHEA:31187;;;2;1;1;Bifunctional enzyme deficiency || Primary Fanconi renotubular syndrome;300 || 3337;True
EHHADH;Q08426;11135;RHEA:31191;;;2;1;1;Bifunctional enzyme deficiency || Primary Fanconi renotubular syndrome;300 || 3337;True
EHHADH;Q08426;11135;RHEA:40259;;;2;1;1;Bifunctional enzyme deficiency || Primary Fanconi renotubular syndrome;300 || 3337;True
EHHADH;Q08426;11135;RHEA:40267;;;2;1;1;Bifunctional enzyme deficiency || Primary Fanconi renotubular syndrome;300 || 3337;True
EHHADH;Q08426;11135;RHEA:45228;;;2;1;1;Bifunctional enzyme deficiency || Primary Fanconi renotubular syndrome;300 || 3337;True
EHHADH;Q08426;11135;RHEA:45736;;;2;1;1;Bifunctional enzyme deficiency || Primary Fanconi renotubular syndrome;300 || 3337;True
EHHADH;Q08426;11135;RHEA:45748;;;2;1;1;Bifunctional enzyme deficiency || Primary Fanconi renotubular syndrome;300 || 3337;True
EHHADH;Q08426;11135;RHEA:45752;;;2;1;1;Bifunctional enzyme deficiency || Primary Fanconi renotubular syndrome;300 || 3337;True
EHHADH;Q08426;11135;RHEA:45900;;;2;1;1;Bifunctional enzyme deficiency || Primary Fanconi renotubular syndrome;300 || 3337;True
EHHADH;Q08426;11135;RHEA:47464;;;2;1;1;Bifunctional enzyme deficiency || Primary Fanconi renotubular syndrome;300 || 3337;True
EHHADH;Q08426;11135;RHEA:49932;;;2;1;1;Bifunctional enzyme deficiency || Primary Fanconi renotubular syndrome;300 || 3337;True
EHHADH;Q08426;42117;RHEA:16105;;;2;1;1;Bifunctional enzyme deficiency || Primary Fanconi renotubular syndrome;300 || 3337;True
EHHADH;Q08426;42117;RHEA:20724;;;2;1;1;Bifunctional enzyme deficiency || Primary Fanconi renotubular syndrome;300 || 3337;True
EHHADH;Q08426;42117;RHEA:22432;;;2;1;1;Bifunctional enzyme deficiency || Primary Fanconi renotubular syndrome;300 || 3337;True
EHHADH;Q08426;42117;RHEA:30547;;;2;1;1;Bifunctional enzyme deficiency || Primary Fanconi renotubular syndrome;300 || 3337;True
EHHADH;Q08426;42117;RHEA:31119;;;2;1;1;Bifunctional enzyme deficiency || Primary Fanconi renotubular syndrome;300 || 3337;True
EHHADH;Q08426;42117;RHEA:31159;;;2;1;1;Bifunctional enzyme deficiency || Primary Fanconi renotubular syndrome;300 || 3337;True
EHHADH;Q08426;42117;RHEA:31163;;;2;1;1;Bifunctional enzyme deficiency || Primary Fanconi renotubular syndrome;300 || 3337;True
EHHADH;Q08426;42117;RHEA:31187;;;2;1;1;Bifunctional enzyme deficiency || Primary Fanconi renotubular syndrome;300 || 3337;True
EHHADH;Q08426;42117;RHEA:31191;;;2;1;1;Bifunctional enzyme deficiency || Primary Fanconi renotubular syndrome;300 || 3337;True
EHHADH;Q08426;42117;RHEA:40259;;;2;1;1;Bifunctional enzyme deficiency || Primary Fanconi renotubular syndrome;300 || 3337;True
EHHADH;Q08426;42117;RHEA:40267;;;2;1;1;Bifunctional enzyme deficiency || Primary Fanconi renotubular syndrome;300 || 3337;True
EHHADH;Q08426;42117;RHEA:45228;;;2;1;1;Bifunctional enzyme deficiency || Primary Fanconi renotubular syndrome;300 || 3337;True
EHHADH;Q08426;42117;RHEA:45736;;;2;1;1;Bifunctional enzyme deficiency || Primary Fanconi renotubular syndrome;300 || 3337;True
EHHADH;Q08426;42117;RHEA:45748;;;2;1;1;Bifunctional enzyme deficiency || Primary Fanconi renotubular syndrome;300 || 3337;True
EHHADH;Q08426;42117;RHEA:45752;;;2;1;1;Bifunctional enzyme deficiency || Primary Fanconi renotubular syndrome;300 || 3337;True
EHHADH;Q08426;42117;RHEA:45900;;;2;1;1;Bifunctional enzyme deficiency || Primary Fanconi renotubular syndrome;300 || 3337;True
EHHADH;Q08426;42117;RHEA:47464;;;2;1;1;Bifunctional enzyme deficiency || Primary Fanconi renotubular syndrome;300 || 3337;True
EHHADH;Q08426;42117;RHEA:49932;;;2;1;1;Bifunctional enzyme deficiency || Primary Fanconi renotubular syndrome;300 || 3337;True
EHHADH;Q08426;5338;RHEA:16105;;;2;1;1;Bifunctional enzyme deficiency || Primary Fanconi renotubular syndrome;300 || 3337;True
EHHADH;Q08426;5338;RHEA:20724;;;2;1;1;Bifunctional enzyme deficiency || Primary Fanconi renotubular syndrome;300 || 3337;True
EHHADH;Q08426;5338;RHEA:22432;;;2;1;1;Bifunctional enzyme deficiency || Primary Fanconi renotubular syndrome;300 || 3337;True
EHHADH;Q08426;5338;RHEA:30547;;;2;1;1;Bifunctional enzyme deficiency || Primary Fanconi renotubular syndrome;300 || 3337;True
EHHADH;Q08426;5338;RHEA:31119;;;2;1;1;Bifunctional enzyme deficiency || Primary Fanconi renotubular syndrome;300 || 3337;True
EHHADH;Q08426;5338;RHEA:31159;;;2;1;1;Bifunctional enzyme deficiency || Primary Fanconi renotubular syndrome;300 || 3337;True
EHHADH;Q08426;5338;RHEA:31163;;;2;1;1;Bifunctional enzyme deficiency || Primary Fanconi renotubular syndrome;300 || 3337;True
EHHADH;Q08426;5338;RHEA:31187;;;2;1;1;Bifunctional enzyme deficiency || Primary Fanconi renotubular syndrome;300 || 3337;True
EHHADH;Q08426;5338;RHEA:31191;;;2;1;1;Bifunctional enzyme deficiency || Primary Fanconi renotubular syndrome;300 || 3337;True
EHHADH;Q08426;5338;RHEA:40259;;;2;1;1;Bifunctional enzyme deficiency || Primary Fanconi renotubular syndrome;300 || 3337;True
EHHADH;Q08426;5338;RHEA:40267;;;2;1;1;Bifunctional enzyme deficiency || Primary Fanconi renotubular syndrome;300 || 3337;True
EHHADH;Q08426;5338;RHEA:45228;;;2;1;1;Bifunctional enzyme deficiency || Primary Fanconi renotubular syndrome;300 || 3337;True
EHHADH;Q08426;5338;RHEA:45736;;;2;1;1;Bifunctional enzyme deficiency || Primary Fanconi renotubular syndrome;300 || 3337;True
EHHADH;Q08426;5338;RHEA:45748;;;2;1;1;Bifunctional enzyme deficiency || Primary Fanconi renotubular syndrome;300 || 3337;True
EHHADH;Q08426;5338;RHEA:45752;;;2;1;1;Bifunctional enzyme deficiency || Primary Fanconi renotubular syndrome;300 || 3337;True
EHHADH;Q08426;5338;RHEA:45900;;;2;1;1;Bifunctional enzyme deficiency || Primary Fanconi renotubular syndrome;300 || 3337;True
EHHADH;Q08426;5338;RHEA:47464;;;2;1;1;Bifunctional enzyme deficiency || Primary Fanconi renotubular syndrome;300 || 3337;True
EHHADH;Q08426;5338;RHEA:49932;;;2;1;1;Bifunctional enzyme deficiency || Primary Fanconi renotubular syndrome;300 || 3337;True
EIF2AK2;P19525;27102;RHEA:10596;mg(2+);;1;0;1;Early-onset generalized limb-onset dystonia;256;False
EIF2AK2;P19525;27102;RHEA:10596;mn(2+);;1;0;1;Early-onset generalized limb-onset dystonia;256;False
EIF2AK2;P19525;27102;RHEA:10596;zn(2+);;1;0;1;Early-onset generalized limb-onset dystonia;256;False
EIF2AK2;P19525;27102;RHEA:17989;mg(2+);;1;0;1;Early-onset generalized limb-onset dystonia;256;False
EIF2AK2;P19525;27102;RHEA:46608;mg(2+);;1;0;1;Early-onset generalized limb-onset dystonia;256;False
EIF2AK2;P19525;27111;RHEA:10596;mg(2+);;1;0;1;Early-onset generalized limb-onset dystonia;256;False
EIF2AK2;P19525;27111;RHEA:17989;mg(2+);;1;0;1;Early-onset generalized limb-onset dystonia;256;False
EIF2AK2;P19525;27111;RHEA:46608;mg(2+);;1;0;1;Early-onset generalized limb-onset dystonia;256;False
EIF2AK3;Q9NZJ5;27102;RHEA:10596;mg(2+);;1;0;1;Wolcott-Rallison syndrome;1667;False
EIF2AK3;Q9NZJ5;27102;RHEA:10596;mn(2+);;1;0;1;Wolcott-Rallison syndrome;1667;False
EIF2AK3;Q9NZJ5;27102;RHEA:10596;zn(2+);;1;0;1;Wolcott-Rallison syndrome;1667;False
EIF2AK3;Q9NZJ5;27102;RHEA:17989;;;1;0;1;Wolcott-Rallison syndrome;1667;False
EIF2AK3;Q9NZJ5;27102;RHEA:46608;;;1;0;1;Wolcott-Rallison syndrome;1667;False
EIF2AK3;Q9NZJ5;27111;RHEA:10596;;;1;0;1;Wolcott-Rallison syndrome;1667;False
EIF2AK3;Q9NZJ5;27111;RHEA:17989;;;1;0;1;Wolcott-Rallison syndrome;1667;False
EIF2AK3;Q9NZJ5;27111;RHEA:46608;;;1;0;1;Wolcott-Rallison syndrome;1667;False
EIF2AK4;Q9P2K8;27111;RHEA:17989;;;3;2;1;Heritable pulmonary arterial hypertension || Pulmonary capillary hemangiomatosis || Pulmonary venoocclusive disease;199241 || 275777 || 31837;True
EIF2AK4;Q9P2K8;27111;RHEA:46608;;;3;2;1;Heritable pulmonary arterial hypertension || Pulmonary capillary hemangiomatosis || Pulmonary venoocclusive disease;199241 || 275777 || 31837;True
EIF2S3;P41091;3653;RHEA:19669;;;1;0;1;MEHMO syndrome;85282;False
EIF4A2;Q14240;36413;RHEA:13065;;;1;1;0;Non-specific syndromic intellectual disability;528084;False
EIF4A3;P38919;36413;RHEA:13065;;;1;0;1;Richieri Costa-Pereira syndrome;3102;False
ELOVL4;Q9GZR5;231199;RHEA:32727;;;3;1;2;Congenital ichthyosis-intellectual disability-spastic quadriplegia syndrome || Spinocerebellar ataxia type 34 || Stargardt disease;1955 || 352333 || 827;True
ELOVL4;Q9GZR5;231199;RHEA:36479;;;3;1;2;Congenital ichthyosis-intellectual disability-spastic quadriplegia syndrome || Spinocerebellar ataxia type 34 || Stargardt disease;1955 || 352333 || 827;True
ELOVL4;Q9GZR5;231199;RHEA:36515;;;3;1;2;Congenital ichthyosis-intellectual disability-spastic quadriplegia syndrome || Spinocerebellar ataxia type 34 || Stargardt disease;1955 || 352333 || 827;True
ELOVL4;Q9GZR5;231199;RHEA:36519;;;3;1;2;Congenital ichthyosis-intellectual disability-spastic quadriplegia syndrome || Spinocerebellar ataxia type 34 || Stargardt disease;1955 || 352333 || 827;True
ELOVL4;Q9GZR5;231199;RHEA:36807;;;3;1;2;Congenital ichthyosis-intellectual disability-spastic quadriplegia syndrome || Spinocerebellar ataxia type 34 || Stargardt disease;1955 || 352333 || 827;True
ELOVL4;Q9GZR5;231199;RHEA:36819;;;3;1;2;Congenital ichthyosis-intellectual disability-spastic quadriplegia syndrome || Spinocerebellar ataxia type 34 || Stargardt disease;1955 || 352333 || 827;True
ELOVL4;Q9GZR5;231199;RHEA:36843;;;3;1;2;Congenital ichthyosis-intellectual disability-spastic quadriplegia syndrome || Spinocerebellar ataxia type 34 || Stargardt disease;1955 || 352333 || 827;True
ELOVL4;Q9GZR5;231199;RHEA:36851;;;3;1;2;Congenital ichthyosis-intellectual disability-spastic quadriplegia syndrome || Spinocerebellar ataxia type 34 || Stargardt disease;1955 || 352333 || 827;True
ELOVL4;Q9GZR5;231199;RHEA:36859;;;3;1;2;Congenital ichthyosis-intellectual disability-spastic quadriplegia syndrome || Spinocerebellar ataxia type 34 || Stargardt disease;1955 || 352333 || 827;True
ELOVL4;Q9GZR5;231199;RHEA:36871;;;3;1;2;Congenital ichthyosis-intellectual disability-spastic quadriplegia syndrome || Spinocerebellar ataxia type 34 || Stargardt disease;1955 || 352333 || 827;True
ELOVL4;Q9GZR5;231199;RHEA:36875;;;3;1;2;Congenital ichthyosis-intellectual disability-spastic quadriplegia syndrome || Spinocerebellar ataxia type 34 || Stargardt disease;1955 || 352333 || 827;True
ELOVL4;Q9GZR5;231199;RHEA:36907;;;3;1;2;Congenital ichthyosis-intellectual disability-spastic quadriplegia syndrome || Spinocerebellar ataxia type 34 || Stargardt disease;1955 || 352333 || 827;True
ELOVL4;Q9GZR5;231199;RHEA:36911;;;3;1;2;Congenital ichthyosis-intellectual disability-spastic quadriplegia syndrome || Spinocerebellar ataxia type 34 || Stargardt disease;1955 || 352333 || 827;True
ELOVL4;Q9GZR5;231199;RHEA:36915;;;3;1;2;Congenital ichthyosis-intellectual disability-spastic quadriplegia syndrome || Spinocerebellar ataxia type 34 || Stargardt disease;1955 || 352333 || 827;True
ELOVL4;Q9GZR5;231199;RHEA:36919;;;3;1;2;Congenital ichthyosis-intellectual disability-spastic quadriplegia syndrome || Spinocerebellar ataxia type 34 || Stargardt disease;1955 || 352333 || 827;True
ELOVL4;Q9GZR5;231199;RHEA:36923;;;3;1;2;Congenital ichthyosis-intellectual disability-spastic quadriplegia syndrome || Spinocerebellar ataxia type 34 || Stargardt disease;1955 || 352333 || 827;True
ELOVL4;Q9GZR5;231199;RHEA:36927;;;3;1;2;Congenital ichthyosis-intellectual disability-spastic quadriplegia syndrome || Spinocerebellar ataxia type 34 || Stargardt disease;1955 || 352333 || 827;True
ELOVL4;Q9GZR5;231199;RHEA:36943;;;3;1;2;Congenital ichthyosis-intellectual disability-spastic quadriplegia syndrome || Spinocerebellar ataxia type 34 || Stargardt disease;1955 || 352333 || 827;True
ELOVL4;Q9GZR5;231199;RHEA:36947;;;3;1;2;Congenital ichthyosis-intellectual disability-spastic quadriplegia syndrome || Spinocerebellar ataxia type 34 || Stargardt disease;1955 || 352333 || 827;True
ELOVL4;Q9GZR5;231199;RHEA:36963;;;3;1;2;Congenital ichthyosis-intellectual disability-spastic quadriplegia syndrome || Spinocerebellar ataxia type 34 || Stargardt disease;1955 || 352333 || 827;True
ELOVL4;Q9GZR5;231199;RHEA:36967;;;3;1;2;Congenital ichthyosis-intellectual disability-spastic quadriplegia syndrome || Spinocerebellar ataxia type 34 || Stargardt disease;1955 || 352333 || 827;True
ELOVL4;Q9GZR5;231199;RHEA:36979;;;3;1;2;Congenital ichthyosis-intellectual disability-spastic quadriplegia syndrome || Spinocerebellar ataxia type 34 || Stargardt disease;1955 || 352333 || 827;True
ELOVL4;Q9GZR5;231199;RHEA:36983;;;3;1;2;Congenital ichthyosis-intellectual disability-spastic quadriplegia syndrome || Spinocerebellar ataxia type 34 || Stargardt disease;1955 || 352333 || 827;True
ELOVL4;Q9GZR5;231199;RHEA:36995;;;3;1;2;Congenital ichthyosis-intellectual disability-spastic quadriplegia syndrome || Spinocerebellar ataxia type 34 || Stargardt disease;1955 || 352333 || 827;True
ELOVL4;Q9GZR5;231199;RHEA:37243;;;3;1;2;Congenital ichthyosis-intellectual disability-spastic quadriplegia syndrome || Spinocerebellar ataxia type 34 || Stargardt disease;1955 || 352333 || 827;True
ELOVL4;Q9GZR5;231199;RHEA:43852;;;3;1;2;Congenital ichthyosis-intellectual disability-spastic quadriplegia syndrome || Spinocerebellar ataxia type 34 || Stargardt disease;1955 || 352333 || 827;True
ELOVL5;Q9NYP7;231199;RHEA:32727;;;1;0;1;Spinocerebellar ataxia type 38;423296;False
ELOVL5;Q9NYP7;231199;RHEA:35379;;;1;0;1;Spinocerebellar ataxia type 38;423296;False
ELOVL5;Q9NYP7;231199;RHEA:35391;;;1;0;1;Spinocerebellar ataxia type 38;423296;False
ELOVL5;Q9NYP7;231199;RHEA:36475;;;1;0;1;Spinocerebellar ataxia type 38;423296;False
ELOVL5;Q9NYP7;231199;RHEA:36483;;;1;0;1;Spinocerebellar ataxia type 38;423296;False
ELOVL5;Q9NYP7;231199;RHEA:36503;;;1;0;1;Spinocerebellar ataxia type 38;423296;False
ELOVL5;Q9NYP7;231199;RHEA:36511;;;1;0;1;Spinocerebellar ataxia type 38;423296;False
ELOVL5;Q9NYP7;231199;RHEA:36523;;;1;0;1;Spinocerebellar ataxia type 38;423296;False
ELOVL5;Q9NYP7;231199;RHEA:39675;;;1;0;1;Spinocerebellar ataxia type 38;423296;False
ELOVL5;Q9NYP7;231199;RHEA:39679;;;1;0;1;Spinocerebellar ataxia type 38;423296;False
ENO3;P13929;42111;RHEA:10164;mg(2+);"carbohydrate degradation;glycolysis;pyruvate from d-glyceraldehyde 3-phosphate: step 4/5";1;1;0;Glycogen storage disease due to muscle beta-enolase deficiency;99849;False
ENPP1;P22413;3141;RHEA:14245;zn(2+);;4;1;3;Autosomal recessive hypophosphatemic rickets || Generalized arterial calcification of infancy || Hypopigmentation-punctate palmoplantar keratoderma syndrome || Pseudoxanthoma elasticum;289176 || 324561 || 51608 || 758;True
ENPP1;P22413;3141;RHEA:23996;zn(2+);;4;1;3;Autosomal recessive hypophosphatemic rickets || Generalized arterial calcification of infancy || Hypopigmentation-punctate palmoplantar keratoderma syndrome || Pseudoxanthoma elasticum;289176 || 324561 || 51608 || 758;True
ENPP1;P22413;3141;RHEA:25277;zn(2+);;4;1;3;Autosomal recessive hypophosphatemic rickets || Generalized arterial calcification of infancy || Hypopigmentation-punctate palmoplantar keratoderma syndrome || Pseudoxanthoma elasticum;289176 || 324561 || 51608 || 758;True
ENPP1;P22413;3141;RHEA:27762;zn(2+);;4;1;3;Autosomal recessive hypophosphatemic rickets || Generalized arterial calcification of infancy || Hypopigmentation-punctate palmoplantar keratoderma syndrome || Pseudoxanthoma elasticum;289176 || 324561 || 51608 || 758;True
ENPP1;P22413;3141;RHEA:29391;zn(2+);;4;1;3;Autosomal recessive hypophosphatemic rickets || Generalized arterial calcification of infancy || Hypopigmentation-punctate palmoplantar keratoderma syndrome || Pseudoxanthoma elasticum;289176 || 324561 || 51608 || 758;True
ENPP1;P22413;3141;RHEA:29395;zn(2+);;4;1;3;Autosomal recessive hypophosphatemic rickets || Generalized arterial calcification of infancy || Hypopigmentation-punctate palmoplantar keratoderma syndrome || Pseudoxanthoma elasticum;289176 || 324561 || 51608 || 758;True
ENPP1;P22413;3141;RHEA:32039;zn(2+);;4;1;3;Autosomal recessive hypophosphatemic rickets || Generalized arterial calcification of infancy || Hypopigmentation-punctate palmoplantar keratoderma syndrome || Pseudoxanthoma elasticum;289176 || 324561 || 51608 || 758;True
ENPP1;P22413;3141;RHEA:58808;zn(2+);;4;1;3;Autosomal recessive hypophosphatemic rickets || Generalized arterial calcification of infancy || Hypopigmentation-punctate palmoplantar keratoderma syndrome || Pseudoxanthoma elasticum;289176 || 324561 || 51608 || 758;True
ENPP1;P22413;3619;RHEA:14245;zn(2+);;4;1;3;Autosomal recessive hypophosphatemic rickets || Generalized arterial calcification of infancy || Hypopigmentation-punctate palmoplantar keratoderma syndrome || Pseudoxanthoma elasticum;289176 || 324561 || 51608 || 758;True
ENPP1;P22413;3619;RHEA:23996;zn(2+);;4;1;3;Autosomal recessive hypophosphatemic rickets || Generalized arterial calcification of infancy || Hypopigmentation-punctate palmoplantar keratoderma syndrome || Pseudoxanthoma elasticum;289176 || 324561 || 51608 || 758;True
ENPP1;P22413;3619;RHEA:25277;zn(2+);;4;1;3;Autosomal recessive hypophosphatemic rickets || Generalized arterial calcification of infancy || Hypopigmentation-punctate palmoplantar keratoderma syndrome || Pseudoxanthoma elasticum;289176 || 324561 || 51608 || 758;True
ENPP1;P22413;3619;RHEA:27762;zn(2+);;4;1;3;Autosomal recessive hypophosphatemic rickets || Generalized arterial calcification of infancy || Hypopigmentation-punctate palmoplantar keratoderma syndrome || Pseudoxanthoma elasticum;289176 || 324561 || 51608 || 758;True
ENPP1;P22413;3619;RHEA:29391;zn(2+);;4;1;3;Autosomal recessive hypophosphatemic rickets || Generalized arterial calcification of infancy || Hypopigmentation-punctate palmoplantar keratoderma syndrome || Pseudoxanthoma elasticum;289176 || 324561 || 51608 || 758;True
ENPP1;P22413;3619;RHEA:29395;zn(2+);;4;1;3;Autosomal recessive hypophosphatemic rickets || Generalized arterial calcification of infancy || Hypopigmentation-punctate palmoplantar keratoderma syndrome || Pseudoxanthoma elasticum;289176 || 324561 || 51608 || 758;True
ENPP1;P22413;3619;RHEA:32039;zn(2+);;4;1;3;Autosomal recessive hypophosphatemic rickets || Generalized arterial calcification of infancy || Hypopigmentation-punctate palmoplantar keratoderma syndrome || Pseudoxanthoma elasticum;289176 || 324561 || 51608 || 758;True
ENPP1;P22413;3619;RHEA:58808;zn(2+);;4;1;3;Autosomal recessive hypophosphatemic rickets || Generalized arterial calcification of infancy || Hypopigmentation-punctate palmoplantar keratoderma syndrome || Pseudoxanthoma elasticum;289176 || 324561 || 51608 || 758;True
ENTPD1;P49961;3615;RHEA:13065;"ca(2+);mg(2+)";;1;0;1;Autosomal recessive spastic paraplegia type 64;401810;False
ENTPD1;P49961;3615;RHEA:19669;"ca(2+);mg(2+)";;1;0;1;Autosomal recessive spastic paraplegia type 64;401810;False
ENTPD1;P49961;3615;RHEA:20988;"ca(2+);mg(2+)";;1;0;1;Autosomal recessive spastic paraplegia type 64;401810;False
ENTPD1;P49961;3615;RHEA:22156;"ca(2+);mg(2+)";;1;0;1;Autosomal recessive spastic paraplegia type 64;401810;False
ENTPD1;P49961;3615;RHEA:23680;"ca(2+);mg(2+)";;1;0;1;Autosomal recessive spastic paraplegia type 64;401810;False
ENTPD1;P49961;3615;RHEA:28330;"ca(2+);mg(2+)";;1;0;1;Autosomal recessive spastic paraplegia type 64;401810;False
ENTPD1;P49961;3615;RHEA:29387;"ca(2+);mg(2+)";;1;0;1;Autosomal recessive spastic paraplegia type 64;401810;False
ENTPD1;P49961;3615;RHEA:35207;"ca(2+);mg(2+)";;1;0;1;Autosomal recessive spastic paraplegia type 64;401810;False
ENTPD1;P49961;3615;RHEA:36795;"ca(2+);mg(2+)";;1;0;1;Autosomal recessive spastic paraplegia type 64;401810;False
ENTPD1;P49961;3615;RHEA:36799;"ca(2+);mg(2+)";;1;0;1;Autosomal recessive spastic paraplegia type 64;401810;False
ENTPD1;P49961;3615;RHEA:61436;"ca(2+);mg(2+)";;1;0;1;Autosomal recessive spastic paraplegia type 64;401810;False
ENTPD1;P49961;3615;RHEA:64876;"ca(2+);mg(2+)";;1;0;1;Autosomal recessive spastic paraplegia type 64;401810;False
ENTPD1;P49961;3615;RHEA:64880;"ca(2+);mg(2+)";;1;0;1;Autosomal recessive spastic paraplegia type 64;401810;False
ENTPD1;P49961;3615;RHEA:64896;"ca(2+);mg(2+)";;1;0;1;Autosomal recessive spastic paraplegia type 64;401810;False
ENTPD1;P49961;3615;RHEA:64900;"ca(2+);mg(2+)";;1;0;1;Autosomal recessive spastic paraplegia type 64;401810;False
ENTPD1;P49961;3615;RHEA:64904;"ca(2+);mg(2+)";;1;0;1;Autosomal recessive spastic paraplegia type 64;401810;False
ENTPD1;P49961;3615;RHEA:64908;"ca(2+);mg(2+)";;1;0;1;Autosomal recessive spastic paraplegia type 64;401810;False
ENTPD1;P49961;3615;RHEA:77735;"ca(2+);mg(2+)";;1;0;1;Autosomal recessive spastic paraplegia type 64;401810;False
EOGT;Q5NDL2;241255;RHEA:48904;;;1;0;1;Adams-Oliver syndrome;974;False
EOGT;Q5NDL2;241255;RHEA:48908;;;1;0;1;Adams-Oliver syndrome;974;False
EPHA2;P29317;27101;RHEA:10596;ca(2+);;4;4;0;Early-onset nuclear cataract || Early-onset posterior polar cataract || Early-onset posterior subcapsular cataract || Total early-onset cataract;441447 || 98991 || 98993 || 98994;False
EPHA2;P29317;27101;RHEA:10596;mg(2+);;4;4;0;Early-onset nuclear cataract || Early-onset posterior polar cataract || Early-onset posterior subcapsular cataract || Total early-onset cataract;441447 || 98991 || 98993 || 98994;False
EPHB2;P29323;27101;RHEA:10596;ca(2+);;1;1;0;Familial prostate cancer;1331;False
EPHB2;P29323;27101;RHEA:10596;mg(2+);;1;1;0;Familial prostate cancer;1331;False
EPHB4;P54760;27101;RHEA:10596;ca(2+);;4;2;2;EPHB4-related capillary malformation-arteriovenous malformation || EPHB4-related lymphatic-related hydrops fetalis || Meige disease || Vein of Galen malformation;1053 || 568065 || 693912 || 90186;True
EPHB4;P54760;27101;RHEA:10596;mg(2+);;4;2;2;EPHB4-related capillary malformation-arteriovenous malformation || EPHB4-related lymphatic-related hydrops fetalis || Meige disease || Vein of Galen malformation;1053 || 568065 || 693912 || 90186;True
EPHX1;P07099;3329;RHEA:23900;;;1;1;0;Familial hypercholanemia;238475;False
EPHX1;P07099;3329;RHEA:26132;;;1;1;0;Familial hypercholanemia;238475;False
EPHX1;P07099;3329;RHEA:44044;;;1;1;0;Familial hypercholanemia;238475;False
EPHX1;P07099;3329;RHEA:44048;;;1;1;0;Familial hypercholanemia;238475;False
EPHX1;P07099;3329;RHEA:55764;;;1;1;0;Familial hypercholanemia;238475;False
ERBB2;P04626;27101;RHEA:10596;ca(2+);;4;2;2;Adenocarcinoma of the oesophagus and oesophagogastric junction || Extramammary Paget disease || Hirschsprung disease || Serous carcinoma of the corpus uteri;213726 || 2800 || 388 || 99976;True
ERBB2;P04626;27101;RHEA:10596;mg(2+);;4;2;2;Adenocarcinoma of the oesophagus and oesophagogastric junction || Extramammary Paget disease || Hirschsprung disease || Serous carcinoma of the corpus uteri;213726 || 2800 || 388 || 99976;True
ERBB3;P21860;27101;RHEA:10596;ca(2+);;2;1;1;Hirschsprung disease || Lethal congenital contracture syndrome type 2;137776 || 388;True
ERBB3;P21860;27101;RHEA:10596;mg(2+);;2;1;1;Hirschsprung disease || Lethal congenital contracture syndrome type 2;137776 || 388;True
ERBB4;Q15303;27101;RHEA:10596;ca(2+);;2;1;1;Amyotrophic lateral sclerosis || Autosomal dominant non-syndromic intellectual disability;178469 || 803;True
ERBB4;Q15303;27101;RHEA:10596;mg(2+);;2;1;1;Amyotrophic lateral sclerosis || Autosomal dominant non-syndromic intellectual disability;178469 || 803;True
ERCC2;P18074;5623;RHEA:13065;[4fe-4s] cluster;;4;0;4;COFS syndrome || Trichothiodystrophy || Xeroderma pigmentosum || Xeroderma pigmentosum-Cockayne syndrome complex;1466 || 220295 || 33364 || 910;False
ERCC2;P18074;5623;RHEA:13065;mg(2+);;4;0;4;COFS syndrome || Trichothiodystrophy || Xeroderma pigmentosum || Xeroderma pigmentosum-Cockayne syndrome complex;1466 || 220295 || 33364 || 910;False
ERCC3;P19447;5624;RHEA:13065;zn(2+);;3;0;3;Trichothiodystrophy || Xeroderma pigmentosum || Xeroderma pigmentosum-Cockayne syndrome complex;220295 || 33364 || 910;False
ETFDH;Q16134;1551;RHEA:24052;[4fe-4s] cluster;;2;2;0;Multiple acyl-CoA dehydrogenase deficiency, mild type || Multiple acyl-CoA dehydrogenase deficiency, severe neonatal type;394529 || 394532;False
ETHE1;O95571;1131118;RHEA:12981;fe(2+);;1;0;1;Ethylmalonic encephalopathy;51188;False
EXT1;Q16394;241225;RHEA:20908;;;3;1;2;Chondrosarcoma || Multiple osteochondromas || Trichorhinophalangeal syndrome type 2;321 || 502 || 55880;True
EXT2;Q93063;241224;RHEA:16213;mn(2+);"protein glycosylation;protein modification";3;0;3;Multiple osteochondromas || Potocki-Shaffer syndrome || Seizures-scoliosis-macrocephaly syndrome;321 || 466926 || 52022;False
EXTL3;O43909;241223;RHEA:16221;mn(2+);"glycan metabolism;heparan sulfate biosynthesis";1;0;1;Skeletal dysplasia-T-cell immunodeficiency-developmental delay syndrome;508533;False
EYA1;Q99502;31316;RHEA:10684;mg(2+);;3;0;3;BOR syndrome || Branchiootic syndrome || Otofaciocervical syndrome;107 || 2792 || 52429;False
EYA1;Q99502;31316;RHEA:20629;mg(2+);;3;0;3;BOR syndrome || Branchiootic syndrome || Otofaciocervical syndrome;107 || 2792 || 52429;False
EYA1;Q99502;31316;RHEA:47004;mg(2+);;3;0;3;BOR syndrome || Branchiootic syndrome || Otofaciocervical syndrome;107 || 2792 || 52429;False
EYA1;Q99502;31348;RHEA:10684;mg(2+);;3;0;3;BOR syndrome || Branchiootic syndrome || Otofaciocervical syndrome;107 || 2792 || 52429;False
EYA1;Q99502;31348;RHEA:20629;mg(2+);;3;0;3;BOR syndrome || Branchiootic syndrome || Otofaciocervical syndrome;107 || 2792 || 52429;False
EYA1;Q99502;31348;RHEA:47004;mg(2+);;3;0;3;BOR syndrome || Branchiootic syndrome || Otofaciocervical syndrome;107 || 2792 || 52429;False
EYA4;O95677;31348;RHEA:10684;mg(2+);;2;1;1;Rare autosomal dominant non-syndromic sensorineural deafness type DFNA || Sensorineural deafness with dilated cardiomyopathy;217622 || 90635;True
EZH2;Q15910;211356;RHEA:60292;;;1;0;1;Weaver syndrome;3447;False
F13A1;P00488;23213;RHEA:54816;ca(2+);;1;0;1;Congenital factor XIII deficiency;331;False
FAH;P16930;3712;RHEA:10244;ca(2+);"acetoacetate and fumarate from l-phenylalanine: step 6/6;amino-acid degradation;l-phenylalanine degradation";1;0;1;Tyrosinemia type 1;882;False
FAM20C;Q8IXL6;27111;RHEA:17989;mn(2+);;1;0;1;Osteosclerotic bone dysplasia;1832;False
FAM20C;Q8IXL6;27111;RHEA:46608;mn(2+);;1;0;1;Osteosclerotic bone dysplasia;1832;False
FANCM;Q8IYD8;36413;RHEA:13065;;;2;0;2;Fanconi anemia || Male infertility with azoospermia or oligozoospermia due to single gene mutation;399805 || 84;False
FAR1;Q8WVX9;12184;RHEA:36315;;;2;1;1;Fatty acyl-CoA reductase 1 deficiency || Spastic paraparesis-cataracts-speech delay syndrome;438178 || 615938;True
FAR1;Q8WVX9;12184;RHEA:36319;;;2;1;1;Fatty acyl-CoA reductase 1 deficiency || Spastic paraparesis-cataracts-speech delay syndrome;438178 || 615938;True
FAR1;Q8WVX9;12184;RHEA:36323;;;2;1;1;Fatty acyl-CoA reductase 1 deficiency || Spastic paraparesis-cataracts-speech delay syndrome;438178 || 615938;True
FAR1;Q8WVX9;12184;RHEA:36363;;;2;1;1;Fatty acyl-CoA reductase 1 deficiency || Spastic paraparesis-cataracts-speech delay syndrome;438178 || 615938;True
FAR1;Q8WVX9;12184;RHEA:52716;;;2;1;1;Fatty acyl-CoA reductase 1 deficiency || Spastic paraparesis-cataracts-speech delay syndrome;438178 || 615938;True
FAR1;Q8WVX9;12184;RHEA:81727;;;2;1;1;Fatty acyl-CoA reductase 1 deficiency || Spastic paraparesis-cataracts-speech delay syndrome;438178 || 615938;True
FAR1;Q8WVX9;12184;RHEA:81763;;;2;1;1;Fatty acyl-CoA reductase 1 deficiency || Spastic paraparesis-cataracts-speech delay syndrome;438178 || 615938;True
FAR1;Q8WVX9;12184;RHEA:81767;;;2;1;1;Fatty acyl-CoA reductase 1 deficiency || Spastic paraparesis-cataracts-speech delay syndrome;438178 || 615938;True
FARS2;O95363;61120;RHEA:19413;mg(2+);;2;1;1;Autosomal recessive spastic paraplegia type 77 || Combined oxidative phosphorylation defect type 14;319519 || 466722;True
FARSA;Q9Y285;61120;RHEA:19413;mg(2+);;1;1;0;Interstitial lung disease-brain calcification syndrome;178506;False
FARSB;Q9NSD9;61120;RHEA:19413;mg(2+);;1;1;0;Interstitial lung disease-brain calcification syndrome;178506;False
FBP1;P09467;31311;RHEA:11064;mg(2+);"carbohydrate biosynthesis;gluconeogenesis";1;0;1;Fructose-1,6-bisphosphatase deficiency;348;False
FDPS;P14324;2511;RHEA:19361;mg(2+);;1;0;1;Disseminated superficial actinic porokeratosis;79152;False
FDPS;P14324;2511;RHEA:22408;mg(2+);;1;0;1;Disseminated superficial actinic porokeratosis;79152;False
FDPS;P14324;25110;RHEA:19361;mg(2+);;1;0;1;Disseminated superficial actinic porokeratosis;79152;False
FDPS;P14324;25110;RHEA:22408;mg(2+);;1;0;1;Disseminated superficial actinic porokeratosis;79152;False
FECH;P22830;49811;RHEA:22584;[2fe-2s] cluster;"porphyrin-containing compound metabolism;protoheme biosynthesis;protoheme from protoporphyrin-ix: step 1/1";1;0;1;Autosomal erythropoietic protoporphyria;79278;False
FGFR1;P11362;27101;RHEA:10596;ca(2+);;17;5;12;Encephalocraniocutaneous lipomatosis || Giant cell glioblastoma || Gliosarcoma || Hartsfield syndrome || Kallmann syndrome || Lobar holoprosencephaly || Microform holoprosencephaly || Myeloid/lymphoid neoplasm associated with FGFR1 rearrangement || Non-syndromic metopic craniosynostosis || Normosmic congenital hypogonadotropic hypogonadism || Oligodontia || Osteoglosphonic dysplasia || Pfeiffer syndrome type 1 || Pilomyxoid astrocytoma || Primary hypereosinophilic syndrome || Semilobar holoprosencephaly || Septo-optic dysplasia spectrum;168953 || 2117 || 220386 || 2396 || 251576 || 251579 || 251615 || 2645 || 280200 || 314950 || 3157 || 3366 || 432 || 478 || 93258 || 93924 || 99798;True
FGFR1;P11362;27101;RHEA:10596;mg(2+);;17;5;12;Encephalocraniocutaneous lipomatosis || Giant cell glioblastoma || Gliosarcoma || Hartsfield syndrome || Kallmann syndrome || Lobar holoprosencephaly || Microform holoprosencephaly || Myeloid/lymphoid neoplasm associated with FGFR1 rearrangement || Non-syndromic metopic craniosynostosis || Normosmic congenital hypogonadotropic hypogonadism || Oligodontia || Osteoglosphonic dysplasia || Pfeiffer syndrome type 1 || Pilomyxoid astrocytoma || Primary hypereosinophilic syndrome || Semilobar holoprosencephaly || Septo-optic dysplasia spectrum;168953 || 2117 || 220386 || 2396 || 251576 || 251579 || 251615 || 2645 || 280200 || 314950 || 3157 || 3366 || 432 || 478 || 93258 || 93924 || 99798;True
FGFR2;P21802;27101;RHEA:10596;ca(2+);;12;1;11;Antley-Bixler syndrome without genital anomaly or disorder of steroidogenesis || Apert syndrome || Crouzon syndrome || Cutis gyrata-acanthosis nigricans-craniosynostosis syndrome || FGFR2-related bent bone dysplasia || Familial scaphocephaly syndrome, McGillivray type || Jackson-Weiss syndrome || Lacrimoauriculodentodigital syndrome || Pfeiffer syndrome type 1 || Pfeiffer syndrome type 2 || Pfeiffer syndrome type 3 || Saethre-Chotzen syndrome;1540 || 1555 || 168624 || 207 || 2363 || 313855 || 596008 || 794 || 87 || 93258 || 93259 || 93260;True
FGFR2;P21802;27101;RHEA:10596;mg(2+);;12;1;11;Antley-Bixler syndrome without genital anomaly or disorder of steroidogenesis || Apert syndrome || Crouzon syndrome || Cutis gyrata-acanthosis nigricans-craniosynostosis syndrome || FGFR2-related bent bone dysplasia || Familial scaphocephaly syndrome, McGillivray type || Jackson-Weiss syndrome || Lacrimoauriculodentodigital syndrome || Pfeiffer syndrome type 1 || Pfeiffer syndrome type 2 || Pfeiffer syndrome type 3 || Saethre-Chotzen syndrome;1540 || 1555 || 168624 || 207 || 2363 || 313855 || 596008 || 794 || 87 || 93258 || 93259 || 93260;True
FGFR3;P22607;27101;RHEA:10596;ca(2+);;13;2;11;Achondroplasia || Camptodactyly-tall stature-scoliosis-hearing loss syndrome || Crouzon syndrome-acanthosis nigricans syndrome || Giant cell glioblastoma || Gliosarcoma || Hypochondroplasia || Lacrimoauriculodentodigital syndrome || Muenke syndrome || Non-syndromic bicoronal craniosynostosis || Saethre-Chotzen syndrome || Severe achondroplasia-developmental delay-acanthosis nigricans syndrome || Thanatophoric dysplasia type 1 || Thanatophoric dysplasia type 2;15 || 1860 || 2363 || 251576 || 251579 || 35099 || 429 || 53271 || 794 || 85164 || 85165 || 93262 || 93274;True
FGFR3;P22607;27101;RHEA:10596;mg(2+);;13;2;11;Achondroplasia || Camptodactyly-tall stature-scoliosis-hearing loss syndrome || Crouzon syndrome-acanthosis nigricans syndrome || Giant cell glioblastoma || Gliosarcoma || Hypochondroplasia || Lacrimoauriculodentodigital syndrome || Muenke syndrome || Non-syndromic bicoronal craniosynostosis || Saethre-Chotzen syndrome || Severe achondroplasia-developmental delay-acanthosis nigricans syndrome || Thanatophoric dysplasia type 1 || Thanatophoric dysplasia type 2;15 || 1860 || 2363 || 251576 || 251579 || 35099 || 429 || 53271 || 794 || 85164 || 85165 || 93262 || 93274;True
FH;P07954;4212;RHEA:12460;;;3;0;3;Fumaric aciduria || Hereditary leiomyomatosis and renal cell cancer || Hereditary pheochromocytoma-paraganglioma;24 || 29072 || 523;False
FHIT;P49789;27751;RHEA:13893;;;1;1;0;Hereditary clear cell renal cell carcinoma;422526;False
FHIT;P49789;27751;RHEA:17041;;;1;1;0;Hereditary clear cell renal cell carcinoma;422526;False
FHIT;P49789;27751;RHEA:19197;;;1;1;0;Hereditary clear cell renal cell carcinoma;422526;False
FHIT;P49789;27751;RHEA:67916;;;1;1;0;Hereditary clear cell renal cell carcinoma;422526;False
FHIT;P49789;36129;RHEA:13893;;;1;1;0;Hereditary clear cell renal cell carcinoma;422526;False
FHIT;P49789;36129;RHEA:17041;;;1;1;0;Hereditary clear cell renal cell carcinoma;422526;False
FHIT;P49789;36129;RHEA:19197;;;1;1;0;Hereditary clear cell renal cell carcinoma;422526;False
FHIT;P49789;36129;RHEA:67916;;;1;1;0;Hereditary clear cell renal cell carcinoma;422526;False
FHIT;P49789;3621;RHEA:13893;;;1;1;0;Hereditary clear cell renal cell carcinoma;422526;False
FHIT;P49789;3621;RHEA:17041;;;1;1;0;Hereditary clear cell renal cell carcinoma;422526;False
FHIT;P49789;3621;RHEA:19197;;;1;1;0;Hereditary clear cell renal cell carcinoma;422526;False
FHIT;P49789;3621;RHEA:67916;;;1;1;0;Hereditary clear cell renal cell carcinoma;422526;False
FHIT;P49789;391-;RHEA:13893;;;1;1;0;Hereditary clear cell renal cell carcinoma;422526;False
FHIT;P49789;391-;RHEA:17041;;;1;1;0;Hereditary clear cell renal cell carcinoma;422526;False
FHIT;P49789;391-;RHEA:19197;;;1;1;0;Hereditary clear cell renal cell carcinoma;422526;False
FHIT;P49789;391-;RHEA:67916;;;1;1;0;Hereditary clear cell renal cell carcinoma;422526;False
FKBP10;Q96AY3;5218;RHEA:16237;;;4;2;2;Bruck syndrome || Kuskokwim syndrome || Osteogenesis imperfecta type 3 || Osteogenesis imperfecta type 4;1149 || 216812 || 216820 || 2771;True
FKBP14;Q9NWM8;5218;RHEA:16237;;;1;0;1;Kyphoscoliotic Ehlers-Danlos syndrome due to FKBP22 deficiency;300179;False
FLAD1;Q8NFF5;2772;RHEA:17237;mg(2+);"cofactor biosynthesis;fad biosynthesis;fad from fmn: step 1/1";2;2;0;Multiple acyl-CoA dehydrogenase deficiency, mild type || Multiple acyl-CoA dehydrogenase deficiency, severe neonatal type;394529 || 394532;False
FLT1;P17948;27101;RHEA:10596;ca(2+);;1;0;1;Preeclampsia;275555;False
FLT1;P17948;27101;RHEA:10596;mg(2+);;1;0;1;Preeclampsia;275555;False
FLT3;P36888;27101;RHEA:10596;ca(2+);;9;9;0;"Acute myeloblastic leukemia with maturation || Acute myeloblastic leukemia without maturation || Acute myeloid leukemia with abnormal bone marrow eosinophils inv(16)(p13q22) or t(16;16)(p13;q22) || Acute myeloid leukemia with minimal differentiation || Acute myeloid leukemia with t(8;21)(q22;q22) translocation || B-lymphoblastic leukemia/lymphoma with t(9;22)(q34.1;q11.2) || Mixed phenotype acute leukemia with t(9;22)(q34.1;q11.2) || Mixed phenotype acute leukemia with t(v;11q23.3) || Precursor T-cell acute lymphoblastic leukemia";102724 || 585909 || 589534 || 589595 || 98829 || 98832 || 98833 || 98834 || 99861;False
FLT3;P36888;27101;RHEA:10596;mg(2+);;9;9;0;"Acute myeloblastic leukemia with maturation || Acute myeloblastic leukemia without maturation || Acute myeloid leukemia with abnormal bone marrow eosinophils inv(16)(p13q22) or t(16;16)(p13;q22) || Acute myeloid leukemia with minimal differentiation || Acute myeloid leukemia with t(8;21)(q22;q22) translocation || B-lymphoblastic leukemia/lymphoma with t(9;22)(q34.1;q11.2) || Mixed phenotype acute leukemia with t(9;22)(q34.1;q11.2) || Mixed phenotype acute leukemia with t(v;11q23.3) || Precursor T-cell acute lymphoblastic leukemia";102724 || 585909 || 589534 || 589595 || 98829 || 98832 || 98833 || 98834 || 99861;False
FLT4;P35916;27101;RHEA:10596;ca(2+);;2;0;2;Milroy disease || Tetralogy of Fallot;3303 || 79452;False
FLT4;P35916;27101;RHEA:10596;mg(2+);;2;0;2;Milroy disease || Tetralogy of Fallot;3303 || 79452;False
FMO3;P31513;11413148;RHEA:10796;fad;;1;0;1;Severe primary trimethylaminuria;468726;False
FMO3;P31513;11413148;RHEA:24468;fad;;1;0;1;Severe primary trimethylaminuria;468726;False
FMO3;P31513;11413148;RHEA:31979;fad;;1;0;1;Severe primary trimethylaminuria;468726;False
FMO3;P31513;11413148;RHEA:58720;fad;;1;0;1;Severe primary trimethylaminuria;468726;False
FMO3;P31513;11413148;RHEA:69819;fad;;1;0;1;Severe primary trimethylaminuria;468726;False
FMO3;P31513;1141332;RHEA:10796;fad;;1;0;1;Severe primary trimethylaminuria;468726;False
FMO3;P31513;1141332;RHEA:24468;fad;;1;0;1;Severe primary trimethylaminuria;468726;False
FMO3;P31513;1141332;RHEA:31979;fad;;1;0;1;Severe primary trimethylaminuria;468726;False
FMO3;P31513;1141332;RHEA:58720;fad;;1;0;1;Severe primary trimethylaminuria;468726;False
FMO3;P31513;1141332;RHEA:69819;fad;;1;0;1;Severe primary trimethylaminuria;468726;False
FMO3;P31513;114138;RHEA:10796;fad;;1;0;1;Severe primary trimethylaminuria;468726;False
FMO3;P31513;114138;RHEA:24468;fad;;1;0;1;Severe primary trimethylaminuria;468726;False
FMO3;P31513;114138;RHEA:31979;fad;;1;0;1;Severe primary trimethylaminuria;468726;False
FMO3;P31513;114138;RHEA:58720;fad;;1;0;1;Severe primary trimethylaminuria;468726;False
FMO3;P31513;114138;RHEA:69819;fad;;1;0;1;Severe primary trimethylaminuria;468726;False
FTCD;O95954;2125;RHEA:15097;;;1;0;1;Formiminoglutamic aciduria;51208;False
FTCD;O95954;2125;RHEA:22736;;;1;0;1;Formiminoglutamic aciduria;51208;False
FTCD;O95954;4314;RHEA:15097;;;1;0;1;Formiminoglutamic aciduria;51208;False
FTCD;O95954;4314;RHEA:22736;;;1;0;1;Formiminoglutamic aciduria;51208;False
FTH1;P02794;11631;RHEA:11148;cu cation;;1;1;0;FTH1-related iron overload;247790;False
FTSJ1;Q9UET6;211205;RHEA:42396;;;1;1;0;X-linked non-syndromic intellectual disability;777;False
FUCA1;P04066;32151;RHEA:12288;;;1;0;1;Fucosidosis;349;False
FUCA1;P04066;32151;RHEA:48224;;;1;0;1;Fucosidosis;349;False
FUCA1;P04066;32151;RHEA:49308;;;1;0;1;Fucosidosis;349;False
FXN;Q16595;11631;RHEA:11148;cu cation;;1;0;1;Friedreich ataxia;95;False
G6PC1;P35575;3139;RHEA:16689;;;1;1;0;Glycogen storage disease due to glucose-6-phosphatase deficiency type Ia;79258;False
G6PC3;Q9BUM1;3139;RHEA:16689;;;1;1;0;Severe congenital neutropenia due to G6PC3 deficiency;331176;False
G6PD;P11413;11149;RHEA:15841;;;1;1;0;Class I glucose-6-phosphate dehydrogenase deficiency;466026;False
GAD1;Q99259;41115;RHEA:17785;pyridoxal 5'-phosphate;;1;1;0;Inherited congenital spastic tetraplegia;210141;False
GALC;P54803;32146;RHEA:14297;;;3;0;3;Adult Krabbe disease || Infantile Krabbe disease || Late-infantile/juvenile Krabbe disease;206436 || 206443 || 206448;False
GALC;P54803;32146;RHEA:43412;;;3;0;3;Adult Krabbe disease || Infantile Krabbe disease || Late-infantile/juvenile Krabbe disease;206436 || 206443 || 206448;False
GALC;P54803;32146;RHEA:43908;;;3;0;3;Adult Krabbe disease || Infantile Krabbe disease || Late-infantile/juvenile Krabbe disease;206436 || 206443 || 206448;False
GALE;Q14376;5132;RHEA:20517;nad(+);;2;2;0;Erythrocyte galactose epimerase deficiency || Generalized galactose epimerase deficiency;308473 || 308487;False
GALE;Q14376;5132;RHEA:22168;nad(+);;2;2;0;Erythrocyte galactose epimerase deficiency || Generalized galactose epimerase deficiency;308473 || 308487;False
GALE;Q14376;5137;RHEA:20517;nad(+);;2;2;0;Erythrocyte galactose epimerase deficiency || Generalized galactose epimerase deficiency;308473 || 308487;False
GALE;Q14376;5137;RHEA:22168;nad(+);;2;2;0;Erythrocyte galactose epimerase deficiency || Generalized galactose epimerase deficiency;308473 || 308487;False
GALK1;P51570;2716;RHEA:13553;;;1;0;1;Galactokinase deficiency;79237;False
GALM;Q96C23;5133;RHEA:10264;;;1;0;1;Galactose mutarotase deficiency;570422;False
GALM;Q96C23;5133;RHEA:28675;;;1;0;1;Galactose mutarotase deficiency;570422;False
GALNT3;Q14435;24141;RHEA:23956;mn(2+);;1;1;0;Familial hyperphosphatemic tumoral calcinosis/Hyperphosphatemic hyperostosis syndrome;306661;False
GALNT3;Q14435;24141;RHEA:52424;mn(2+);;1;1;0;Familial hyperphosphatemic tumoral calcinosis/Hyperphosphatemic hyperostosis syndrome;306661;False
GALT;P07902;27712;RHEA:13989;zn(2+);"carbohydrate metabolism;galactose metabolism";1;0;1;Classic galactosemia;79239;False
GAMT;Q14353;2112;RHEA:10656;;;1;0;1;Guanidinoacetate methyltransferase deficiency;382;False
GANAB;Q14697;321207;RHEA:55996;;;1;0;1;Autosomal dominant polycystic kidney disease;730;False
GANAB;Q14697;321207;RHEA:56000;;;1;0;1;Autosomal dominant polycystic kidney disease;730;False
GATM;P50440;2141;RHEA:13201;;;2;0;2;L-Arginine:glycine amidinotransferase deficiency || Primary Fanconi renotubular syndrome;3337 || 35704;False
GATM;P50440;2141;RHEA:75939;;;2;0;2;L-Arginine:glycine amidinotransferase deficiency || Primary Fanconi renotubular syndrome;3337 || 35704;False
GATM;P50440;2141;RHEA:75943;;;2;0;2;L-Arginine:glycine amidinotransferase deficiency || Primary Fanconi renotubular syndrome;3337 || 35704;False
GATM;P50440;2141;RHEA:75947;;;2;0;2;L-Arginine:glycine amidinotransferase deficiency || Primary Fanconi renotubular syndrome;3337 || 35704;False
GCDH;Q92947;1386;RHEA:13389;fad;"amino-acid metabolism;lysine degradation;tryptophan metabolism";1;0;1;Glutaryl-CoA dehydrogenase deficiency;25;False
GCH1;P30793;35416;RHEA:17473;;;2;1;1;Autosomal dominant dopa-responsive dystonia || GTP cyclohydrolase I deficiency;2102 || 98808;True
GCK;P35557;2711;RHEA:11028;;;3;0;3;Congenital glucokinase-related hyperinsulinism || Isolated permanent neonatal diabetes mellitus || MODY;552 || 79299 || 99885;False
GCK;P35557;2711;RHEA:16125;;;3;0;3;Congenital glucokinase-related hyperinsulinism || Isolated permanent neonatal diabetes mellitus || MODY;552 || 79299 || 99885;False
GCK;P35557;2711;RHEA:17825;;;3;0;3;Congenital glucokinase-related hyperinsulinism || Isolated permanent neonatal diabetes mellitus || MODY;552 || 79299 || 99885;False
GCK;P35557;2711;RHEA:22740;;;3;0;3;Congenital glucokinase-related hyperinsulinism || Isolated permanent neonatal diabetes mellitus || MODY;552 || 79299 || 99885;False
GCLC;P48506;6322;RHEA:13285;;;2;0;2;Cystic fibrosis || Glutamate-cysteine ligase deficiency;33574 || 586;False
GCLC;P48506;6322;RHEA:72067;;;2;0;2;Cystic fibrosis || Glutamate-cysteine ligase deficiency;33574 || 586;False
GCNT2;Q8N0V5;241150;RHEA:54820;;;1;1;0;Total early-onset cataract;98994;False
GFER;P55789;1832;RHEA:17357;fad;;1;0;1;Congenital cataract-progressive muscular hypotonia-hearing loss-developmental delay syndrome;330054;False
GFPT1;Q06210;26116;RHEA:13237;;;1;0;1;Congenital myasthenic syndrome with glycosylation defect;353327;False
GGCX;P38435;41190;RHEA:45140;;;3;0;3;Body skin hyperlaxity due to vitamin K-dependent coagulation factor deficiency || Hereditary combined deficiency of vitamin K-dependent clotting factors || Pseudoxanthoma elasticum-like skin manifestations with retinitis pigmentosa;436274 || 91135 || 98434;False
GGT1;P19440;2322;RHEA:23904;;;1;0;1;Gamma-glutamyl transpeptidase deficiency;33573;False
GGT1;P19440;2322;RHEA:28807;;;1;0;1;Gamma-glutamyl transpeptidase deficiency;33573;False
GGT1;P19440;2322;RHEA:31563;;;1;0;1;Gamma-glutamyl transpeptidase deficiency;33573;False
GGT1;P19440;2322;RHEA:53512;;;1;0;1;Gamma-glutamyl transpeptidase deficiency;33573;False
GGT1;P19440;2322;RHEA:59468;;;1;0;1;Gamma-glutamyl transpeptidase deficiency;33573;False
GGT1;P19440;341913;RHEA:23904;;;1;0;1;Gamma-glutamyl transpeptidase deficiency;33573;False
GGT1;P19440;341913;RHEA:28807;;;1;0;1;Gamma-glutamyl transpeptidase deficiency;33573;False
GGT1;P19440;341913;RHEA:31563;;;1;0;1;Gamma-glutamyl transpeptidase deficiency;33573;False
GGT1;P19440;341913;RHEA:53512;;;1;0;1;Gamma-glutamyl transpeptidase deficiency;33573;False
GGT1;P19440;341913;RHEA:59468;;;1;0;1;Gamma-glutamyl transpeptidase deficiency;33573;False
GGT1;P19440;341914;RHEA:23904;;;1;0;1;Gamma-glutamyl transpeptidase deficiency;33573;False
GGT1;P19440;341914;RHEA:28807;;;1;0;1;Gamma-glutamyl transpeptidase deficiency;33573;False
GGT1;P19440;341914;RHEA:31563;;;1;0;1;Gamma-glutamyl transpeptidase deficiency;33573;False
GGT1;P19440;341914;RHEA:53512;;;1;0;1;Gamma-glutamyl transpeptidase deficiency;33573;False
GGT1;P19440;341914;RHEA:59468;;;1;0;1;Gamma-glutamyl transpeptidase deficiency;33573;False
GK;P32189;27130;RHEA:21644;;;2;2;0;Glycerol kinase deficiency, adult form || Glycerol kinase deficiency, juvenile form;284411 || 284414;False
GLA;P06280;32122;RHEA:21112;;;1;0;1;Fabry disease;324;False
GLA;P06280;32122;RHEA:48020;;;1;0;1;Fabry disease;324;False
GLDC;P23378;1442;RHEA:24304;pyridoxal 5'-phosphate;;3;3;0;Atypical glycine encephalopathy || Infantile glycine encephalopathy || Neonatal glycine encephalopathy;289857 || 289860 || 289863;False
GLS;O94925;3512;RHEA:15889;;;2;2;0;Neonatal epileptic encephalopathy due to glutaminase deficiency || Spastic ataxia-dysarthria due to glutaminase deficiency;557056 || 557064;False
GLUD1;P00367;1413;RHEA:11612;;;1;0;1;Hyperinsulinism-hyperammonemia syndrome;35878;False
GLUD1;P00367;1413;RHEA:15133;;;1;0;1;Hyperinsulinism-hyperammonemia syndrome;35878;False
GLUL;P15104;231225;RHEA:16169;"mg(2+);mn(2+)";;1;1;0;Congenital brain dysgenesis due to glutamine synthetase deficiency;71278;False
GLUL;P15104;231225;RHEA:36683;"mg(2+);mn(2+)";;1;1;0;Congenital brain dysgenesis due to glutamine synthetase deficiency;71278;False
GLUL;P15104;6312;RHEA:16169;"mg(2+);mn(2+)";;1;1;0;Congenital brain dysgenesis due to glutamine synthetase deficiency;71278;False
GLUL;P15104;6312;RHEA:36683;"mg(2+);mn(2+)";;1;1;0;Congenital brain dysgenesis due to glutamine synthetase deficiency;71278;False
GLYCTK;Q8IVS8;27131;RHEA:23516;;;1;0;1;D-glyceric aciduria;941;False
GMPPB;Q9Y5P6;27713;RHEA:15229;mg(2+);"gdp-alpha-d-mannose biosynthesis;gdp-alpha-d-mannose from alpha-d-mannose 1-phosphate (gtp route): step 1/1;nucleotide-sugar biosynthesis";5;0;5;Congenital muscular dystrophy with cerebellar involvement || Congenital muscular dystrophy with intellectual disability || Congenital myasthenic syndrome with glycosylation defect || GMPPB-related limb-girdle muscular dystrophy R19 || Muscle-eye-brain disease;353327 || 363623 || 370959 || 370968 || 588;False
GNE;Q9Y223;27160;RHEA:23832;;;3;1;2;GNE myopathy || Severe autosomal recessive macrothrombocytopenia || Sialuria;3166 || 438207 || 602;True
GNE;Q9Y223;27160;RHEA:30683;;;3;1;2;GNE myopathy || Severe autosomal recessive macrothrombocytopenia || Sialuria;3166 || 438207 || 602;True
GNE;Q9Y223;321183;RHEA:23832;;;3;1;2;GNE myopathy || Severe autosomal recessive macrothrombocytopenia || Sialuria;3166 || 438207 || 602;True
GNE;Q9Y223;321183;RHEA:30683;;;3;1;2;GNE myopathy || Severe autosomal recessive macrothrombocytopenia || Sialuria;3166 || 438207 || 602;True
GNMT;Q14749;21120;RHEA:19937;;;1;1;0;Hypermethioninemia due to glycine N-methyltransferase deficiency;289891;False
GNPAT;O15228;23142;RHEA:17657;;;1;1;0;Rhizomelic chondrodysplasia punctata type 2;309796;False
GNPAT;O15228;23142;RHEA:40715;;;1;1;0;Rhizomelic chondrodysplasia punctata type 2;309796;False
GNPTAB;Q3T906;27817;RHEA:13581;;;2;0;2;Mucolipidosis type II || Mucolipidosis type III alpha/beta;423461 || 576;False
GPD1;P21695;1118;RHEA:11092;;;1;1;0;Transient infantile hypertriglyceridemia and hepatosteatosis;300293;False
GPD1L;Q8N335;1118;RHEA:11092;;;1;0;1;Brugada syndrome;130;False
GPHN;Q9NQX3;21011;RHEA:31331;mg(2+);;2;1;1;Hereditary hyperekplexia || Sulfite oxidase deficiency due to molybdenum cofactor deficiency type C;308400 || 3197;True
GPHN;Q9NQX3;21011;RHEA:35047;mg(2+);;2;1;1;Hereditary hyperekplexia || Sulfite oxidase deficiency due to molybdenum cofactor deficiency type C;308400 || 3197;True
GPHN;Q9NQX3;27775;RHEA:31331;mg(2+);;2;1;1;Hereditary hyperekplexia || Sulfite oxidase deficiency due to molybdenum cofactor deficiency type C;308400 || 3197;True
GPHN;Q9NQX3;27775;RHEA:35047;mg(2+);;2;1;1;Hereditary hyperekplexia || Sulfite oxidase deficiency due to molybdenum cofactor deficiency type C;308400 || 3197;True
GPI;P06744;5319;RHEA:11816;;;1;0;1;Hemolytic anemia due to glucophosphate isomerase deficiency;712;False
GPT2;Q8TD30;2612;RHEA:19453;pyridoxal 5'-phosphate;"amino-acid degradation;l-alanine degradation via transaminase pathway;pyruvate from l-alanine: step 1/1";1;0;1;Postnatal microcephaly-infantile hypotonia-spastic diplegia-dysarthria-intellectual disability syndrome;477673;False
GPX4;P36969;111112;RHEA:16833;;;1;0;1;Spondylometaphyseal dysplasia, Sedaghatian type;93317;False
GPX4;P36969;111112;RHEA:19057;;;1;0;1;Spondylometaphyseal dysplasia, Sedaghatian type;93317;False
GPX4;P36969;111112;RHEA:48620;;;1;0;1;Spondylometaphyseal dysplasia, Sedaghatian type;93317;False
GPX4;P36969;111112;RHEA:48888;;;1;0;1;Spondylometaphyseal dysplasia, Sedaghatian type;93317;False
GPX4;P36969;111112;RHEA:50708;;;1;0;1;Spondylometaphyseal dysplasia, Sedaghatian type;93317;False
GPX4;P36969;111112;RHEA:69412;;;1;0;1;Spondylometaphyseal dysplasia, Sedaghatian type;93317;False
GPX4;P36969;111112;RHEA:69651;;;1;0;1;Spondylometaphyseal dysplasia, Sedaghatian type;93317;False
GPX4;P36969;111112;RHEA:76687;;;1;0;1;Spondylometaphyseal dysplasia, Sedaghatian type;93317;False
GPX4;P36969;111112;RHEA:76691;;;1;0;1;Spondylometaphyseal dysplasia, Sedaghatian type;93317;False
GPX4;P36969;111112;RHEA:76695;;;1;0;1;Spondylometaphyseal dysplasia, Sedaghatian type;93317;False
GPX4;P36969;111112;RHEA:76699;;;1;0;1;Spondylometaphyseal dysplasia, Sedaghatian type;93317;False
GPX4;P36969;111112;RHEA:76703;;;1;0;1;Spondylometaphyseal dysplasia, Sedaghatian type;93317;False
GPX4;P36969;111112;RHEA:76707;;;1;0;1;Spondylometaphyseal dysplasia, Sedaghatian type;93317;False
GPX4;P36969;111112;RHEA:76711;;;1;0;1;Spondylometaphyseal dysplasia, Sedaghatian type;93317;False
GPX4;P36969;111112;RHEA:76715;;;1;0;1;Spondylometaphyseal dysplasia, Sedaghatian type;93317;False
GPX4;P36969;111112;RHEA:76731;;;1;0;1;Spondylometaphyseal dysplasia, Sedaghatian type;93317;False
GPX4;P36969;11119;RHEA:16833;;;1;0;1;Spondylometaphyseal dysplasia, Sedaghatian type;93317;False
GPX4;P36969;11119;RHEA:19057;;;1;0;1;Spondylometaphyseal dysplasia, Sedaghatian type;93317;False
GPX4;P36969;11119;RHEA:48620;;;1;0;1;Spondylometaphyseal dysplasia, Sedaghatian type;93317;False
GPX4;P36969;11119;RHEA:48888;;;1;0;1;Spondylometaphyseal dysplasia, Sedaghatian type;93317;False
GPX4;P36969;11119;RHEA:50708;;;1;0;1;Spondylometaphyseal dysplasia, Sedaghatian type;93317;False
GPX4;P36969;11119;RHEA:69412;;;1;0;1;Spondylometaphyseal dysplasia, Sedaghatian type;93317;False
GPX4;P36969;11119;RHEA:69651;;;1;0;1;Spondylometaphyseal dysplasia, Sedaghatian type;93317;False
GPX4;P36969;11119;RHEA:76687;;;1;0;1;Spondylometaphyseal dysplasia, Sedaghatian type;93317;False
GPX4;P36969;11119;RHEA:76691;;;1;0;1;Spondylometaphyseal dysplasia, Sedaghatian type;93317;False
GPX4;P36969;11119;RHEA:76695;;;1;0;1;Spondylometaphyseal dysplasia, Sedaghatian type;93317;False
GPX4;P36969;11119;RHEA:76699;;;1;0;1;Spondylometaphyseal dysplasia, Sedaghatian type;93317;False
GPX4;P36969;11119;RHEA:76703;;;1;0;1;Spondylometaphyseal dysplasia, Sedaghatian type;93317;False
GPX4;P36969;11119;RHEA:76707;;;1;0;1;Spondylometaphyseal dysplasia, Sedaghatian type;93317;False
GPX4;P36969;11119;RHEA:76711;;;1;0;1;Spondylometaphyseal dysplasia, Sedaghatian type;93317;False
GPX4;P36969;11119;RHEA:76715;;;1;0;1;Spondylometaphyseal dysplasia, Sedaghatian type;93317;False
GPX4;P36969;11119;RHEA:76731;;;1;0;1;Spondylometaphyseal dysplasia, Sedaghatian type;93317;False
GRHPR;Q9UBQ7;11179;RHEA:10992;;;1;0;1;Primary hyperoxaluria type 2;93599;False
GRHPR;Q9UBQ7;11179;RHEA:17905;;;1;0;1;Primary hyperoxaluria type 2;93599;False
GRHPR;Q9UBQ7;11179;RHEA:18657;;;1;0;1;Primary hyperoxaluria type 2;93599;False
GRHPR;Q9UBQ7;11181;RHEA:10992;;;1;0;1;Primary hyperoxaluria type 2;93599;False
GRHPR;Q9UBQ7;11181;RHEA:17905;;;1;0;1;Primary hyperoxaluria type 2;93599;False
GRHPR;Q9UBQ7;11181;RHEA:18657;;;1;0;1;Primary hyperoxaluria type 2;93599;False
GRK1;Q15835;271114;RHEA:23356;;;1;0;1;Oguchi disease;75382;False
GRK1;Q15835;271114;RHEA:56552;;;1;0;1;Oguchi disease;75382;False
GSR;P00390;1817;RHEA:11740;fad;;1;1;0;Hemolytic anemia due to glutathione reductase deficiency;90030;False
GSS;P48637;6323;RHEA:13557;mg(2+);;2;2;0;Glutathione synthetase deficiency with 5-oxoprolinuria || Glutathione synthetase deficiency without 5-oxoprolinuria;289846 || 289849;False
GSS;P48637;6323;RHEA:72075;mg(2+);;2;2;0;Glutathione synthetase deficiency with 5-oxoprolinuria || Glutathione synthetase deficiency without 5-oxoprolinuria;289846 || 289849;False
GUCY1A1;Q02108;4612;RHEA:13665;mg(2+);;1;0;1;Moyamoya disease with early-onset achalasia;401945;False
GUCY2C;P25092;4612;RHEA:13665;mg(2+);;3;3;0;Chronic infantile diarrhea due to guanylate cyclase 2C overactivity || Congenital sodium diarrhea || Intestinal obstruction in the newborn due to guanylate cyclase 2C deficiency;103908 || 314373 || 314376;False
GUCY2D;Q02846;4612;RHEA:13665;mg(2+);;3;0;3;Central areolar choroidal dystrophy || Cone rod dystrophy || Leber congenital amaurosis;1872 || 65 || 75377;False
GUSB;P08236;32131;RHEA:17633;;;1;0;1;Mucopolysaccharidosis type 7;584;False
GYG1;P46976;241186;RHEA:23360;mn(2+);;2;1;1;Glycogen storage disease with severe cardiomyopathy due to glycogenin deficiency || Polyglucosan body myopathy type 2;263297 || 456369;True
GYG1;P46976;241186;RHEA:56560;mn(2+);;2;1;1;Glycogen storage disease with severe cardiomyopathy due to glycogenin deficiency || Polyglucosan body myopathy type 2;263297 || 456369;True
GYS1;P13807;24111;RHEA:18549;;;1;0;1;Glycogen storage disease due to muscle and heart glycogen synthase deficiency;137625;False
GYS2;P54840;24111;RHEA:18549;;;1;0;1;Glycogen storage disease due to hepatic glycogen synthase deficiency;2089;False
H6PD;O95479;111363;RHEA:12556;;;1;0;1;Hyperandrogenism due to cortisone reductase deficiency;168588;False
H6PD;O95479;111363;RHEA:14293;;;1;0;1;Hyperandrogenism due to cortisone reductase deficiency;168588;False
H6PD;O95479;111363;RHEA:14405;;;1;0;1;Hyperandrogenism due to cortisone reductase deficiency;168588;False
H6PD;O95479;111363;RHEA:15841;;;1;0;1;Hyperandrogenism due to cortisone reductase deficiency;168588;False
H6PD;O95479;111363;RHEA:38215;;;1;0;1;Hyperandrogenism due to cortisone reductase deficiency;168588;False
H6PD;O95479;111363;RHEA:62064;;;1;0;1;Hyperandrogenism due to cortisone reductase deficiency;168588;False
H6PD;O95479;111363;RHEA:62068;;;1;0;1;Hyperandrogenism due to cortisone reductase deficiency;168588;False
H6PD;O95479;111363;RHEA:62072;;;1;0;1;Hyperandrogenism due to cortisone reductase deficiency;168588;False
H6PD;O95479;111363;RHEA:62076;;;1;0;1;Hyperandrogenism due to cortisone reductase deficiency;168588;False
H6PD;O95479;111363;RHEA:62080;;;1;0;1;Hyperandrogenism due to cortisone reductase deficiency;168588;False
H6PD;O95479;111363;RHEA:62088;;;1;0;1;Hyperandrogenism due to cortisone reductase deficiency;168588;False
H6PD;O95479;11147;RHEA:12556;;;1;0;1;Hyperandrogenism due to cortisone reductase deficiency;168588;False
H6PD;O95479;11147;RHEA:14293;;;1;0;1;Hyperandrogenism due to cortisone reductase deficiency;168588;False
H6PD;O95479;11147;RHEA:14405;;;1;0;1;Hyperandrogenism due to cortisone reductase deficiency;168588;False
H6PD;O95479;11147;RHEA:15841;;;1;0;1;Hyperandrogenism due to cortisone reductase deficiency;168588;False
H6PD;O95479;11147;RHEA:38215;;;1;0;1;Hyperandrogenism due to cortisone reductase deficiency;168588;False
H6PD;O95479;11147;RHEA:62064;;;1;0;1;Hyperandrogenism due to cortisone reductase deficiency;168588;False
H6PD;O95479;11147;RHEA:62068;;;1;0;1;Hyperandrogenism due to cortisone reductase deficiency;168588;False
H6PD;O95479;11147;RHEA:62072;;;1;0;1;Hyperandrogenism due to cortisone reductase deficiency;168588;False
H6PD;O95479;11147;RHEA:62076;;;1;0;1;Hyperandrogenism due to cortisone reductase deficiency;168588;False
H6PD;O95479;11147;RHEA:62080;;;1;0;1;Hyperandrogenism due to cortisone reductase deficiency;168588;False
H6PD;O95479;11147;RHEA:62088;;;1;0;1;Hyperandrogenism due to cortisone reductase deficiency;168588;False
H6PD;O95479;31131;RHEA:12556;;;1;0;1;Hyperandrogenism due to cortisone reductase deficiency;168588;False
H6PD;O95479;31131;RHEA:14293;;;1;0;1;Hyperandrogenism due to cortisone reductase deficiency;168588;False
H6PD;O95479;31131;RHEA:14405;;;1;0;1;Hyperandrogenism due to cortisone reductase deficiency;168588;False
H6PD;O95479;31131;RHEA:15841;;;1;0;1;Hyperandrogenism due to cortisone reductase deficiency;168588;False
H6PD;O95479;31131;RHEA:38215;;;1;0;1;Hyperandrogenism due to cortisone reductase deficiency;168588;False
H6PD;O95479;31131;RHEA:62064;;;1;0;1;Hyperandrogenism due to cortisone reductase deficiency;168588;False
H6PD;O95479;31131;RHEA:62068;;;1;0;1;Hyperandrogenism due to cortisone reductase deficiency;168588;False
H6PD;O95479;31131;RHEA:62072;;;1;0;1;Hyperandrogenism due to cortisone reductase deficiency;168588;False
H6PD;O95479;31131;RHEA:62076;;;1;0;1;Hyperandrogenism due to cortisone reductase deficiency;168588;False
H6PD;O95479;31131;RHEA:62080;;;1;0;1;Hyperandrogenism due to cortisone reductase deficiency;168588;False
H6PD;O95479;31131;RHEA:62088;;;1;0;1;Hyperandrogenism due to cortisone reductase deficiency;168588;False
HAAO;P46952;113116;RHEA:17953;fe(2+);"cofactor biosynthesis;nad(+) biosynthesis;quinolinate from l-kynurenine: step 3/3";1;1;0;Congenital vertebral-cardiac-renal anomalies syndrome;521438;False
HACD1;B0YJ81;421134;RHEA:39155;;;1;0;1;Congenital fiber-type disproportion myopathy;2020;False
HACD1;B0YJ81;421134;RHEA:39159;;;1;0;1;Congenital fiber-type disproportion myopathy;2020;False
HACD1;B0YJ81;421134;RHEA:39175;;;1;0;1;Congenital fiber-type disproportion myopathy;2020;False
HACD1;B0YJ81;421134;RHEA:39187;;;1;0;1;Congenital fiber-type disproportion myopathy;2020;False
HACD1;B0YJ81;421134;RHEA:39199;;;1;0;1;Congenital fiber-type disproportion myopathy;2020;False
HACD1;B0YJ81;421134;RHEA:39211;;;1;0;1;Congenital fiber-type disproportion myopathy;2020;False
HACD1;B0YJ81;421134;RHEA:45812;;;1;0;1;Congenital fiber-type disproportion myopathy;2020;False
HADH;Q16836;11135;RHEA:22432;;;1;0;1;Hyperinsulinism due to short chain 3-hydroxylacyl-CoA dehydrogenase deficiency;71212;False
HADH;Q16836;11135;RHEA:30799;;;1;0;1;Hyperinsulinism due to short chain 3-hydroxylacyl-CoA dehydrogenase deficiency;71212;False
HADH;Q16836;11135;RHEA:31159;;;1;0;1;Hyperinsulinism due to short chain 3-hydroxylacyl-CoA dehydrogenase deficiency;71212;False
HADH;Q16836;11135;RHEA:31187;;;1;0;1;Hyperinsulinism due to short chain 3-hydroxylacyl-CoA dehydrogenase deficiency;71212;False
HADHA;P40939;111211;RHEA:16105;;;3;1;2;Acute fatty liver of pregnancy || Long chain 3-hydroxyacyl-CoA dehydrogenase deficiency || Mitochondrial trifunctional protein deficiency;243367 || 5 || 746;True
HADHA;P40939;111211;RHEA:20724;;;3;1;2;Acute fatty liver of pregnancy || Long chain 3-hydroxyacyl-CoA dehydrogenase deficiency || Mitochondrial trifunctional protein deficiency;243367 || 5 || 746;True
HADHA;P40939;111211;RHEA:31075;;;3;1;2;Acute fatty liver of pregnancy || Long chain 3-hydroxyacyl-CoA dehydrogenase deficiency || Mitochondrial trifunctional protein deficiency;243367 || 5 || 746;True
HADHA;P40939;111211;RHEA:31159;;;3;1;2;Acute fatty liver of pregnancy || Long chain 3-hydroxyacyl-CoA dehydrogenase deficiency || Mitochondrial trifunctional protein deficiency;243367 || 5 || 746;True
HADHA;P40939;111211;RHEA:31163;;;3;1;2;Acute fatty liver of pregnancy || Long chain 3-hydroxyacyl-CoA dehydrogenase deficiency || Mitochondrial trifunctional protein deficiency;243367 || 5 || 746;True
HADHA;P40939;111211;RHEA:31167;;;3;1;2;Acute fatty liver of pregnancy || Long chain 3-hydroxyacyl-CoA dehydrogenase deficiency || Mitochondrial trifunctional protein deficiency;243367 || 5 || 746;True
HADHA;P40939;111211;RHEA:31179;;;3;1;2;Acute fatty liver of pregnancy || Long chain 3-hydroxyacyl-CoA dehydrogenase deficiency || Mitochondrial trifunctional protein deficiency;243367 || 5 || 746;True
HADHA;P40939;111211;RHEA:31187;;;3;1;2;Acute fatty liver of pregnancy || Long chain 3-hydroxyacyl-CoA dehydrogenase deficiency || Mitochondrial trifunctional protein deficiency;243367 || 5 || 746;True
HADHA;P40939;111211;RHEA:31195;;;3;1;2;Acute fatty liver of pregnancy || Long chain 3-hydroxyacyl-CoA dehydrogenase deficiency || Mitochondrial trifunctional protein deficiency;243367 || 5 || 746;True
HADHA;P40939;111211;RHEA:31199;;;3;1;2;Acute fatty liver of pregnancy || Long chain 3-hydroxyacyl-CoA dehydrogenase deficiency || Mitochondrial trifunctional protein deficiency;243367 || 5 || 746;True
HADHA;P40939;111211;RHEA:43672;;;3;1;2;Acute fatty liver of pregnancy || Long chain 3-hydroxyacyl-CoA dehydrogenase deficiency || Mitochondrial trifunctional protein deficiency;243367 || 5 || 746;True
HADHA;P40939;111211;RHEA:43676;;;3;1;2;Acute fatty liver of pregnancy || Long chain 3-hydroxyacyl-CoA dehydrogenase deficiency || Mitochondrial trifunctional protein deficiency;243367 || 5 || 746;True
HADHA;P40939;111211;RHEA:43680;;;3;1;2;Acute fatty liver of pregnancy || Long chain 3-hydroxyacyl-CoA dehydrogenase deficiency || Mitochondrial trifunctional protein deficiency;243367 || 5 || 746;True
HADHA;P40939;111211;RHEA:52656;;;3;1;2;Acute fatty liver of pregnancy || Long chain 3-hydroxyacyl-CoA dehydrogenase deficiency || Mitochondrial trifunctional protein deficiency;243367 || 5 || 746;True
HADHA;P40939;231-;RHEA:16105;;;3;1;2;Acute fatty liver of pregnancy || Long chain 3-hydroxyacyl-CoA dehydrogenase deficiency || Mitochondrial trifunctional protein deficiency;243367 || 5 || 746;True
HADHA;P40939;231-;RHEA:20724;;;3;1;2;Acute fatty liver of pregnancy || Long chain 3-hydroxyacyl-CoA dehydrogenase deficiency || Mitochondrial trifunctional protein deficiency;243367 || 5 || 746;True
HADHA;P40939;231-;RHEA:31075;;;3;1;2;Acute fatty liver of pregnancy || Long chain 3-hydroxyacyl-CoA dehydrogenase deficiency || Mitochondrial trifunctional protein deficiency;243367 || 5 || 746;True
HADHA;P40939;231-;RHEA:31159;;;3;1;2;Acute fatty liver of pregnancy || Long chain 3-hydroxyacyl-CoA dehydrogenase deficiency || Mitochondrial trifunctional protein deficiency;243367 || 5 || 746;True
HADHA;P40939;231-;RHEA:31163;;;3;1;2;Acute fatty liver of pregnancy || Long chain 3-hydroxyacyl-CoA dehydrogenase deficiency || Mitochondrial trifunctional protein deficiency;243367 || 5 || 746;True
HADHA;P40939;231-;RHEA:31167;;;3;1;2;Acute fatty liver of pregnancy || Long chain 3-hydroxyacyl-CoA dehydrogenase deficiency || Mitochondrial trifunctional protein deficiency;243367 || 5 || 746;True
HADHA;P40939;231-;RHEA:31179;;;3;1;2;Acute fatty liver of pregnancy || Long chain 3-hydroxyacyl-CoA dehydrogenase deficiency || Mitochondrial trifunctional protein deficiency;243367 || 5 || 746;True
HADHA;P40939;231-;RHEA:31187;;;3;1;2;Acute fatty liver of pregnancy || Long chain 3-hydroxyacyl-CoA dehydrogenase deficiency || Mitochondrial trifunctional protein deficiency;243367 || 5 || 746;True
HADHA;P40939;231-;RHEA:31195;;;3;1;2;Acute fatty liver of pregnancy || Long chain 3-hydroxyacyl-CoA dehydrogenase deficiency || Mitochondrial trifunctional protein deficiency;243367 || 5 || 746;True
HADHA;P40939;231-;RHEA:31199;;;3;1;2;Acute fatty liver of pregnancy || Long chain 3-hydroxyacyl-CoA dehydrogenase deficiency || Mitochondrial trifunctional protein deficiency;243367 || 5 || 746;True
HADHA;P40939;231-;RHEA:43672;;;3;1;2;Acute fatty liver of pregnancy || Long chain 3-hydroxyacyl-CoA dehydrogenase deficiency || Mitochondrial trifunctional protein deficiency;243367 || 5 || 746;True
HADHA;P40939;231-;RHEA:43676;;;3;1;2;Acute fatty liver of pregnancy || Long chain 3-hydroxyacyl-CoA dehydrogenase deficiency || Mitochondrial trifunctional protein deficiency;243367 || 5 || 746;True
HADHA;P40939;231-;RHEA:43680;;;3;1;2;Acute fatty liver of pregnancy || Long chain 3-hydroxyacyl-CoA dehydrogenase deficiency || Mitochondrial trifunctional protein deficiency;243367 || 5 || 746;True
HADHA;P40939;231-;RHEA:52656;;;3;1;2;Acute fatty liver of pregnancy || Long chain 3-hydroxyacyl-CoA dehydrogenase deficiency || Mitochondrial trifunctional protein deficiency;243367 || 5 || 746;True
HADHA;P40939;42117;RHEA:16105;;;3;1;2;Acute fatty liver of pregnancy || Long chain 3-hydroxyacyl-CoA dehydrogenase deficiency || Mitochondrial trifunctional protein deficiency;243367 || 5 || 746;True
HADHA;P40939;42117;RHEA:20724;;;3;1;2;Acute fatty liver of pregnancy || Long chain 3-hydroxyacyl-CoA dehydrogenase deficiency || Mitochondrial trifunctional protein deficiency;243367 || 5 || 746;True
HADHA;P40939;42117;RHEA:31075;;;3;1;2;Acute fatty liver of pregnancy || Long chain 3-hydroxyacyl-CoA dehydrogenase deficiency || Mitochondrial trifunctional protein deficiency;243367 || 5 || 746;True
HADHA;P40939;42117;RHEA:31159;;;3;1;2;Acute fatty liver of pregnancy || Long chain 3-hydroxyacyl-CoA dehydrogenase deficiency || Mitochondrial trifunctional protein deficiency;243367 || 5 || 746;True
HADHA;P40939;42117;RHEA:31163;;;3;1;2;Acute fatty liver of pregnancy || Long chain 3-hydroxyacyl-CoA dehydrogenase deficiency || Mitochondrial trifunctional protein deficiency;243367 || 5 || 746;True
HADHA;P40939;42117;RHEA:31167;;;3;1;2;Acute fatty liver of pregnancy || Long chain 3-hydroxyacyl-CoA dehydrogenase deficiency || Mitochondrial trifunctional protein deficiency;243367 || 5 || 746;True
HADHA;P40939;42117;RHEA:31179;;;3;1;2;Acute fatty liver of pregnancy || Long chain 3-hydroxyacyl-CoA dehydrogenase deficiency || Mitochondrial trifunctional protein deficiency;243367 || 5 || 746;True
HADHA;P40939;42117;RHEA:31187;;;3;1;2;Acute fatty liver of pregnancy || Long chain 3-hydroxyacyl-CoA dehydrogenase deficiency || Mitochondrial trifunctional protein deficiency;243367 || 5 || 746;True
HADHA;P40939;42117;RHEA:31195;;;3;1;2;Acute fatty liver of pregnancy || Long chain 3-hydroxyacyl-CoA dehydrogenase deficiency || Mitochondrial trifunctional protein deficiency;243367 || 5 || 746;True
HADHA;P40939;42117;RHEA:31199;;;3;1;2;Acute fatty liver of pregnancy || Long chain 3-hydroxyacyl-CoA dehydrogenase deficiency || Mitochondrial trifunctional protein deficiency;243367 || 5 || 746;True
HADHA;P40939;42117;RHEA:43672;;;3;1;2;Acute fatty liver of pregnancy || Long chain 3-hydroxyacyl-CoA dehydrogenase deficiency || Mitochondrial trifunctional protein deficiency;243367 || 5 || 746;True
HADHA;P40939;42117;RHEA:43676;;;3;1;2;Acute fatty liver of pregnancy || Long chain 3-hydroxyacyl-CoA dehydrogenase deficiency || Mitochondrial trifunctional protein deficiency;243367 || 5 || 746;True
HADHA;P40939;42117;RHEA:43680;;;3;1;2;Acute fatty liver of pregnancy || Long chain 3-hydroxyacyl-CoA dehydrogenase deficiency || Mitochondrial trifunctional protein deficiency;243367 || 5 || 746;True
HADHA;P40939;42117;RHEA:52656;;;3;1;2;Acute fatty liver of pregnancy || Long chain 3-hydroxyacyl-CoA dehydrogenase deficiency || Mitochondrial trifunctional protein deficiency;243367 || 5 || 746;True
HADHB;P55084;231155;RHEA:18161;;;1;0;1;Mitochondrial trifunctional protein deficiency;746;False
HADHB;P55084;231155;RHEA:21564;;;1;0;1;Mitochondrial trifunctional protein deficiency;746;False
HADHB;P55084;231155;RHEA:31087;;;1;0;1;Mitochondrial trifunctional protein deficiency;746;False
HADHB;P55084;231155;RHEA:31091;;;1;0;1;Mitochondrial trifunctional protein deficiency;746;False
HADHB;P55084;231155;RHEA:31111;;;1;0;1;Mitochondrial trifunctional protein deficiency;746;False
HADHB;P55084;231155;RHEA:31183;;;1;0;1;Mitochondrial trifunctional protein deficiency;746;False
HADHB;P55084;231155;RHEA:31203;;;1;0;1;Mitochondrial trifunctional protein deficiency;746;False
HADHB;P55084;23116;RHEA:18161;;;1;0;1;Mitochondrial trifunctional protein deficiency;746;False
HADHB;P55084;23116;RHEA:21564;;;1;0;1;Mitochondrial trifunctional protein deficiency;746;False
HADHB;P55084;23116;RHEA:31087;;;1;0;1;Mitochondrial trifunctional protein deficiency;746;False
HADHB;P55084;23116;RHEA:31091;;;1;0;1;Mitochondrial trifunctional protein deficiency;746;False
HADHB;P55084;23116;RHEA:31111;;;1;0;1;Mitochondrial trifunctional protein deficiency;746;False
HADHB;P55084;23116;RHEA:31183;;;1;0;1;Mitochondrial trifunctional protein deficiency;746;False
HADHB;P55084;23116;RHEA:31203;;;1;0;1;Mitochondrial trifunctional protein deficiency;746;False
HAL;P42357;4313;RHEA:21232;;;1;0;1;Histidinemia;2157;False
HARS1;P12081;61121;RHEA:17313;;;2;0;2;Autosomal dominant Charcot-Marie-Tooth disease type 2W || Usher syndrome type 3;231183 || 488333;False
HARS2;P49590;61121;RHEA:17313;;;2;2;0;Perrault syndrome type 1 || Perrault syndrome type 2;642945 || 642976;False
HCCS;P53701;44117;RHEA:22648;;;1;0;1;Microphthalmia with linear skin defects syndrome;2556;False
HDAC4;P56524;35198;RHEA:58196;;;1;0;1;2q37 microdeletion syndrome;1001;False
HEXA;P06865;32152;RHEA:47940;;;3;3;0;Tay-Sachs disease, adult form || Tay-Sachs disease, infantile form || Tay-Sachs disease, juvenile form;309178 || 309185 || 309192;False
HEXA;P06865;32152;RHEA:47968;;;3;3;0;Tay-Sachs disease, adult form || Tay-Sachs disease, infantile form || Tay-Sachs disease, juvenile form;309178 || 309185 || 309192;False
HEXA;P06865;32152;RHEA:48276;;;3;3;0;Tay-Sachs disease, adult form || Tay-Sachs disease, infantile form || Tay-Sachs disease, juvenile form;309178 || 309185 || 309192;False
HEXA;P06865;32152;RHEA:64372;;;3;3;0;Tay-Sachs disease, adult form || Tay-Sachs disease, infantile form || Tay-Sachs disease, juvenile form;309178 || 309185 || 309192;False
HEXA;P06865;32152;RHEA:64384;;;3;3;0;Tay-Sachs disease, adult form || Tay-Sachs disease, infantile form || Tay-Sachs disease, juvenile form;309178 || 309185 || 309192;False
HEXB;P07686;32152;RHEA:47940;;;3;0;3;Sandhoff disease, adult form || Sandhoff disease, infantile form || Sandhoff disease, juvenile form;309155 || 309162 || 309169;False
HEXB;P07686;32152;RHEA:47968;;;3;0;3;Sandhoff disease, adult form || Sandhoff disease, infantile form || Sandhoff disease, juvenile form;309155 || 309162 || 309169;False
HEXB;P07686;32152;RHEA:48276;;;3;0;3;Sandhoff disease, adult form || Sandhoff disease, infantile form || Sandhoff disease, juvenile form;309155 || 309162 || 309169;False
HEXB;P07686;32152;RHEA:64372;;;3;0;3;Sandhoff disease, adult form || Sandhoff disease, infantile form || Sandhoff disease, juvenile form;309155 || 309162 || 309169;False
HEXB;P07686;32152;RHEA:64384;;;3;0;3;Sandhoff disease, adult form || Sandhoff disease, infantile form || Sandhoff disease, juvenile form;309155 || 309162 || 309169;False
HGD;Q93099;113115;RHEA:15449;fe cation;"acetoacetate and fumarate from l-phenylalanine: step 4/6;amino-acid degradation;l-phenylalanine degradation";1;0;1;Alkaptonuria;56;False
HGSNAT;Q68CP4;23178;RHEA:15125;;;2;1;1;Retinitis pigmentosa || Sanfilippo syndrome type C;791 || 79271;True
HIBCH;Q6NVY1;3124;RHEA:20888;;;1;0;1;Neurodegeneration due to 3-hydroxyisobutyryl-CoA hydrolase deficiency;88639;False
HK1;P19367;2711;RHEA:10948;;;2;1;1;Charcot-Marie-Tooth disease type 4G || Non-spherocytic hemolytic anemia due to hexokinase deficiency;90031 || 99953;True
HK1;P19367;2711;RHEA:11028;;;2;1;1;Charcot-Marie-Tooth disease type 4G || Non-spherocytic hemolytic anemia due to hexokinase deficiency;90031 || 99953;True
HK1;P19367;2711;RHEA:16125;;;2;1;1;Charcot-Marie-Tooth disease type 4G || Non-spherocytic hemolytic anemia due to hexokinase deficiency;90031 || 99953;True
HK1;P19367;2711;RHEA:17825;;;2;1;1;Charcot-Marie-Tooth disease type 4G || Non-spherocytic hemolytic anemia due to hexokinase deficiency;90031 || 99953;True
HK1;P19367;2711;RHEA:22740;;;2;1;1;Charcot-Marie-Tooth disease type 4G || Non-spherocytic hemolytic anemia due to hexokinase deficiency;90031 || 99953;True
HMBS;P08397;25161;RHEA:13185;dipyrromethane;;1;0;1;Acute intermittent porphyria;79276;False
HMGCL;P35914;4134;RHEA:24404;a divalent metal cation;"(s)-3-hydroxy-3-methylglutaryl-coa degradation;acetoacetate from (s)-3-hydroxy-3-methylglutaryl-coa: step 1/1;metabolic intermediate metabolism";1;0;1;3-hydroxy-3-methylglutaric aciduria;20;False
HMGCR;P04035;11134;RHEA:15989;;;1;1;0;Autosomal recessive limb-girdle muscular dystrophy, type 28;653725;False
HMGCS2;P54868;23310;RHEA:10188;;;1;0;1;3-hydroxy-3-methylglutaryl-CoA synthase deficiency;35701;False
HMOX1;P09601;1141418;RHEA:21764;;;2;1;1;Cystic fibrosis || Heme oxygenase-1 deficiency;562509 || 586;True
HNMT;P50135;2118;RHEA:19301;;;1;1;0;Autosomal recessive non-syndromic intellectual disability;88616;False
HOGA1;Q86XE5;41316;RHEA:30687;;;1;0;1;Primary hyperoxaluria type 3;93600;False
HOGA1;Q86XE5;41316;RHEA:35639;;;1;0;1;Primary hyperoxaluria type 3;93600;False
HPD;P32754;1131127;RHEA:16189;fe cation;"acetoacetate and fumarate from l-phenylalanine: step 3/6;amino-acid degradation;l-phenylalanine degradation";2;1;1;Hawkinsinuria || Tyrosinemia type 3;2118 || 69723;True
HPDL;Q96IR7;1131146;RHEA:21376;fe cation;;3;3;0;Autosomal recessive spastic paraplegia type 83 || Infantile neurodegeneration-progressive spasticity-intellectual disability-white matter lesions syndrome || Non-specific syndromic intellectual disability;528084 || 631076 || 641353;False
HPRT1;P00492;2428;RHEA:17973;mg(2+);;2;0;2;Hypoxanthine guanine phosphoribosyltransferase partial deficiency || Lesch-Nyhan syndrome;510 || 79233;False
HPRT1;P00492;2428;RHEA:25424;mg(2+);;2;0;2;Hypoxanthine guanine phosphoribosyltransferase partial deficiency || Lesch-Nyhan syndrome;510 || 79233;False
HR;O43593;1141165;RHEA:60188;fe(2+);;3;1;2;Alopecia universalis || Atrichia with papular lesions || Marie Unna hereditary hypotrichosis;444 || 701 || 86819;True
HRAS;P01112;3652;RHEA:19669;mg(2+);;5;1;4;Costello syndrome || Differentiated thyroid carcinoma || Linear nevus sebaceus syndrome || Phakomatosis pigmentokeratotica || Woolly hair nevus;146 || 2612 || 2874 || 3071 || 79414;True
HS3ST6;Q96QI5;28223;RHEA:15461;;;1;1;0;Hereditary angioedema with normal C1Inh not related to F12 or PLG variant;599418;False
HSD11B1;P28845;111146;RHEA:11388;;;1;0;1;Hyperandrogenism due to cortisone reductase deficiency;168588;False
HSD11B1;P28845;111146;RHEA:20233;;;1;0;1;Hyperandrogenism due to cortisone reductase deficiency;168588;False
HSD11B1;P28845;111146;RHEA:42200;;;1;0;1;Hyperandrogenism due to cortisone reductase deficiency;168588;False
HSD11B1;P28845;111146;RHEA:47540;;;1;0;1;Hyperandrogenism due to cortisone reductase deficiency;168588;False
HSD11B1;P28845;111146;RHEA:53820;;;1;0;1;Hyperandrogenism due to cortisone reductase deficiency;168588;False
HSD11B1;P28845;111146;RHEA:65056;;;1;0;1;Hyperandrogenism due to cortisone reductase deficiency;168588;False
HSD11B1;P28845;111146;RHEA:65060;;;1;0;1;Hyperandrogenism due to cortisone reductase deficiency;168588;False
HSD11B1;P28845;111146;RHEA:68616;;;1;0;1;Hyperandrogenism due to cortisone reductase deficiency;168588;False
HSD11B1;P28845;111146;RHEA:68656;;;1;0;1;Hyperandrogenism due to cortisone reductase deficiency;168588;False
HSD11B1;P28845;111146;RHEA:68976;;;1;0;1;Hyperandrogenism due to cortisone reductase deficiency;168588;False
HSD11B1;P28845;111146;RHEA:68980;;;1;0;1;Hyperandrogenism due to cortisone reductase deficiency;168588;False
HSD11B1;P28845;111146;RHEA:69436;;;1;0;1;Hyperandrogenism due to cortisone reductase deficiency;168588;False
HSD11B1;P28845;111146;RHEA:69440;;;1;0;1;Hyperandrogenism due to cortisone reductase deficiency;168588;False
HSD11B1;P28845;111146;RHEA:69452;;;1;0;1;Hyperandrogenism due to cortisone reductase deficiency;168588;False
HSD11B1;P28845;111146;RHEA:69456;;;1;0;1;Hyperandrogenism due to cortisone reductase deficiency;168588;False
HSD11B1;P28845;111201;RHEA:11388;;;1;0;1;Hyperandrogenism due to cortisone reductase deficiency;168588;False
HSD11B1;P28845;111201;RHEA:20233;;;1;0;1;Hyperandrogenism due to cortisone reductase deficiency;168588;False
HSD11B1;P28845;111201;RHEA:42200;;;1;0;1;Hyperandrogenism due to cortisone reductase deficiency;168588;False
HSD11B1;P28845;111201;RHEA:47540;;;1;0;1;Hyperandrogenism due to cortisone reductase deficiency;168588;False
HSD11B1;P28845;111201;RHEA:53820;;;1;0;1;Hyperandrogenism due to cortisone reductase deficiency;168588;False
HSD11B1;P28845;111201;RHEA:65056;;;1;0;1;Hyperandrogenism due to cortisone reductase deficiency;168588;False
HSD11B1;P28845;111201;RHEA:65060;;;1;0;1;Hyperandrogenism due to cortisone reductase deficiency;168588;False
HSD11B1;P28845;111201;RHEA:68616;;;1;0;1;Hyperandrogenism due to cortisone reductase deficiency;168588;False
HSD11B1;P28845;111201;RHEA:68656;;;1;0;1;Hyperandrogenism due to cortisone reductase deficiency;168588;False
HSD11B1;P28845;111201;RHEA:68976;;;1;0;1;Hyperandrogenism due to cortisone reductase deficiency;168588;False
HSD11B1;P28845;111201;RHEA:68980;;;1;0;1;Hyperandrogenism due to cortisone reductase deficiency;168588;False
HSD11B1;P28845;111201;RHEA:69436;;;1;0;1;Hyperandrogenism due to cortisone reductase deficiency;168588;False
HSD11B1;P28845;111201;RHEA:69440;;;1;0;1;Hyperandrogenism due to cortisone reductase deficiency;168588;False
HSD11B1;P28845;111201;RHEA:69452;;;1;0;1;Hyperandrogenism due to cortisone reductase deficiency;168588;False
HSD11B1;P28845;111201;RHEA:69456;;;1;0;1;Hyperandrogenism due to cortisone reductase deficiency;168588;False
HSD17B10;Q99714;111159;RHEA:13281;;;3;0;3;HSD10 disease, atypical type || HSD10 disease, infantile type || HSD10 disease, neonatal type;391428 || 391457 || 85295;False
HSD17B10;Q99714;111159;RHEA:14929;;;3;0;3;HSD10 disease, atypical type || HSD10 disease, infantile type || HSD10 disease, neonatal type;391428 || 391457 || 85295;False
HSD17B10;Q99714;111159;RHEA:19409;;;3;0;3;HSD10 disease, atypical type || HSD10 disease, infantile type || HSD10 disease, neonatal type;391428 || 391457 || 85295;False
HSD17B10;Q99714;111159;RHEA:22432;;;3;0;3;HSD10 disease, atypical type || HSD10 disease, infantile type || HSD10 disease, neonatal type;391428 || 391457 || 85295;False
HSD17B10;Q99714;111159;RHEA:24612;;;3;0;3;HSD10 disease, atypical type || HSD10 disease, infantile type || HSD10 disease, neonatal type;391428 || 391457 || 85295;False
HSD17B10;Q99714;111159;RHEA:30799;;;3;0;3;HSD10 disease, atypical type || HSD10 disease, infantile type || HSD10 disease, neonatal type;391428 || 391457 || 85295;False
HSD17B10;Q99714;111159;RHEA:31159;;;3;0;3;HSD10 disease, atypical type || HSD10 disease, infantile type || HSD10 disease, neonatal type;391428 || 391457 || 85295;False
HSD17B10;Q99714;111159;RHEA:31195;;;3;0;3;HSD10 disease, atypical type || HSD10 disease, infantile type || HSD10 disease, neonatal type;391428 || 391457 || 85295;False
HSD17B10;Q99714;111159;RHEA:41980;;;3;0;3;HSD10 disease, atypical type || HSD10 disease, infantile type || HSD10 disease, neonatal type;391428 || 391457 || 85295;False
HSD17B10;Q99714;111159;RHEA:41992;;;3;0;3;HSD10 disease, atypical type || HSD10 disease, infantile type || HSD10 disease, neonatal type;391428 || 391457 || 85295;False
HSD17B10;Q99714;111159;RHEA:42004;;;3;0;3;HSD10 disease, atypical type || HSD10 disease, infantile type || HSD10 disease, neonatal type;391428 || 391457 || 85295;False
HSD17B10;Q99714;111159;RHEA:42008;;;3;0;3;HSD10 disease, atypical type || HSD10 disease, infantile type || HSD10 disease, neonatal type;391428 || 391457 || 85295;False
HSD17B10;Q99714;111159;RHEA:42012;;;3;0;3;HSD10 disease, atypical type || HSD10 disease, infantile type || HSD10 disease, neonatal type;391428 || 391457 || 85295;False
HSD17B10;Q99714;111159;RHEA:42016;;;3;0;3;HSD10 disease, atypical type || HSD10 disease, infantile type || HSD10 disease, neonatal type;391428 || 391457 || 85295;False
HSD17B10;Q99714;111159;RHEA:42020;;;3;0;3;HSD10 disease, atypical type || HSD10 disease, infantile type || HSD10 disease, neonatal type;391428 || 391457 || 85295;False
HSD17B10;Q99714;111159;RHEA:42024;;;3;0;3;HSD10 disease, atypical type || HSD10 disease, infantile type || HSD10 disease, neonatal type;391428 || 391457 || 85295;False
HSD17B10;Q99714;111159;RHEA:42028;;;3;0;3;HSD10 disease, atypical type || HSD10 disease, infantile type || HSD10 disease, neonatal type;391428 || 391457 || 85295;False
HSD17B10;Q99714;111159;RHEA:42036;;;3;0;3;HSD10 disease, atypical type || HSD10 disease, infantile type || HSD10 disease, neonatal type;391428 || 391457 || 85295;False
HSD17B10;Q99714;111178;RHEA:13281;;;3;0;3;HSD10 disease, atypical type || HSD10 disease, infantile type || HSD10 disease, neonatal type;391428 || 391457 || 85295;False
HSD17B10;Q99714;111178;RHEA:14929;;;3;0;3;HSD10 disease, atypical type || HSD10 disease, infantile type || HSD10 disease, neonatal type;391428 || 391457 || 85295;False
HSD17B10;Q99714;111178;RHEA:19409;;;3;0;3;HSD10 disease, atypical type || HSD10 disease, infantile type || HSD10 disease, neonatal type;391428 || 391457 || 85295;False
HSD17B10;Q99714;111178;RHEA:22432;;;3;0;3;HSD10 disease, atypical type || HSD10 disease, infantile type || HSD10 disease, neonatal type;391428 || 391457 || 85295;False
HSD17B10;Q99714;111178;RHEA:24612;;;3;0;3;HSD10 disease, atypical type || HSD10 disease, infantile type || HSD10 disease, neonatal type;391428 || 391457 || 85295;False
HSD17B10;Q99714;111178;RHEA:30799;;;3;0;3;HSD10 disease, atypical type || HSD10 disease, infantile type || HSD10 disease, neonatal type;391428 || 391457 || 85295;False
HSD17B10;Q99714;111178;RHEA:31159;;;3;0;3;HSD10 disease, atypical type || HSD10 disease, infantile type || HSD10 disease, neonatal type;391428 || 391457 || 85295;False
HSD17B10;Q99714;111178;RHEA:31195;;;3;0;3;HSD10 disease, atypical type || HSD10 disease, infantile type || HSD10 disease, neonatal type;391428 || 391457 || 85295;False
HSD17B10;Q99714;111178;RHEA:41980;;;3;0;3;HSD10 disease, atypical type || HSD10 disease, infantile type || HSD10 disease, neonatal type;391428 || 391457 || 85295;False
HSD17B10;Q99714;111178;RHEA:41992;;;3;0;3;HSD10 disease, atypical type || HSD10 disease, infantile type || HSD10 disease, neonatal type;391428 || 391457 || 85295;False
HSD17B10;Q99714;111178;RHEA:42004;;;3;0;3;HSD10 disease, atypical type || HSD10 disease, infantile type || HSD10 disease, neonatal type;391428 || 391457 || 85295;False
HSD17B10;Q99714;111178;RHEA:42008;;;3;0;3;HSD10 disease, atypical type || HSD10 disease, infantile type || HSD10 disease, neonatal type;391428 || 391457 || 85295;False
HSD17B10;Q99714;111178;RHEA:42012;;;3;0;3;HSD10 disease, atypical type || HSD10 disease, infantile type || HSD10 disease, neonatal type;391428 || 391457 || 85295;False
HSD17B10;Q99714;111178;RHEA:42016;;;3;0;3;HSD10 disease, atypical type || HSD10 disease, infantile type || HSD10 disease, neonatal type;391428 || 391457 || 85295;False
HSD17B10;Q99714;111178;RHEA:42020;;;3;0;3;HSD10 disease, atypical type || HSD10 disease, infantile type || HSD10 disease, neonatal type;391428 || 391457 || 85295;False
HSD17B10;Q99714;111178;RHEA:42024;;;3;0;3;HSD10 disease, atypical type || HSD10 disease, infantile type || HSD10 disease, neonatal type;391428 || 391457 || 85295;False
HSD17B10;Q99714;111178;RHEA:42028;;;3;0;3;HSD10 disease, atypical type || HSD10 disease, infantile type || HSD10 disease, neonatal type;391428 || 391457 || 85295;False
HSD17B10;Q99714;111178;RHEA:42036;;;3;0;3;HSD10 disease, atypical type || HSD10 disease, infantile type || HSD10 disease, neonatal type;391428 || 391457 || 85295;False
HSD17B10;Q99714;111239;RHEA:13281;;;3;0;3;HSD10 disease, atypical type || HSD10 disease, infantile type || HSD10 disease, neonatal type;391428 || 391457 || 85295;False
HSD17B10;Q99714;111239;RHEA:14929;;;3;0;3;HSD10 disease, atypical type || HSD10 disease, infantile type || HSD10 disease, neonatal type;391428 || 391457 || 85295;False
HSD17B10;Q99714;111239;RHEA:19409;;;3;0;3;HSD10 disease, atypical type || HSD10 disease, infantile type || HSD10 disease, neonatal type;391428 || 391457 || 85295;False
HSD17B10;Q99714;111239;RHEA:22432;;;3;0;3;HSD10 disease, atypical type || HSD10 disease, infantile type || HSD10 disease, neonatal type;391428 || 391457 || 85295;False
HSD17B10;Q99714;111239;RHEA:24612;;;3;0;3;HSD10 disease, atypical type || HSD10 disease, infantile type || HSD10 disease, neonatal type;391428 || 391457 || 85295;False
HSD17B10;Q99714;111239;RHEA:30799;;;3;0;3;HSD10 disease, atypical type || HSD10 disease, infantile type || HSD10 disease, neonatal type;391428 || 391457 || 85295;False
HSD17B10;Q99714;111239;RHEA:31159;;;3;0;3;HSD10 disease, atypical type || HSD10 disease, infantile type || HSD10 disease, neonatal type;391428 || 391457 || 85295;False
HSD17B10;Q99714;111239;RHEA:31195;;;3;0;3;HSD10 disease, atypical type || HSD10 disease, infantile type || HSD10 disease, neonatal type;391428 || 391457 || 85295;False
HSD17B10;Q99714;111239;RHEA:41980;;;3;0;3;HSD10 disease, atypical type || HSD10 disease, infantile type || HSD10 disease, neonatal type;391428 || 391457 || 85295;False
HSD17B10;Q99714;111239;RHEA:41992;;;3;0;3;HSD10 disease, atypical type || HSD10 disease, infantile type || HSD10 disease, neonatal type;391428 || 391457 || 85295;False
HSD17B10;Q99714;111239;RHEA:42004;;;3;0;3;HSD10 disease, atypical type || HSD10 disease, infantile type || HSD10 disease, neonatal type;391428 || 391457 || 85295;False
HSD17B10;Q99714;111239;RHEA:42008;;;3;0;3;HSD10 disease, atypical type || HSD10 disease, infantile type || HSD10 disease, neonatal type;391428 || 391457 || 85295;False
HSD17B10;Q99714;111239;RHEA:42012;;;3;0;3;HSD10 disease, atypical type || HSD10 disease, infantile type || HSD10 disease, neonatal type;391428 || 391457 || 85295;False
HSD17B10;Q99714;111239;RHEA:42016;;;3;0;3;HSD10 disease, atypical type || HSD10 disease, infantile type || HSD10 disease, neonatal type;391428 || 391457 || 85295;False
HSD17B10;Q99714;111239;RHEA:42020;;;3;0;3;HSD10 disease, atypical type || HSD10 disease, infantile type || HSD10 disease, neonatal type;391428 || 391457 || 85295;False
HSD17B10;Q99714;111239;RHEA:42024;;;3;0;3;HSD10 disease, atypical type || HSD10 disease, infantile type || HSD10 disease, neonatal type;391428 || 391457 || 85295;False
HSD17B10;Q99714;111239;RHEA:42028;;;3;0;3;HSD10 disease, atypical type || HSD10 disease, infantile type || HSD10 disease, neonatal type;391428 || 391457 || 85295;False
HSD17B10;Q99714;111239;RHEA:42036;;;3;0;3;HSD10 disease, atypical type || HSD10 disease, infantile type || HSD10 disease, neonatal type;391428 || 391457 || 85295;False
HSD17B10;Q99714;11135;RHEA:13281;;;3;0;3;HSD10 disease, atypical type || HSD10 disease, infantile type || HSD10 disease, neonatal type;391428 || 391457 || 85295;False
HSD17B10;Q99714;11135;RHEA:14929;;;3;0;3;HSD10 disease, atypical type || HSD10 disease, infantile type || HSD10 disease, neonatal type;391428 || 391457 || 85295;False
HSD17B10;Q99714;11135;RHEA:19409;;;3;0;3;HSD10 disease, atypical type || HSD10 disease, infantile type || HSD10 disease, neonatal type;391428 || 391457 || 85295;False
HSD17B10;Q99714;11135;RHEA:22432;;;3;0;3;HSD10 disease, atypical type || HSD10 disease, infantile type || HSD10 disease, neonatal type;391428 || 391457 || 85295;False
HSD17B10;Q99714;11135;RHEA:24612;;;3;0;3;HSD10 disease, atypical type || HSD10 disease, infantile type || HSD10 disease, neonatal type;391428 || 391457 || 85295;False
HSD17B10;Q99714;11135;RHEA:30799;;;3;0;3;HSD10 disease, atypical type || HSD10 disease, infantile type || HSD10 disease, neonatal type;391428 || 391457 || 85295;False
HSD17B10;Q99714;11135;RHEA:31159;;;3;0;3;HSD10 disease, atypical type || HSD10 disease, infantile type || HSD10 disease, neonatal type;391428 || 391457 || 85295;False
HSD17B10;Q99714;11135;RHEA:31195;;;3;0;3;HSD10 disease, atypical type || HSD10 disease, infantile type || HSD10 disease, neonatal type;391428 || 391457 || 85295;False
HSD17B10;Q99714;11135;RHEA:41980;;;3;0;3;HSD10 disease, atypical type || HSD10 disease, infantile type || HSD10 disease, neonatal type;391428 || 391457 || 85295;False
HSD17B10;Q99714;11135;RHEA:41992;;;3;0;3;HSD10 disease, atypical type || HSD10 disease, infantile type || HSD10 disease, neonatal type;391428 || 391457 || 85295;False
HSD17B10;Q99714;11135;RHEA:42004;;;3;0;3;HSD10 disease, atypical type || HSD10 disease, infantile type || HSD10 disease, neonatal type;391428 || 391457 || 85295;False
HSD17B10;Q99714;11135;RHEA:42008;;;3;0;3;HSD10 disease, atypical type || HSD10 disease, infantile type || HSD10 disease, neonatal type;391428 || 391457 || 85295;False
HSD17B10;Q99714;11135;RHEA:42012;;;3;0;3;HSD10 disease, atypical type || HSD10 disease, infantile type || HSD10 disease, neonatal type;391428 || 391457 || 85295;False
HSD17B10;Q99714;11135;RHEA:42016;;;3;0;3;HSD10 disease, atypical type || HSD10 disease, infantile type || HSD10 disease, neonatal type;391428 || 391457 || 85295;False
HSD17B10;Q99714;11135;RHEA:42020;;;3;0;3;HSD10 disease, atypical type || HSD10 disease, infantile type || HSD10 disease, neonatal type;391428 || 391457 || 85295;False
HSD17B10;Q99714;11135;RHEA:42024;;;3;0;3;HSD10 disease, atypical type || HSD10 disease, infantile type || HSD10 disease, neonatal type;391428 || 391457 || 85295;False
HSD17B10;Q99714;11135;RHEA:42028;;;3;0;3;HSD10 disease, atypical type || HSD10 disease, infantile type || HSD10 disease, neonatal type;391428 || 391457 || 85295;False
HSD17B10;Q99714;11135;RHEA:42036;;;3;0;3;HSD10 disease, atypical type || HSD10 disease, infantile type || HSD10 disease, neonatal type;391428 || 391457 || 85295;False
HSD17B10;Q99714;11153;RHEA:13281;;;3;0;3;HSD10 disease, atypical type || HSD10 disease, infantile type || HSD10 disease, neonatal type;391428 || 391457 || 85295;False
HSD17B10;Q99714;11153;RHEA:14929;;;3;0;3;HSD10 disease, atypical type || HSD10 disease, infantile type || HSD10 disease, neonatal type;391428 || 391457 || 85295;False
HSD17B10;Q99714;11153;RHEA:19409;;;3;0;3;HSD10 disease, atypical type || HSD10 disease, infantile type || HSD10 disease, neonatal type;391428 || 391457 || 85295;False
HSD17B10;Q99714;11153;RHEA:22432;;;3;0;3;HSD10 disease, atypical type || HSD10 disease, infantile type || HSD10 disease, neonatal type;391428 || 391457 || 85295;False
HSD17B10;Q99714;11153;RHEA:24612;;;3;0;3;HSD10 disease, atypical type || HSD10 disease, infantile type || HSD10 disease, neonatal type;391428 || 391457 || 85295;False
HSD17B10;Q99714;11153;RHEA:30799;;;3;0;3;HSD10 disease, atypical type || HSD10 disease, infantile type || HSD10 disease, neonatal type;391428 || 391457 || 85295;False
HSD17B10;Q99714;11153;RHEA:31159;;;3;0;3;HSD10 disease, atypical type || HSD10 disease, infantile type || HSD10 disease, neonatal type;391428 || 391457 || 85295;False
HSD17B10;Q99714;11153;RHEA:31195;;;3;0;3;HSD10 disease, atypical type || HSD10 disease, infantile type || HSD10 disease, neonatal type;391428 || 391457 || 85295;False
HSD17B10;Q99714;11153;RHEA:41980;;;3;0;3;HSD10 disease, atypical type || HSD10 disease, infantile type || HSD10 disease, neonatal type;391428 || 391457 || 85295;False
HSD17B10;Q99714;11153;RHEA:41992;;;3;0;3;HSD10 disease, atypical type || HSD10 disease, infantile type || HSD10 disease, neonatal type;391428 || 391457 || 85295;False
HSD17B10;Q99714;11153;RHEA:42004;;;3;0;3;HSD10 disease, atypical type || HSD10 disease, infantile type || HSD10 disease, neonatal type;391428 || 391457 || 85295;False
HSD17B10;Q99714;11153;RHEA:42008;;;3;0;3;HSD10 disease, atypical type || HSD10 disease, infantile type || HSD10 disease, neonatal type;391428 || 391457 || 85295;False
HSD17B10;Q99714;11153;RHEA:42012;;;3;0;3;HSD10 disease, atypical type || HSD10 disease, infantile type || HSD10 disease, neonatal type;391428 || 391457 || 85295;False
HSD17B10;Q99714;11153;RHEA:42016;;;3;0;3;HSD10 disease, atypical type || HSD10 disease, infantile type || HSD10 disease, neonatal type;391428 || 391457 || 85295;False
HSD17B10;Q99714;11153;RHEA:42020;;;3;0;3;HSD10 disease, atypical type || HSD10 disease, infantile type || HSD10 disease, neonatal type;391428 || 391457 || 85295;False
HSD17B10;Q99714;11153;RHEA:42024;;;3;0;3;HSD10 disease, atypical type || HSD10 disease, infantile type || HSD10 disease, neonatal type;391428 || 391457 || 85295;False
HSD17B10;Q99714;11153;RHEA:42028;;;3;0;3;HSD10 disease, atypical type || HSD10 disease, infantile type || HSD10 disease, neonatal type;391428 || 391457 || 85295;False
HSD17B10;Q99714;11153;RHEA:42036;;;3;0;3;HSD10 disease, atypical type || HSD10 disease, infantile type || HSD10 disease, neonatal type;391428 || 391457 || 85295;False
HSD17B10;Q99714;11162;RHEA:13281;;;3;0;3;HSD10 disease, atypical type || HSD10 disease, infantile type || HSD10 disease, neonatal type;391428 || 391457 || 85295;False
HSD17B10;Q99714;11162;RHEA:14929;;;3;0;3;HSD10 disease, atypical type || HSD10 disease, infantile type || HSD10 disease, neonatal type;391428 || 391457 || 85295;False
HSD17B10;Q99714;11162;RHEA:19409;;;3;0;3;HSD10 disease, atypical type || HSD10 disease, infantile type || HSD10 disease, neonatal type;391428 || 391457 || 85295;False
HSD17B10;Q99714;11162;RHEA:22432;;;3;0;3;HSD10 disease, atypical type || HSD10 disease, infantile type || HSD10 disease, neonatal type;391428 || 391457 || 85295;False
HSD17B10;Q99714;11162;RHEA:24612;;;3;0;3;HSD10 disease, atypical type || HSD10 disease, infantile type || HSD10 disease, neonatal type;391428 || 391457 || 85295;False
HSD17B10;Q99714;11162;RHEA:30799;;;3;0;3;HSD10 disease, atypical type || HSD10 disease, infantile type || HSD10 disease, neonatal type;391428 || 391457 || 85295;False
HSD17B10;Q99714;11162;RHEA:31159;;;3;0;3;HSD10 disease, atypical type || HSD10 disease, infantile type || HSD10 disease, neonatal type;391428 || 391457 || 85295;False
HSD17B10;Q99714;11162;RHEA:31195;;;3;0;3;HSD10 disease, atypical type || HSD10 disease, infantile type || HSD10 disease, neonatal type;391428 || 391457 || 85295;False
HSD17B10;Q99714;11162;RHEA:41980;;;3;0;3;HSD10 disease, atypical type || HSD10 disease, infantile type || HSD10 disease, neonatal type;391428 || 391457 || 85295;False
HSD17B10;Q99714;11162;RHEA:41992;;;3;0;3;HSD10 disease, atypical type || HSD10 disease, infantile type || HSD10 disease, neonatal type;391428 || 391457 || 85295;False
HSD17B10;Q99714;11162;RHEA:42004;;;3;0;3;HSD10 disease, atypical type || HSD10 disease, infantile type || HSD10 disease, neonatal type;391428 || 391457 || 85295;False
HSD17B10;Q99714;11162;RHEA:42008;;;3;0;3;HSD10 disease, atypical type || HSD10 disease, infantile type || HSD10 disease, neonatal type;391428 || 391457 || 85295;False
HSD17B10;Q99714;11162;RHEA:42012;;;3;0;3;HSD10 disease, atypical type || HSD10 disease, infantile type || HSD10 disease, neonatal type;391428 || 391457 || 85295;False
HSD17B10;Q99714;11162;RHEA:42016;;;3;0;3;HSD10 disease, atypical type || HSD10 disease, infantile type || HSD10 disease, neonatal type;391428 || 391457 || 85295;False
HSD17B10;Q99714;11162;RHEA:42020;;;3;0;3;HSD10 disease, atypical type || HSD10 disease, infantile type || HSD10 disease, neonatal type;391428 || 391457 || 85295;False
HSD17B10;Q99714;11162;RHEA:42024;;;3;0;3;HSD10 disease, atypical type || HSD10 disease, infantile type || HSD10 disease, neonatal type;391428 || 391457 || 85295;False
HSD17B10;Q99714;11162;RHEA:42028;;;3;0;3;HSD10 disease, atypical type || HSD10 disease, infantile type || HSD10 disease, neonatal type;391428 || 391457 || 85295;False
HSD17B10;Q99714;11162;RHEA:42036;;;3;0;3;HSD10 disease, atypical type || HSD10 disease, infantile type || HSD10 disease, neonatal type;391428 || 391457 || 85295;False
HSD17B3;P37058;11162;RHEA:14981;;;1;0;1;46,XY difference of sex development due to 17-beta-hydroxysteroid dehydrogenase 3 deficiency;752;False
HSD17B3;P37058;11162;RHEA:24616;;;1;0;1;46,XY difference of sex development due to 17-beta-hydroxysteroid dehydrogenase 3 deficiency;752;False
HSD17B3;P37058;11162;RHEA:42120;;;1;0;1;46,XY difference of sex development due to 17-beta-hydroxysteroid dehydrogenase 3 deficiency;752;False
HSD17B3;P37058;11162;RHEA:42156;;;1;0;1;46,XY difference of sex development due to 17-beta-hydroxysteroid dehydrogenase 3 deficiency;752;False
HSD17B3;P37058;11162;RHEA:46628;;;1;0;1;46,XY difference of sex development due to 17-beta-hydroxysteroid dehydrogenase 3 deficiency;752;False
HSD17B3;P37058;11162;RHEA:53480;;;1;0;1;46,XY difference of sex development due to 17-beta-hydroxysteroid dehydrogenase 3 deficiency;752;False
HSD17B3;P37058;11162;RHEA:53484;;;1;0;1;46,XY difference of sex development due to 17-beta-hydroxysteroid dehydrogenase 3 deficiency;752;False
HSD17B3;P37058;11162;RHEA:53488;;;1;0;1;46,XY difference of sex development due to 17-beta-hydroxysteroid dehydrogenase 3 deficiency;752;False
HSD17B3;P37058;11162;RHEA:69284;;;1;0;1;46,XY difference of sex development due to 17-beta-hydroxysteroid dehydrogenase 3 deficiency;752;False
HSD17B3;P37058;11164;RHEA:14981;;;1;0;1;46,XY difference of sex development due to 17-beta-hydroxysteroid dehydrogenase 3 deficiency;752;False
HSD17B3;P37058;11164;RHEA:24616;;;1;0;1;46,XY difference of sex development due to 17-beta-hydroxysteroid dehydrogenase 3 deficiency;752;False
HSD17B3;P37058;11164;RHEA:42120;;;1;0;1;46,XY difference of sex development due to 17-beta-hydroxysteroid dehydrogenase 3 deficiency;752;False
HSD17B3;P37058;11164;RHEA:42156;;;1;0;1;46,XY difference of sex development due to 17-beta-hydroxysteroid dehydrogenase 3 deficiency;752;False
HSD17B3;P37058;11164;RHEA:46628;;;1;0;1;46,XY difference of sex development due to 17-beta-hydroxysteroid dehydrogenase 3 deficiency;752;False
HSD17B3;P37058;11164;RHEA:53480;;;1;0;1;46,XY difference of sex development due to 17-beta-hydroxysteroid dehydrogenase 3 deficiency;752;False
HSD17B3;P37058;11164;RHEA:53484;;;1;0;1;46,XY difference of sex development due to 17-beta-hydroxysteroid dehydrogenase 3 deficiency;752;False
HSD17B3;P37058;11164;RHEA:53488;;;1;0;1;46,XY difference of sex development due to 17-beta-hydroxysteroid dehydrogenase 3 deficiency;752;False
HSD17B3;P37058;11164;RHEA:69284;;;1;0;1;46,XY difference of sex development due to 17-beta-hydroxysteroid dehydrogenase 3 deficiency;752;False
HSD3B2;P26439;111145;RHEA:14709;;;1;0;1;Congenital adrenal hyperplasia due to 3-beta-hydroxysteroid dehydrogenase deficiency;90791;False
HSD3B2;P26439;111145;RHEA:24076;;;1;0;1;Congenital adrenal hyperplasia due to 3-beta-hydroxysteroid dehydrogenase deficiency;90791;False
HSD3B2;P26439;111145;RHEA:43924;;;1;0;1;Congenital adrenal hyperplasia due to 3-beta-hydroxysteroid dehydrogenase deficiency;90791;False
HSD3B2;P26439;111145;RHEA:43928;;;1;0;1;Congenital adrenal hyperplasia due to 3-beta-hydroxysteroid dehydrogenase deficiency;90791;False
HSD3B2;P26439;111145;RHEA:43932;;;1;0;1;Congenital adrenal hyperplasia due to 3-beta-hydroxysteroid dehydrogenase deficiency;90791;False
HSD3B2;P26439;111145;RHEA:43936;;;1;0;1;Congenital adrenal hyperplasia due to 3-beta-hydroxysteroid dehydrogenase deficiency;90791;False
HSD3B2;P26439;5331;RHEA:14709;;;1;0;1;Congenital adrenal hyperplasia due to 3-beta-hydroxysteroid dehydrogenase deficiency;90791;False
HSD3B2;P26439;5331;RHEA:24076;;;1;0;1;Congenital adrenal hyperplasia due to 3-beta-hydroxysteroid dehydrogenase deficiency;90791;False
HSD3B2;P26439;5331;RHEA:43924;;;1;0;1;Congenital adrenal hyperplasia due to 3-beta-hydroxysteroid dehydrogenase deficiency;90791;False
HSD3B2;P26439;5331;RHEA:43928;;;1;0;1;Congenital adrenal hyperplasia due to 3-beta-hydroxysteroid dehydrogenase deficiency;90791;False
HSD3B2;P26439;5331;RHEA:43932;;;1;0;1;Congenital adrenal hyperplasia due to 3-beta-hydroxysteroid dehydrogenase deficiency;90791;False
HSD3B2;P26439;5331;RHEA:43936;;;1;0;1;Congenital adrenal hyperplasia due to 3-beta-hydroxysteroid dehydrogenase deficiency;90791;False
HSPA9;P38646;36410;RHEA:13065;;;2;2;0;Autosomal recessive sideroblastic anemia || EVEN-plus syndrome;260305 || 496751;False
IARS1;P41252;6115;RHEA:11060;;;1;0;1;Growth delay-intellectual disability-hepatopathy syndrome;541423;False
IARS2;Q9NSE4;6115;RHEA:11060;;;2;0;2;Cataract-growth hormone deficiency-sensory neuropathy-sensorineural hearing loss-skeletal dysplasia syndrome || Leigh syndrome;436174 || 506;False
IDH1;O75874;11142;RHEA:19629;mg(2+);;6;3;3;Acute myeloid leukaemia with myelodysplasia-related features || Giant cell glioblastoma || Gliosarcoma || Maffucci syndrome || Metaphyseal chondromatosis with D-2-hydroxyglutaric aciduria || Ollier disease;163634 || 251576 || 251579 || 296 || 86845 || 99646;True
IDH2;P48735;11142;RHEA:19629;mg(2+);;12;9;3;Acute myeloid leukaemia with myelodysplasia-related features || Anaplastic astrocytoma || Anaplastic oligoastrocytoma || Anaplastic oligodendroglioma || D-2-hydroxyglutaric aciduria || Fibrillary astrocytoma || Gemistocytic astrocytoma || Maffucci syndrome || Oligoastrocytoma || Oligodendroglioma || Ollier disease || Protoplasmic astrocytoma;163634 || 251589 || 251598 || 251601 || 251604 || 251627 || 251630 || 251656 || 251663 || 296 || 79315 || 86845;True
IDH3A;P50213;11141;RHEA:23632;mg(2+);;1;0;1;Retinitis pigmentosa;791;False
IFIH1;Q9BYX4;36413;RHEA:13065;;;3;2;1;Aicardi-Goutières syndrome || IFIH1-related hereditary spastic paraplegia || Singleton-Merten dysplasia;51 || 689231 || 85191;True
IGF1R;P08069;27101;RHEA:10596;ca(2+);;1;0;1;Growth delay due to insulin-like growth factor I resistance;73273;False
IGF1R;P08069;27101;RHEA:10596;mg(2+);;1;0;1;Growth delay due to insulin-like growth factor I resistance;73273;False
IGHMBP2;P38935;36412;RHEA:13065;;;2;2;0;Charcot-Marie-Tooth disease type 2S || Spinal muscular atrophy with respiratory distress type 1;443073 || 98920;False
IGHMBP2;P38935;36413;RHEA:13065;;;2;2;0;Charcot-Marie-Tooth disease type 2S || Spinal muscular atrophy with respiratory distress type 1;443073 || 98920;False
IKBKB;O14920;27111;RHEA:17989;;;2;2;0;Combined immunodeficiency due to IKBKB deficiency || Combined immunodeficiency due to IKBKB gain-of-function mutation;397787 || 700205;False
IKBKB;O14920;27111;RHEA:19073;;;2;2;0;Combined immunodeficiency due to IKBKB deficiency || Combined immunodeficiency due to IKBKB gain-of-function mutation;397787 || 700205;False
IKBKB;O14920;27111;RHEA:46608;;;2;2;0;Combined immunodeficiency due to IKBKB deficiency || Combined immunodeficiency due to IKBKB gain-of-function mutation;397787 || 700205;False
IKBKB;O14920;271110;RHEA:17989;;;2;2;0;Combined immunodeficiency due to IKBKB deficiency || Combined immunodeficiency due to IKBKB gain-of-function mutation;397787 || 700205;False
IKBKB;O14920;271110;RHEA:19073;;;2;2;0;Combined immunodeficiency due to IKBKB deficiency || Combined immunodeficiency due to IKBKB gain-of-function mutation;397787 || 700205;False
IKBKB;O14920;271110;RHEA:46608;;;2;2;0;Combined immunodeficiency due to IKBKB deficiency || Combined immunodeficiency due to IKBKB gain-of-function mutation;397787 || 700205;False
IL1RAPL1;Q9NZN1;3226;RHEA:16301;;;1;1;0;X-linked non-syndromic intellectual disability;777;False
IMPA1;P29218;31325;RHEA:13105;mg(2+);;1;1;0;Autosomal recessive non-syndromic intellectual disability;88616;False
IMPA1;P29218;31325;RHEA:16689;mg(2+);;1;1;0;Autosomal recessive non-syndromic intellectual disability;88616;False
IMPA1;P29218;31325;RHEA:19933;mg(2+);;1;1;0;Autosomal recessive non-syndromic intellectual disability;88616;False
IMPA1;P29218;31325;RHEA:24056;mg(2+);;1;1;0;Autosomal recessive non-syndromic intellectual disability;88616;False
IMPA1;P29218;31325;RHEA:27670;mg(2+);;1;1;0;Autosomal recessive non-syndromic intellectual disability;88616;False
IMPA1;P29218;31325;RHEA:29315;mg(2+);;1;1;0;Autosomal recessive non-syndromic intellectual disability;88616;False
IMPA1;P29218;31325;RHEA:30735;mg(2+);;1;1;0;Autosomal recessive non-syndromic intellectual disability;88616;False
IMPA1;P29218;31325;RHEA:30739;mg(2+);;1;1;0;Autosomal recessive non-syndromic intellectual disability;88616;False
IMPA1;P29218;31325;RHEA:35603;mg(2+);;1;1;0;Autosomal recessive non-syndromic intellectual disability;88616;False
IMPA1;P29218;31325;RHEA:37343;mg(2+);;1;1;0;Autosomal recessive non-syndromic intellectual disability;88616;False
IMPA1;P29218;31325;RHEA:44152;mg(2+);;1;1;0;Autosomal recessive non-syndromic intellectual disability;88616;False
IMPA1;P29218;31325;RHEA:44156;mg(2+);;1;1;0;Autosomal recessive non-syndromic intellectual disability;88616;False
IMPA1;P29218;31325;RHEA:44160;mg(2+);;1;1;0;Autosomal recessive non-syndromic intellectual disability;88616;False
IMPA1;P29218;31325;RHEA:82131;mg(2+);;1;1;0;Autosomal recessive non-syndromic intellectual disability;88616;False
IMPA1;P29218;31394;RHEA:13105;mg(2+);;1;1;0;Autosomal recessive non-syndromic intellectual disability;88616;False
IMPA1;P29218;31394;RHEA:16689;mg(2+);;1;1;0;Autosomal recessive non-syndromic intellectual disability;88616;False
IMPA1;P29218;31394;RHEA:19933;mg(2+);;1;1;0;Autosomal recessive non-syndromic intellectual disability;88616;False
IMPA1;P29218;31394;RHEA:24056;mg(2+);;1;1;0;Autosomal recessive non-syndromic intellectual disability;88616;False
IMPA1;P29218;31394;RHEA:27670;mg(2+);;1;1;0;Autosomal recessive non-syndromic intellectual disability;88616;False
IMPA1;P29218;31394;RHEA:29315;mg(2+);;1;1;0;Autosomal recessive non-syndromic intellectual disability;88616;False
IMPA1;P29218;31394;RHEA:30735;mg(2+);;1;1;0;Autosomal recessive non-syndromic intellectual disability;88616;False
IMPA1;P29218;31394;RHEA:30739;mg(2+);;1;1;0;Autosomal recessive non-syndromic intellectual disability;88616;False
IMPA1;P29218;31394;RHEA:35603;mg(2+);;1;1;0;Autosomal recessive non-syndromic intellectual disability;88616;False
IMPA1;P29218;31394;RHEA:37343;mg(2+);;1;1;0;Autosomal recessive non-syndromic intellectual disability;88616;False
IMPA1;P29218;31394;RHEA:44152;mg(2+);;1;1;0;Autosomal recessive non-syndromic intellectual disability;88616;False
IMPA1;P29218;31394;RHEA:44156;mg(2+);;1;1;0;Autosomal recessive non-syndromic intellectual disability;88616;False
IMPA1;P29218;31394;RHEA:44160;mg(2+);;1;1;0;Autosomal recessive non-syndromic intellectual disability;88616;False
IMPA1;P29218;31394;RHEA:82131;mg(2+);;1;1;0;Autosomal recessive non-syndromic intellectual disability;88616;False
IMPDH1;P20839;111205;RHEA:11708;k(+);"purine metabolism;xmp biosynthesis via de novo pathway;xmp from imp: step 1/1";2;0;2;Leber congenital amaurosis || Retinitis pigmentosa;65 || 791;False
INPP5E;Q9NRR6;31336;RHEA:22764;;;4;0;4;Isolated Joubert syndrome || Joubert syndrome with hepatic defect || Joubert syndrome with ocular defect || MORM syndrome;1454 || 220493 || 475 || 75858;False
INPP5E;Q9NRR6;31336;RHEA:25528;;;4;0;4;Isolated Joubert syndrome || Joubert syndrome with hepatic defect || Joubert syndrome with ocular defect || MORM syndrome;1454 || 220493 || 475 || 75858;False
INPP5E;Q9NRR6;31336;RHEA:32955;;;4;0;4;Isolated Joubert syndrome || Joubert syndrome with hepatic defect || Joubert syndrome with ocular defect || MORM syndrome;1454 || 220493 || 475 || 75858;False
INPP5E;Q9NRR6;31386;RHEA:22764;;;4;0;4;Isolated Joubert syndrome || Joubert syndrome with hepatic defect || Joubert syndrome with ocular defect || MORM syndrome;1454 || 220493 || 475 || 75858;False
INPP5E;Q9NRR6;31386;RHEA:25528;;;4;0;4;Isolated Joubert syndrome || Joubert syndrome with hepatic defect || Joubert syndrome with ocular defect || MORM syndrome;1454 || 220493 || 475 || 75858;False
INPP5E;Q9NRR6;31386;RHEA:32955;;;4;0;4;Isolated Joubert syndrome || Joubert syndrome with hepatic defect || Joubert syndrome with ocular defect || MORM syndrome;1454 || 220493 || 475 || 75858;False
INPP5K;Q9BT40;31336;RHEA:11392;;;1;1;0;Congenital muscular dystrophy-cataract-intellectual disability syndrome;662184;False
INPP5K;Q9BT40;31336;RHEA:19797;;;1;1;0;Congenital muscular dystrophy-cataract-intellectual disability syndrome;662184;False
INPP5K;Q9BT40;31336;RHEA:22764;;;1;1;0;Congenital muscular dystrophy-cataract-intellectual disability syndrome;662184;False
INPP5K;Q9BT40;31336;RHEA:25528;;;1;1;0;Congenital muscular dystrophy-cataract-intellectual disability syndrome;662184;False
INPP5K;Q9BT40;31336;RHEA:43548;;;1;1;0;Congenital muscular dystrophy-cataract-intellectual disability syndrome;662184;False
INPP5K;Q9BT40;31356;RHEA:11392;;;1;1;0;Congenital muscular dystrophy-cataract-intellectual disability syndrome;662184;False
INPP5K;Q9BT40;31356;RHEA:19797;;;1;1;0;Congenital muscular dystrophy-cataract-intellectual disability syndrome;662184;False
INPP5K;Q9BT40;31356;RHEA:22764;;;1;1;0;Congenital muscular dystrophy-cataract-intellectual disability syndrome;662184;False
INPP5K;Q9BT40;31356;RHEA:25528;;;1;1;0;Congenital muscular dystrophy-cataract-intellectual disability syndrome;662184;False
INPP5K;Q9BT40;31356;RHEA:43548;;;1;1;0;Congenital muscular dystrophy-cataract-intellectual disability syndrome;662184;False
INPP5K;Q9BT40;31386;RHEA:11392;;;1;1;0;Congenital muscular dystrophy-cataract-intellectual disability syndrome;662184;False
INPP5K;Q9BT40;31386;RHEA:19797;;;1;1;0;Congenital muscular dystrophy-cataract-intellectual disability syndrome;662184;False
INPP5K;Q9BT40;31386;RHEA:22764;;;1;1;0;Congenital muscular dystrophy-cataract-intellectual disability syndrome;662184;False
INPP5K;Q9BT40;31386;RHEA:25528;;;1;1;0;Congenital muscular dystrophy-cataract-intellectual disability syndrome;662184;False
INPP5K;Q9BT40;31386;RHEA:43548;;;1;1;0;Congenital muscular dystrophy-cataract-intellectual disability syndrome;662184;False
INPPL1;O15357;31386;RHEA:25528;;;2;0;2;Opsismodysplasia || Schneckenbecken dysplasia;2746 || 3144;False
INPPL1;O15357;31386;RHEA:43548;;;2;0;2;Opsismodysplasia || Schneckenbecken dysplasia;2746 || 3144;False
INPPL1;O15357;31386;RHEA:43556;;;2;0;2;Opsismodysplasia || Schneckenbecken dysplasia;2746 || 3144;False
INSR;P06213;27101;RHEA:10596;ca(2+);;4;0;4;Donohue syndrome || Hyperinsulinism due to INSR deficiency || Insulin-resistance syndrome type A || Rabson-Mendenhall syndrome;2297 || 263458 || 508 || 769;False
INSR;P06213;27101;RHEA:10596;mg(2+);;4;0;4;Donohue syndrome || Hyperinsulinism due to INSR deficiency || Insulin-resistance syndrome type A || Rabson-Mendenhall syndrome;2297 || 263458 || 508 || 769;False
IRAK4;Q9NWZ3;27111;RHEA:17989;mg(2+);;1;0;1;Transient predisposition to invasive pyogenic bacterial infection;70592;False
IRAK4;Q9NWZ3;27111;RHEA:46608;mg(2+);;1;0;1;Transient predisposition to invasive pyogenic bacterial infection;70592;False
ITK;Q08881;27102;RHEA:10596;mg(2+);;1;1;0;Combined immunodeficiency due to ITK deficiency;538963;False
ITK;Q08881;27102;RHEA:10596;mn(2+);;1;1;0;Combined immunodeficiency due to ITK deficiency;538963;False
ITK;Q08881;27102;RHEA:10596;zn(2+);;1;1;0;Combined immunodeficiency due to ITK deficiency;538963;False
ITPA;Q9BY32;36166;RHEA:28342;mg(2+);;1;1;0;ITPA-related lethal infantile neurological disorder with cataract and cardiac involvement;457375;False
ITPA;Q9BY32;36166;RHEA:28610;mg(2+);;1;1;0;ITPA-related lethal infantile neurological disorder with cataract and cardiac involvement;457375;False
ITPA;Q9BY32;36166;RHEA:29399;mg(2+);;1;1;0;ITPA-related lethal infantile neurological disorder with cataract and cardiac involvement;457375;False
ITPA;Q9BY32;36166;RHEA:83971;mg(2+);;1;1;0;ITPA-related lethal infantile neurological disorder with cataract and cardiac involvement;457375;False
IVD;P26440;1381;RHEA:12276;fad;;1;0;1;Isovaleric acidemia;33;False
IVD;P26440;1381;RHEA:24004;fad;;1;0;1;Isovaleric acidemia;33;False
IVD;P26440;1381;RHEA:43456;fad;;1;0;1;Isovaleric acidemia;33;False
IVD;P26440;1381;RHEA:43464;fad;;1;0;1;Isovaleric acidemia;33;False
IVD;P26440;1384;RHEA:12276;fad;;1;0;1;Isovaleric acidemia;33;False
IVD;P26440;1384;RHEA:24004;fad;;1;0;1;Isovaleric acidemia;33;False
IVD;P26440;1384;RHEA:43456;fad;;1;0;1;Isovaleric acidemia;33;False
IVD;P26440;1384;RHEA:43464;fad;;1;0;1;Isovaleric acidemia;33;False
IYD;Q6PHW0;12111;RHEA:27453;fmn;;1;0;1;Familial thyroid dyshormonogenesis;95716;False
IYD;Q6PHW0;12111;RHEA:27457;fmn;;1;0;1;Familial thyroid dyshormonogenesis;95716;False
IYD;Q6PHW0;12111;RHEA:32479;fmn;;1;0;1;Familial thyroid dyshormonogenesis;95716;False
IYD;Q6PHW0;12111;RHEA:70343;fmn;;1;0;1;Familial thyroid dyshormonogenesis;95716;False
IYD;Q6PHW0;12111;RHEA:70347;fmn;;1;0;1;Familial thyroid dyshormonogenesis;95716;False
JAK1;P23458;27102;RHEA:10596;mg(2+);;2;2;0;Breast implant-associated anaplastic large cell lymphoma || Mendelian susceptibility to mycobacterial diseases due to partial JAK1 deficiency;574957 || 667662;False
JAK1;P23458;27102;RHEA:10596;mn(2+);;2;2;0;Breast implant-associated anaplastic large cell lymphoma || Mendelian susceptibility to mycobacterial diseases due to partial JAK1 deficiency;574957 || 667662;False
JAK1;P23458;27102;RHEA:10596;zn(2+);;2;2;0;Breast implant-associated anaplastic large cell lymphoma || Mendelian susceptibility to mycobacterial diseases due to partial JAK1 deficiency;574957 || 667662;False
JAK2;O60674;27102;RHEA:10596;mg(2+);;6;1;5;Breast implant-associated anaplastic large cell lymphoma || Budd-Chiari syndrome || Essential thrombocythemia || Familial thrombocytosis || Polycythemia vera || Primary myelofibrosis;131 || 3318 || 667662 || 71493 || 729 || 824;True
JAK2;O60674;27102;RHEA:10596;mn(2+);;6;1;5;Breast implant-associated anaplastic large cell lymphoma || Budd-Chiari syndrome || Essential thrombocythemia || Familial thrombocytosis || Polycythemia vera || Primary myelofibrosis;131 || 3318 || 667662 || 71493 || 729 || 824;True
JAK2;O60674;27102;RHEA:10596;zn(2+);;6;1;5;Breast implant-associated anaplastic large cell lymphoma || Budd-Chiari syndrome || Essential thrombocythemia || Familial thrombocytosis || Polycythemia vera || Primary myelofibrosis;131 || 3318 || 667662 || 71493 || 729 || 824;True
JAK3;P52333;27102;RHEA:10596;mg(2+);;1;0;1;T-B+ severe combined immunodeficiency due to JAK3 deficiency;35078;False
JAK3;P52333;27102;RHEA:10596;mn(2+);;1;0;1;T-B+ severe combined immunodeficiency due to JAK3 deficiency;35078;False
JAK3;P52333;27102;RHEA:10596;zn(2+);;1;0;1;T-B+ severe combined immunodeficiency due to JAK3 deficiency;35078;False
KAT6A;Q92794;23148;RHEA:45948;;;2;1;1;"Acute myeloid leukemia with t(8;16)(p11;p13) translocation || KAT6-related intellectual disability-craniofacial anomalies-cardiac defects syndrome";370026 || 457193;True
KAT6B;Q8WYB5;23148;RHEA:45948;;;2;0;2;Blepharophimosis-intellectual disability syndrome, SBBYS type || Genitopatellar syndrome;3047 || 85201;False
KDM1A;O60341;1149966;RHEA:60244;fad;;2;0;2;Cushing syndrome due to bilateral macronodular adrenocortical disease || Palatal anomalies-widely spaced teeth-facial dysmorphism-developmental delay syndrome;189427 || 477993;False
KDM3B;Q7LBC6;1141165;RHEA:60188;fe(2+);;1;1;0;KDM3B-related intellectual disability-facial dysmorphism-short stature syndrome;633004;False
KDM4B;O94953;1141166;RHEA:60200;fe(2+);;1;1;0;Non-specific syndromic intellectual disability;528084;False
KDM5B;Q9UGL1;1141167;RHEA:60208;fe(2+);;2;2;0;Autosomal dominant non-syndromic intellectual disability || Autosomal recessive non-syndromic intellectual disability;178469 || 88616;False
KDM5C;P41229;1141167;RHEA:60208;fe(2+);;1;0;1;KDM5C-related syndromic X-linked intellectual disability;85279;False
KDM6A;O15550;1141168;RHEA:60224;"fe(2+);l-ascorbate";;1;0;1;Kabuki syndrome;2322;False
KDR;P35968;27101;RHEA:10596;ca(2+);;1;0;1;Tetralogy of Fallot;3303;False
KDR;P35968;27101;RHEA:10596;mg(2+);;1;0;1;Tetralogy of Fallot;3303;False
KDSR;Q06136;111102;RHEA:22640;;;2;0;2;Erythrokeratodermia variabilis || Progressive symmetric erythrokeratodermia;316 || 317;False
KHK;P50053;2713;RHEA:18145;;;1;0;1;Essential fructosuria;2056;False
KIT;P10721;27101;RHEA:10596;ca(2+);;18;12;6;"Acute mast cell leukemia || Acute myeloblastic leukemia with maturation || Acute myeloid leukemia with abnormal bone marrow eosinophils inv(16)(p13q22) or t(16;16)(p13;q22) || Acute myeloid leukemia with t(8;21)(q22;q22) translocation || Bullous diffuse cutaneous mastocytosis || Chronic mast cell leukemia || Cutaneous mastocytoma || Gastrointestinal stromal tumor || Isolated bone marrow mastocytosis || Nodular urticaria pigmentosa || Piebaldism || Plaque-form urticaria pigmentosa || Pseudoxanthomatous diffuse cutaneous mastocytosis || Smoldering systemic mastocytosis || Systemic mastocytosis with associated hematologic neoplasm || Telangiectasia macularis eruptiva perstans || Testicular seminomatous germ cell tumor || Typical urticaria pigmentosa";102724 || 158766 || 158769 || 158772 || 158775 || 158778 || 280785 || 280794 || 2884 || 44890 || 566393 || 566396 || 79455 || 842 || 90389 || 98829 || 98834 || 98849;True
KIT;P10721;27101;RHEA:10596;mg(2+);;18;12;6;"Acute mast cell leukemia || Acute myeloblastic leukemia with maturation || Acute myeloid leukemia with abnormal bone marrow eosinophils inv(16)(p13q22) or t(16;16)(p13;q22) || Acute myeloid leukemia with t(8;21)(q22;q22) translocation || Bullous diffuse cutaneous mastocytosis || Chronic mast cell leukemia || Cutaneous mastocytoma || Gastrointestinal stromal tumor || Isolated bone marrow mastocytosis || Nodular urticaria pigmentosa || Piebaldism || Plaque-form urticaria pigmentosa || Pseudoxanthomatous diffuse cutaneous mastocytosis || Smoldering systemic mastocytosis || Systemic mastocytosis with associated hematologic neoplasm || Telangiectasia macularis eruptiva perstans || Testicular seminomatous germ cell tumor || Typical urticaria pigmentosa";102724 || 158766 || 158769 || 158772 || 158775 || 158778 || 280785 || 280794 || 2884 || 44890 || 566393 || 566396 || 79455 || 842 || 90389 || 98829 || 98834 || 98849;True
KL;Q9UEF7;32131;RHEA:17633;;;1;1;0;Familial hyperphosphatemic tumoral calcinosis/Hyperphosphatemic hyperostosis syndrome;306661;False
KMT2B;Q9UMN6;211364;RHEA:60264;;;2;1;1;Dystonia 28 || Non-specific syndromic intellectual disability;528084 || 589618;True
KMT2B;Q9UMN6;211364;RHEA:60268;;;2;1;1;Dystonia 28 || Non-specific syndromic intellectual disability;528084 || 589618;True
KMT2C;Q8NEZ4;211364;RHEA:60264;;;1;0;1;Kleefstra syndrome due to a point mutation;261652;False
KMT2D;O14686;211364;RHEA:60264;;;2;1;1;Choanal atresia-athelia-hypothyroidism-delayed puberty-short stature syndrome || Kabuki syndrome;2322 || 589856;True
KMT5B;Q4FZB7;211361;RHEA:60344;;;1;1;0;Intellectual disability-hypotonia-facial dysmorphism-macrocephaly syndrome;684226;False
KMT5B;Q4FZB7;211361;RHEA:60348;;;1;1;0;Intellectual disability-hypotonia-facial dysmorphism-macrocephaly syndrome;684226;False
KMT5B;Q4FZB7;211361;RHEA:61992;;;1;1;0;Intellectual disability-hypotonia-facial dysmorphism-macrocephaly syndrome;684226;False
KMT5B;Q4FZB7;211362;RHEA:60344;;;1;1;0;Intellectual disability-hypotonia-facial dysmorphism-macrocephaly syndrome;684226;False
KMT5B;Q4FZB7;211362;RHEA:60348;;;1;1;0;Intellectual disability-hypotonia-facial dysmorphism-macrocephaly syndrome;684226;False
KMT5B;Q4FZB7;211362;RHEA:61992;;;1;1;0;Intellectual disability-hypotonia-facial dysmorphism-macrocephaly syndrome;684226;False
KRAS;P01116;3652;RHEA:19669;mg(2+);;11;4;7;Cardiofaciocutaneous syndrome || Differentiated thyroid carcinoma || Encephalocraniocutaneous lipomatosis || Familial pancreatic carcinoma || Juvenile myelomonocytic leukemia || Linear nevus sebaceus syndrome || Lynch syndrome || Noonan syndrome || Oculoectodermal syndrome || Pilomyxoid astrocytoma || RAS-associated autoimmune leukoproliferative disease;1333 || 1340 || 144 || 146 || 2396 || 251615 || 2612 || 268114 || 3339 || 648 || 86834;True
KYNU;Q16719;3713;RHEA:16813;pyridoxal 5'-phosphate;;2;1;1;Congenital vertebral-cardiac-renal anomalies syndrome || Hydroxykynureninuria;521438 || 79155;True
KYNU;Q16719;3713;RHEA:25143;pyridoxal 5'-phosphate;;2;1;1;Congenital vertebral-cardiac-renal anomalies syndrome || Hydroxykynureninuria;521438 || 79155;True
L2HGDH;Q9H9P8;11992;RHEA:21252;fad;;1;0;1;L-2-hydroxyglutaric aciduria;79314;False
LACC1;Q8IV20;2421;RHEA:11852;zn(2+);;1;0;1;Systemic-onset juvenile idiopathic arthritis;85414;False
LACC1;Q8IV20;2421;RHEA:13233;zn(2+);;1;0;1;Systemic-onset juvenile idiopathic arthritis;85414;False
LACC1;Q8IV20;2421;RHEA:24408;zn(2+);;1;0;1;Systemic-onset juvenile idiopathic arthritis;85414;False
LACC1;Q8IV20;2421;RHEA:27642;zn(2+);;1;0;1;Systemic-onset juvenile idiopathic arthritis;85414;False
LACC1;Q8IV20;2421;RHEA:27646;zn(2+);;1;0;1;Systemic-onset juvenile idiopathic arthritis;85414;False
LACC1;Q8IV20;24228;RHEA:11852;zn(2+);;1;0;1;Systemic-onset juvenile idiopathic arthritis;85414;False
LACC1;Q8IV20;24228;RHEA:13233;zn(2+);;1;0;1;Systemic-onset juvenile idiopathic arthritis;85414;False
LACC1;Q8IV20;24228;RHEA:24408;zn(2+);;1;0;1;Systemic-onset juvenile idiopathic arthritis;85414;False
LACC1;Q8IV20;24228;RHEA:27642;zn(2+);;1;0;1;Systemic-onset juvenile idiopathic arthritis;85414;False
LACC1;Q8IV20;24228;RHEA:27646;zn(2+);;1;0;1;Systemic-onset juvenile idiopathic arthritis;85414;False
LACC1;Q8IV20;3544;RHEA:11852;zn(2+);;1;0;1;Systemic-onset juvenile idiopathic arthritis;85414;False
LACC1;Q8IV20;3544;RHEA:13233;zn(2+);;1;0;1;Systemic-onset juvenile idiopathic arthritis;85414;False
LACC1;Q8IV20;3544;RHEA:24408;zn(2+);;1;0;1;Systemic-onset juvenile idiopathic arthritis;85414;False
LACC1;Q8IV20;3544;RHEA:27642;zn(2+);;1;0;1;Systemic-onset juvenile idiopathic arthritis;85414;False
LACC1;Q8IV20;3544;RHEA:27646;zn(2+);;1;0;1;Systemic-onset juvenile idiopathic arthritis;85414;False
LARS1;Q9P2J5;6114;RHEA:11688;;;1;1;0;Acute infantile liver failure-multisystemic involvement syndrome;370088;False
LARS1;Q9P2J5;6114;RHEA:77535;;;1;1;0;Acute infantile liver failure-multisystemic involvement syndrome;370088;False
LARS2;Q15031;6114;RHEA:11688;;;3;3;0;Hydrops-lactic acidosis-sideroblastic anemia-multisystemic failure syndrome || Perrault syndrome type 1 || Perrault syndrome type 2;528091 || 642945 || 642976;False
LBR;Q14739;13170;RHEA:18561;;;3;1;2;Greenberg dysplasia || Regressive spondylometaphyseal dysplasia || Reynolds syndrome;1426 || 448267 || 779;True
LBR;Q14739;13170;RHEA:46456;;;3;1;2;Greenberg dysplasia || Regressive spondylometaphyseal dysplasia || Reynolds syndrome;1426 || 448267 || 779;True
LBR;Q14739;13170;RHEA:46812;;;3;1;2;Greenberg dysplasia || Regressive spondylometaphyseal dysplasia || Reynolds syndrome;1426 || 448267 || 779;True
LCAT;P04180;23143;RHEA:17777;;;2;1;1;Familial LCAT deficiency || Fish-eye disease;79292 || 79293;True
LCAT;P04180;23143;RHEA:21204;;;2;1;1;Familial LCAT deficiency || Fish-eye disease;79292 || 79293;True
LCAT;P04180;23143;RHEA:40427;;;2;1;1;Familial LCAT deficiency || Fish-eye disease;79292 || 79293;True
LCAT;P04180;23143;RHEA:40811;;;2;1;1;Familial LCAT deficiency || Fish-eye disease;79292 || 79293;True
LCAT;P04180;23143;RHEA:43216;;;2;1;1;Familial LCAT deficiency || Fish-eye disease;79292 || 79293;True
LCAT;P04180;23143;RHEA:43224;;;2;1;1;Familial LCAT deficiency || Fish-eye disease;79292 || 79293;True
LCAT;P04180;23143;RHEA:53448;;;2;1;1;Familial LCAT deficiency || Fish-eye disease;79292 || 79293;True
LCAT;P04180;23143;RHEA:53456;;;2;1;1;Familial LCAT deficiency || Fish-eye disease;79292 || 79293;True
LCAT;P04180;23143;RHEA:53460;;;2;1;1;Familial LCAT deficiency || Fish-eye disease;79292 || 79293;True
LCAT;P04180;23143;RHEA:53464;;;2;1;1;Familial LCAT deficiency || Fish-eye disease;79292 || 79293;True
LCAT;P04180;23143;RHEA:53468;;;2;1;1;Familial LCAT deficiency || Fish-eye disease;79292 || 79293;True
LCAT;P04180;23143;RHEA:53472;;;2;1;1;Familial LCAT deficiency || Fish-eye disease;79292 || 79293;True
LCAT;P04180;23143;RHEA:53476;;;2;1;1;Familial LCAT deficiency || Fish-eye disease;79292 || 79293;True
LCAT;P04180;23143;RHEA:53516;;;2;1;1;Familial LCAT deficiency || Fish-eye disease;79292 || 79293;True
LCAT;P04180;23143;RHEA:53520;;;2;1;1;Familial LCAT deficiency || Fish-eye disease;79292 || 79293;True
LCAT;P04180;23143;RHEA:53636;;;2;1;1;Familial LCAT deficiency || Fish-eye disease;79292 || 79293;True
LCAT;P04180;31147;RHEA:17777;;;2;1;1;Familial LCAT deficiency || Fish-eye disease;79292 || 79293;True
LCAT;P04180;31147;RHEA:21204;;;2;1;1;Familial LCAT deficiency || Fish-eye disease;79292 || 79293;True
LCAT;P04180;31147;RHEA:40427;;;2;1;1;Familial LCAT deficiency || Fish-eye disease;79292 || 79293;True
LCAT;P04180;31147;RHEA:40811;;;2;1;1;Familial LCAT deficiency || Fish-eye disease;79292 || 79293;True
LCAT;P04180;31147;RHEA:43216;;;2;1;1;Familial LCAT deficiency || Fish-eye disease;79292 || 79293;True
LCAT;P04180;31147;RHEA:43224;;;2;1;1;Familial LCAT deficiency || Fish-eye disease;79292 || 79293;True
LCAT;P04180;31147;RHEA:53448;;;2;1;1;Familial LCAT deficiency || Fish-eye disease;79292 || 79293;True
LCAT;P04180;31147;RHEA:53456;;;2;1;1;Familial LCAT deficiency || Fish-eye disease;79292 || 79293;True
LCAT;P04180;31147;RHEA:53460;;;2;1;1;Familial LCAT deficiency || Fish-eye disease;79292 || 79293;True
LCAT;P04180;31147;RHEA:53464;;;2;1;1;Familial LCAT deficiency || Fish-eye disease;79292 || 79293;True
LCAT;P04180;31147;RHEA:53468;;;2;1;1;Familial LCAT deficiency || Fish-eye disease;79292 || 79293;True
LCAT;P04180;31147;RHEA:53472;;;2;1;1;Familial LCAT deficiency || Fish-eye disease;79292 || 79293;True
LCAT;P04180;31147;RHEA:53476;;;2;1;1;Familial LCAT deficiency || Fish-eye disease;79292 || 79293;True
LCAT;P04180;31147;RHEA:53516;;;2;1;1;Familial LCAT deficiency || Fish-eye disease;79292 || 79293;True
LCAT;P04180;31147;RHEA:53520;;;2;1;1;Familial LCAT deficiency || Fish-eye disease;79292 || 79293;True
LCAT;P04180;31147;RHEA:53636;;;2;1;1;Familial LCAT deficiency || Fish-eye disease;79292 || 79293;True
LCK;P06239;27102;RHEA:10596;mg(2+);;1;1;0;Combined immunodeficiency due to LCK deficiency;280142;False
LCK;P06239;27102;RHEA:10596;mn(2+);;1;1;0;Combined immunodeficiency due to LCK deficiency;280142;False
LCK;P06239;27102;RHEA:10596;zn(2+);;1;1;0;Combined immunodeficiency due to LCK deficiency;280142;False
LCT;P09848;321108;RHEA:10076;;;1;1;0;Congenital lactase deficiency;53690;False
LCT;P09848;321108;RHEA:30679;;;1;1;0;Congenital lactase deficiency;53690;False
LCT;P09848;321108;RHEA:69639;;;1;1;0;Congenital lactase deficiency;53690;False
LCT;P09848;321108;RHEA:69647;;;1;1;0;Congenital lactase deficiency;53690;False
LCT;P09848;321108;RHEA:69655;;;1;1;0;Congenital lactase deficiency;53690;False
LCT;P09848;321108;RHEA:69659;;;1;1;0;Congenital lactase deficiency;53690;False
LCT;P09848;321108;RHEA:69663;;;1;1;0;Congenital lactase deficiency;53690;False
LCT;P09848;321108;RHEA:69667;;;1;1;0;Congenital lactase deficiency;53690;False
LCT;P09848;321108;RHEA:69671;;;1;1;0;Congenital lactase deficiency;53690;False
LCT;P09848;321108;RHEA:69675;;;1;1;0;Congenital lactase deficiency;53690;False
LCT;P09848;321108;RHEA:69679;;;1;1;0;Congenital lactase deficiency;53690;False
LCT;P09848;321108;RHEA:69683;;;1;1;0;Congenital lactase deficiency;53690;False
LCT;P09848;321108;RHEA:69687;;;1;1;0;Congenital lactase deficiency;53690;False
LCT;P09848;321108;RHEA:69699;;;1;1;0;Congenital lactase deficiency;53690;False
LCT;P09848;321108;RHEA:69703;;;1;1;0;Congenital lactase deficiency;53690;False
LCT;P09848;321108;RHEA:69707;;;1;1;0;Congenital lactase deficiency;53690;False
LCT;P09848;321108;RHEA:69711;;;1;1;0;Congenital lactase deficiency;53690;False
LCT;P09848;32162;RHEA:10076;;;1;1;0;Congenital lactase deficiency;53690;False
LCT;P09848;32162;RHEA:30679;;;1;1;0;Congenital lactase deficiency;53690;False
LCT;P09848;32162;RHEA:69639;;;1;1;0;Congenital lactase deficiency;53690;False
LCT;P09848;32162;RHEA:69647;;;1;1;0;Congenital lactase deficiency;53690;False
LCT;P09848;32162;RHEA:69655;;;1;1;0;Congenital lactase deficiency;53690;False
LCT;P09848;32162;RHEA:69659;;;1;1;0;Congenital lactase deficiency;53690;False
LCT;P09848;32162;RHEA:69663;;;1;1;0;Congenital lactase deficiency;53690;False
LCT;P09848;32162;RHEA:69667;;;1;1;0;Congenital lactase deficiency;53690;False
LCT;P09848;32162;RHEA:69671;;;1;1;0;Congenital lactase deficiency;53690;False
LCT;P09848;32162;RHEA:69675;;;1;1;0;Congenital lactase deficiency;53690;False
LCT;P09848;32162;RHEA:69679;;;1;1;0;Congenital lactase deficiency;53690;False
LCT;P09848;32162;RHEA:69683;;;1;1;0;Congenital lactase deficiency;53690;False
LCT;P09848;32162;RHEA:69687;;;1;1;0;Congenital lactase deficiency;53690;False
LCT;P09848;32162;RHEA:69699;;;1;1;0;Congenital lactase deficiency;53690;False
LCT;P09848;32162;RHEA:69703;;;1;1;0;Congenital lactase deficiency;53690;False
LCT;P09848;32162;RHEA:69707;;;1;1;0;Congenital lactase deficiency;53690;False
LCT;P09848;32162;RHEA:69711;;;1;1;0;Congenital lactase deficiency;53690;False
LDHA;P00338;11127;RHEA:23444;;;1;0;1;Glycogen storage disease due to lactate dehydrogenase M-subunit deficiency;284426;False
LDHB;P07195;11127;RHEA:23444;;;1;1;0;Glycogen storage disease due to lactate dehydrogenase H-subunit deficiency;284435;False
LFNG;Q8NES3;241222;RHEA:70511;"co(2+);mn(2+)";;1;0;1;Autosomal recessive spondylocostal dysostosis;2311;False
LFNG;Q8NES3;241222;RHEA:70531;"co(2+);mn(2+)";;1;0;1;Autosomal recessive spondylocostal dysostosis;2311;False
LIAS;O43766;2818;RHEA:16585;[4fe-4s] cluster;"protein lipoylation via endogenous pathway;protein modification;protein n(6)-(lipoyl)lysine from octanoyl-[acyl-carrier-protein]: step 2/2";1;1;0;Lipoic acid synthetase deficiency;401859;False
LIMK1;P53667;27111;RHEA:17989;;;1;0;1;Williams syndrome;904;False
LIMK1;P53667;27111;RHEA:46608;;;1;0;1;Williams syndrome;904;False
LIPA;P38571;31113;RHEA:10100;;;2;0;2;Cholesteryl ester storage disease || Wolman disease;75233 || 75234;False
LIPA;P38571;31113;RHEA:33875;;;2;0;2;Cholesteryl ester storage disease || Wolman disease;75233 || 75234;False
LIPA;P38571;31113;RHEA:35667;;;2;0;2;Cholesteryl ester storage disease || Wolman disease;75233 || 75234;False
LIPA;P38571;31113;RHEA:38379;;;2;0;2;Cholesteryl ester storage disease || Wolman disease;75233 || 75234;False
LIPA;P38571;31113;RHEA:39939;;;2;0;2;Cholesteryl ester storage disease || Wolman disease;75233 || 75234;False
LIPA;P38571;31113;RHEA:40967;;;2;0;2;Cholesteryl ester storage disease || Wolman disease;75233 || 75234;False
LIPA;P38571;31113;RHEA:44712;;;2;0;2;Cholesteryl ester storage disease || Wolman disease;75233 || 75234;False
LIPA;P38571;31113;RHEA:78019;;;2;0;2;Cholesteryl ester storage disease || Wolman disease;75233 || 75234;False
LIPC;P11150;3113;RHEA:12044;;;1;0;1;Hyperlipidemia due to hepatic triacylglycerol lipase deficiency;140905;False
LIPC;P11150;3113;RHEA:15177;;;1;0;1;Hyperlipidemia due to hepatic triacylglycerol lipase deficiency;140905;False
LIPC;P11150;3113;RHEA:18689;;;1;0;1;Hyperlipidemia due to hepatic triacylglycerol lipase deficiency;140905;False
LIPC;P11150;3113;RHEA:38391;;;1;0;1;Hyperlipidemia due to hepatic triacylglycerol lipase deficiency;140905;False
LIPC;P11150;3113;RHEA:38511;;;1;0;1;Hyperlipidemia due to hepatic triacylglycerol lipase deficiency;140905;False
LIPC;P11150;3113;RHEA:38575;;;1;0;1;Hyperlipidemia due to hepatic triacylglycerol lipase deficiency;140905;False
LIPC;P11150;3113;RHEA:38651;;;1;0;1;Hyperlipidemia due to hepatic triacylglycerol lipase deficiency;140905;False
LIPC;P11150;3113;RHEA:38699;;;1;0;1;Hyperlipidemia due to hepatic triacylglycerol lipase deficiency;140905;False
LIPC;P11150;3113;RHEA:40435;;;1;0;1;Hyperlipidemia due to hepatic triacylglycerol lipase deficiency;140905;False
LIPC;P11150;3113;RHEA:40475;;;1;0;1;Hyperlipidemia due to hepatic triacylglycerol lipase deficiency;140905;False
LIPC;P11150;3113;RHEA:40499;;;1;0;1;Hyperlipidemia due to hepatic triacylglycerol lipase deficiency;140905;False
LIPC;P11150;3113;RHEA:41384;;;1;0;1;Hyperlipidemia due to hepatic triacylglycerol lipase deficiency;140905;False
LIPC;P11150;31132;RHEA:12044;;;1;0;1;Hyperlipidemia due to hepatic triacylglycerol lipase deficiency;140905;False
LIPC;P11150;31132;RHEA:15177;;;1;0;1;Hyperlipidemia due to hepatic triacylglycerol lipase deficiency;140905;False
LIPC;P11150;31132;RHEA:18689;;;1;0;1;Hyperlipidemia due to hepatic triacylglycerol lipase deficiency;140905;False
LIPC;P11150;31132;RHEA:38391;;;1;0;1;Hyperlipidemia due to hepatic triacylglycerol lipase deficiency;140905;False
LIPC;P11150;31132;RHEA:38511;;;1;0;1;Hyperlipidemia due to hepatic triacylglycerol lipase deficiency;140905;False
LIPC;P11150;31132;RHEA:38575;;;1;0;1;Hyperlipidemia due to hepatic triacylglycerol lipase deficiency;140905;False
LIPC;P11150;31132;RHEA:38651;;;1;0;1;Hyperlipidemia due to hepatic triacylglycerol lipase deficiency;140905;False
LIPC;P11150;31132;RHEA:38699;;;1;0;1;Hyperlipidemia due to hepatic triacylglycerol lipase deficiency;140905;False
LIPC;P11150;31132;RHEA:40435;;;1;0;1;Hyperlipidemia due to hepatic triacylglycerol lipase deficiency;140905;False
LIPC;P11150;31132;RHEA:40475;;;1;0;1;Hyperlipidemia due to hepatic triacylglycerol lipase deficiency;140905;False
LIPC;P11150;31132;RHEA:40499;;;1;0;1;Hyperlipidemia due to hepatic triacylglycerol lipase deficiency;140905;False
LIPC;P11150;31132;RHEA:41384;;;1;0;1;Hyperlipidemia due to hepatic triacylglycerol lipase deficiency;140905;False
LIPC;P11150;3115;RHEA:12044;;;1;0;1;Hyperlipidemia due to hepatic triacylglycerol lipase deficiency;140905;False
LIPC;P11150;3115;RHEA:15177;;;1;0;1;Hyperlipidemia due to hepatic triacylglycerol lipase deficiency;140905;False
LIPC;P11150;3115;RHEA:18689;;;1;0;1;Hyperlipidemia due to hepatic triacylglycerol lipase deficiency;140905;False
LIPC;P11150;3115;RHEA:38391;;;1;0;1;Hyperlipidemia due to hepatic triacylglycerol lipase deficiency;140905;False
LIPC;P11150;3115;RHEA:38511;;;1;0;1;Hyperlipidemia due to hepatic triacylglycerol lipase deficiency;140905;False
LIPC;P11150;3115;RHEA:38575;;;1;0;1;Hyperlipidemia due to hepatic triacylglycerol lipase deficiency;140905;False
LIPC;P11150;3115;RHEA:38651;;;1;0;1;Hyperlipidemia due to hepatic triacylglycerol lipase deficiency;140905;False
LIPC;P11150;3115;RHEA:38699;;;1;0;1;Hyperlipidemia due to hepatic triacylglycerol lipase deficiency;140905;False
LIPC;P11150;3115;RHEA:40435;;;1;0;1;Hyperlipidemia due to hepatic triacylglycerol lipase deficiency;140905;False
LIPC;P11150;3115;RHEA:40475;;;1;0;1;Hyperlipidemia due to hepatic triacylglycerol lipase deficiency;140905;False
LIPC;P11150;3115;RHEA:40499;;;1;0;1;Hyperlipidemia due to hepatic triacylglycerol lipase deficiency;140905;False
LIPC;P11150;3115;RHEA:41384;;;1;0;1;Hyperlipidemia due to hepatic triacylglycerol lipase deficiency;140905;False
LIPE;Q05469;31123;RHEA:12044;;;1;0;1;LIPE-related familial partial lipodystrophy;435660;False
LIPE;Q05469;31123;RHEA:13933;;;1;0;1;LIPE-related familial partial lipodystrophy;435660;False
LIPE;Q05469;31123;RHEA:15245;;;1;0;1;LIPE-related familial partial lipodystrophy;435660;False
LIPE;Q05469;31123;RHEA:26132;;;1;0;1;LIPE-related familial partial lipodystrophy;435660;False
LIPE;Q05469;31123;RHEA:32731;;;1;0;1;LIPE-related familial partial lipodystrophy;435660;False
LIPE;Q05469;31123;RHEA:33875;;;1;0;1;LIPE-related familial partial lipodystrophy;435660;False
LIPE;Q05469;31123;RHEA:38379;;;1;0;1;LIPE-related familial partial lipodystrophy;435660;False
LIPE;Q05469;31123;RHEA:38383;;;1;0;1;LIPE-related familial partial lipodystrophy;435660;False
LIPE;Q05469;31123;RHEA:38455;;;1;0;1;LIPE-related familial partial lipodystrophy;435660;False
LIPE;Q05469;31123;RHEA:38487;;;1;0;1;LIPE-related familial partial lipodystrophy;435660;False
LIPE;Q05469;31123;RHEA:38491;;;1;0;1;LIPE-related familial partial lipodystrophy;435660;False
LIPE;Q05469;31123;RHEA:38563;;;1;0;1;LIPE-related familial partial lipodystrophy;435660;False
LIPE;Q05469;31123;RHEA:38575;;;1;0;1;LIPE-related familial partial lipodystrophy;435660;False
LIPE;Q05469;31123;RHEA:38659;;;1;0;1;LIPE-related familial partial lipodystrophy;435660;False
LIPE;Q05469;31123;RHEA:39935;;;1;0;1;LIPE-related familial partial lipodystrophy;435660;False
LIPE;Q05469;31123;RHEA:39939;;;1;0;1;LIPE-related familial partial lipodystrophy;435660;False
LIPE;Q05469;31179;RHEA:12044;;;1;0;1;LIPE-related familial partial lipodystrophy;435660;False
LIPE;Q05469;31179;RHEA:13933;;;1;0;1;LIPE-related familial partial lipodystrophy;435660;False
LIPE;Q05469;31179;RHEA:15245;;;1;0;1;LIPE-related familial partial lipodystrophy;435660;False
LIPE;Q05469;31179;RHEA:26132;;;1;0;1;LIPE-related familial partial lipodystrophy;435660;False
LIPE;Q05469;31179;RHEA:32731;;;1;0;1;LIPE-related familial partial lipodystrophy;435660;False
LIPE;Q05469;31179;RHEA:33875;;;1;0;1;LIPE-related familial partial lipodystrophy;435660;False
LIPE;Q05469;31179;RHEA:38379;;;1;0;1;LIPE-related familial partial lipodystrophy;435660;False
LIPE;Q05469;31179;RHEA:38383;;;1;0;1;LIPE-related familial partial lipodystrophy;435660;False
LIPE;Q05469;31179;RHEA:38455;;;1;0;1;LIPE-related familial partial lipodystrophy;435660;False
LIPE;Q05469;31179;RHEA:38487;;;1;0;1;LIPE-related familial partial lipodystrophy;435660;False
LIPE;Q05469;31179;RHEA:38491;;;1;0;1;LIPE-related familial partial lipodystrophy;435660;False
LIPE;Q05469;31179;RHEA:38563;;;1;0;1;LIPE-related familial partial lipodystrophy;435660;False
LIPE;Q05469;31179;RHEA:38575;;;1;0;1;LIPE-related familial partial lipodystrophy;435660;False
LIPE;Q05469;31179;RHEA:38659;;;1;0;1;LIPE-related familial partial lipodystrophy;435660;False
LIPE;Q05469;31179;RHEA:39935;;;1;0;1;LIPE-related familial partial lipodystrophy;435660;False
LIPE;Q05469;31179;RHEA:39939;;;1;0;1;LIPE-related familial partial lipodystrophy;435660;False
LIPN;Q5VXI9;31113;RHEA:10100;;;1;0;1;Lamellar ichthyosis;313;False
LIPN;Q5VXI9;31113;RHEA:12044;;;1;0;1;Lamellar ichthyosis;313;False
LIPN;Q5VXI9;31113;RHEA:35667;;;1;0;1;Lamellar ichthyosis;313;False
LIPN;Q5VXI9;31113;RHEA:36403;;;1;0;1;Lamellar ichthyosis;313;False
LIPN;Q5VXI9;3113;RHEA:10100;;;1;0;1;Lamellar ichthyosis;313;False
LIPN;Q5VXI9;3113;RHEA:12044;;;1;0;1;Lamellar ichthyosis;313;False
LIPN;Q5VXI9;3113;RHEA:35667;;;1;0;1;Lamellar ichthyosis;313;False
LIPN;Q5VXI9;3113;RHEA:36403;;;1;0;1;Lamellar ichthyosis;313;False
LOX;P28300;14313;RHEA:24544;cu cation;;1;0;1;Familial thoracic aortic aneurysm and aortic dissection;91387;False
LPIN1;Q14693;3134;RHEA:27429;mg(2+);;1;0;1;Genetic recurrent myoglobinuria;99845;False
LPIN1;Q14693;3134;RHEA:33335;"mg(2+);mn(2+)";;1;0;1;Genetic recurrent myoglobinuria;99845;False
LPIN1;Q14693;3134;RHEA:41255;"mg(2+);mn(2+)";;1;0;1;Genetic recurrent myoglobinuria;99845;False
LPIN1;Q14693;3134;RHEA:43236;"mg(2+);mn(2+)";;1;0;1;Genetic recurrent myoglobinuria;99845;False
LPIN1;Q14693;3134;RHEA:43240;"mg(2+);mn(2+)";;1;0;1;Genetic recurrent myoglobinuria;99845;False
LPIN1;Q14693;3134;RHEA:43244;"mg(2+);mn(2+)";;1;0;1;Genetic recurrent myoglobinuria;99845;False
LPIN1;Q14693;3134;RHEA:43248;"mg(2+);mn(2+)";;1;0;1;Genetic recurrent myoglobinuria;99845;False
LPIN1;Q14693;3134;RHEA:43252;"mg(2+);mn(2+)";;1;0;1;Genetic recurrent myoglobinuria;99845;False
LPIN1;Q14693;3134;RHEA:43256;"mg(2+);mn(2+)";;1;0;1;Genetic recurrent myoglobinuria;99845;False
LPIN1;Q14693;3134;RHEA:43260;"mg(2+);mn(2+)";;1;0;1;Genetic recurrent myoglobinuria;99845;False
LPIN1;Q14693;3134;RHEA:43280;"mg(2+);mn(2+)";;1;0;1;Genetic recurrent myoglobinuria;99845;False
LPIN1;Q14693;3134;RHEA:43284;"mg(2+);mn(2+)";;1;0;1;Genetic recurrent myoglobinuria;99845;False
LPIN1;Q14693;3134;RHEA:43288;"mg(2+);mn(2+)";;1;0;1;Genetic recurrent myoglobinuria;99845;False
LPIN1;Q14693;3134;RHEA:43292;"mg(2+);mn(2+)";;1;0;1;Genetic recurrent myoglobinuria;99845;False
LPIN1;Q14693;3134;RHEA:43296;"mg(2+);mn(2+)";;1;0;1;Genetic recurrent myoglobinuria;99845;False
LPIN2;Q92539;3134;RHEA:27429;mg(2+);;1;0;1;Majeed syndrome;77297;False
LPL;P06858;31132;RHEA:12044;;;1;1;0;Familial lipoprotein lipase deficiency;309015;False
LPL;P06858;31132;RHEA:18689;;;1;1;0;Familial lipoprotein lipase deficiency;309015;False
LPL;P06858;31132;RHEA:38575;;;1;1;0;Familial lipoprotein lipase deficiency;309015;False
LPL;P06858;31132;RHEA:38699;;;1;1;0;Familial lipoprotein lipase deficiency;309015;False
LPL;P06858;31132;RHEA:40475;;;1;1;0;Familial lipoprotein lipase deficiency;309015;False
LPL;P06858;31132;RHEA:41384;;;1;1;0;Familial lipoprotein lipase deficiency;309015;False
LPL;P06858;31134;RHEA:12044;;;1;1;0;Familial lipoprotein lipase deficiency;309015;False
LPL;P06858;31134;RHEA:18689;;;1;1;0;Familial lipoprotein lipase deficiency;309015;False
LPL;P06858;31134;RHEA:38575;;;1;1;0;Familial lipoprotein lipase deficiency;309015;False
LPL;P06858;31134;RHEA:38699;;;1;1;0;Familial lipoprotein lipase deficiency;309015;False
LPL;P06858;31134;RHEA:40475;;;1;1;0;Familial lipoprotein lipase deficiency;309015;False
LPL;P06858;31134;RHEA:41384;;;1;1;0;Familial lipoprotein lipase deficiency;309015;False
LRAT;O95237;231135;RHEA:17469;;;3;0;3;Leber congenital amaurosis || Retinitis pigmentosa || Severe early-childhood-onset retinal dystrophy;364055 || 65 || 791;False
LRAT;O95237;231135;RHEA:43904;;;3;0;3;Leber congenital amaurosis || Retinitis pigmentosa || Severe early-childhood-onset retinal dystrophy;364055 || 65 || 791;False
LRAT;O95237;231135;RHEA:55320;;;3;0;3;Leber congenital amaurosis || Retinitis pigmentosa || Severe early-childhood-onset retinal dystrophy;364055 || 65 || 791;False
LRAT;O95237;231135;RHEA:56240;;;3;0;3;Leber congenital amaurosis || Retinitis pigmentosa || Severe early-childhood-onset retinal dystrophy;364055 || 65 || 791;False
LRAT;O95237;231135;RHEA:56244;;;3;0;3;Leber congenital amaurosis || Retinitis pigmentosa || Severe early-childhood-onset retinal dystrophy;364055 || 65 || 791;False
LRAT;O95237;231135;RHEA:56248;;;3;0;3;Leber congenital amaurosis || Retinitis pigmentosa || Severe early-childhood-onset retinal dystrophy;364055 || 65 || 791;False
LRRK1;Q38SD2;27111;RHEA:17989;"mg(2+);mn(2+)";;1;1;0;Osteosclerotic metaphyseal dysplasia;500548;False
LRRK1;Q38SD2;27111;RHEA:46608;"mg(2+);mn(2+)";;1;1;0;Osteosclerotic metaphyseal dysplasia;500548;False
LRRK2;Q5S007;27111;RHEA:17989;mg(2+);;2;0;2;Hereditary late-onset Parkinson disease || Young-onset Parkinson disease;2828 || 411602;False
LRRK2;Q5S007;27111;RHEA:19669;mg(2+);;2;0;2;Hereditary late-onset Parkinson disease || Young-onset Parkinson disease;2828 || 411602;False
LRRK2;Q5S007;27111;RHEA:46608;mg(2+);;2;0;2;Hereditary late-onset Parkinson disease || Young-onset Parkinson disease;2828 || 411602;False
LRRK2;Q5S007;365-;RHEA:17989;mg(2+);;2;0;2;Hereditary late-onset Parkinson disease || Young-onset Parkinson disease;2828 || 411602;False
LRRK2;Q5S007;365-;RHEA:19669;mg(2+);;2;0;2;Hereditary late-onset Parkinson disease || Young-onset Parkinson disease;2828 || 411602;False
LRRK2;Q5S007;365-;RHEA:46608;mg(2+);;2;0;2;Hereditary late-onset Parkinson disease || Young-onset Parkinson disease;2828 || 411602;False
LSS;P48449;54997;RHEA:14621;;;4;1;3;Alopecia-intellectual disability syndrome || Autosomal recessive palmoplantar keratoderma and congenital alopecia || Hypotrichosis simplex || Total early-onset cataract;1366 || 2850 || 55654 || 98994;True
MAK;P20794;27111;RHEA:17989;mg(2+);;1;0;1;Retinitis pigmentosa;791;False
MAK;P20794;27111;RHEA:46608;mg(2+);;1;0;1;Retinitis pigmentosa;791;False
MAN1B1;Q9UKM7;321113;RHEA:56008;ca(2+);;2;1;1;Autosomal recessive non-syndromic intellectual disability || MAN1B1-CDG;397941 || 88616;True
MAN1B1;Q9UKM7;321113;RHEA:56028;ca(2+);;2;1;1;Autosomal recessive non-syndromic intellectual disability || MAN1B1-CDG;397941 || 88616;True
MAOA;P21397;14321;RHEA:16153;fad;;1;0;1;Monoamine oxidase A deficiency;3057;False
MAOA;P21397;14321;RHEA:25265;fad;;1;0;1;Monoamine oxidase A deficiency;3057;False
MAOA;P21397;14321;RHEA:26414;fad;;1;0;1;Monoamine oxidase A deficiency;3057;False
MAOA;P21397;14321;RHEA:27946;fad;;1;0;1;Monoamine oxidase A deficiency;3057;False
MAOA;P21397;14321;RHEA:30591;fad;;1;0;1;Monoamine oxidase A deficiency;3057;False
MAOA;P21397;14321;RHEA:51168;fad;;1;0;1;Monoamine oxidase A deficiency;3057;False
MAOA;P21397;14321;RHEA:59416;fad;;1;0;1;Monoamine oxidase A deficiency;3057;False
MAOA;P21397;14321;RHEA:59596;fad;;1;0;1;Monoamine oxidase A deficiency;3057;False
MAOA;P21397;14321;RHEA:69072;fad;;1;0;1;Monoamine oxidase A deficiency;3057;False
MAOA;P21397;14321;RHEA:69076;fad;;1;0;1;Monoamine oxidase A deficiency;3057;False
MAOA;P21397;1434;RHEA:16153;fad;;1;0;1;Monoamine oxidase A deficiency;3057;False
MAOA;P21397;1434;RHEA:25265;fad;;1;0;1;Monoamine oxidase A deficiency;3057;False
MAOA;P21397;1434;RHEA:26414;fad;;1;0;1;Monoamine oxidase A deficiency;3057;False
MAOA;P21397;1434;RHEA:27946;fad;;1;0;1;Monoamine oxidase A deficiency;3057;False
MAOA;P21397;1434;RHEA:30591;fad;;1;0;1;Monoamine oxidase A deficiency;3057;False
MAOA;P21397;1434;RHEA:51168;fad;;1;0;1;Monoamine oxidase A deficiency;3057;False
MAOA;P21397;1434;RHEA:59416;fad;;1;0;1;Monoamine oxidase A deficiency;3057;False
MAOA;P21397;1434;RHEA:59596;fad;;1;0;1;Monoamine oxidase A deficiency;3057;False
MAOA;P21397;1434;RHEA:69072;fad;;1;0;1;Monoamine oxidase A deficiency;3057;False
MAOA;P21397;1434;RHEA:69076;fad;;1;0;1;Monoamine oxidase A deficiency;3057;False
MAP2K1;Q02750;27122;RHEA:10596;;;2;0;2;Cardiofaciocutaneous syndrome || Langerhans cell histiocytosis;1340 || 389;False
MAP2K1;Q02750;27122;RHEA:17989;;;2;0;2;Cardiofaciocutaneous syndrome || Langerhans cell histiocytosis;1340 || 389;False
MAP2K1;Q02750;27122;RHEA:46608;;;2;0;2;Cardiofaciocutaneous syndrome || Langerhans cell histiocytosis;1340 || 389;False
MAP2K2;P36507;27122;RHEA:10596;mg(2+);;2;0;2;Cardiofaciocutaneous syndrome || Neurofibromatosis-Noonan syndrome;1340 || 638;False
MAP2K2;P36507;27122;RHEA:17989;mg(2+);;2;0;2;Cardiofaciocutaneous syndrome || Neurofibromatosis-Noonan syndrome;1340 || 638;False
MAP2K2;P36507;27122;RHEA:46608;mg(2+);;2;0;2;Cardiofaciocutaneous syndrome || Neurofibromatosis-Noonan syndrome;1340 || 638;False
MAP3K1;Q13233;23227;RHEA:17989;mg(2+);;2;0;2;46,XY complete gonadal dysgenesis || 46,XY partial gonadal dysgenesis;242 || 251510;False
MAP3K1;Q13233;23227;RHEA:46608;mg(2+);;2;0;2;46,XY complete gonadal dysgenesis || 46,XY partial gonadal dysgenesis;242 || 251510;False
MAP3K1;Q13233;271125;RHEA:17989;mg(2+);;2;0;2;46,XY complete gonadal dysgenesis || 46,XY partial gonadal dysgenesis;242 || 251510;False
MAP3K1;Q13233;271125;RHEA:46608;mg(2+);;2;0;2;46,XY complete gonadal dysgenesis || 46,XY partial gonadal dysgenesis;242 || 251510;False
MAP3K14;Q99558;271125;RHEA:17989;;;1;1;0;NIK deficiency;447731;False
MAP3K14;Q99558;271125;RHEA:46608;;;1;1;0;NIK deficiency;447731;False
MAP3K20;Q9NYL2;271125;RHEA:17989;mg(2+);;2;0;2;Congenital fiber-type disproportion myopathy || Split-foot malformation-mesoaxial polydactyly syndrome;2020 || 488232;False
MAP3K20;Q9NYL2;271125;RHEA:46608;mg(2+);;2;0;2;Congenital fiber-type disproportion myopathy || Split-foot malformation-mesoaxial polydactyly syndrome;2020 || 488232;False
MAP3K7;O43318;271125;RHEA:17989;mg(2+);;2;0;2;Cardiospondylocarpofacial syndrome || Frontometaphyseal dysplasia;1826 || 3238;False
MAP3K7;O43318;271125;RHEA:46608;mg(2+);;2;0;2;Cardiospondylocarpofacial syndrome || Frontometaphyseal dysplasia;1826 || 3238;False
MAPK1;P28482;271124;RHEA:17989;mg(2+);;1;0;1;Distal 22q11.2 microdeletion syndrome;261330;False
MAPK1;P28482;271124;RHEA:46608;mg(2+);;1;0;1;Distal 22q11.2 microdeletion syndrome;261330;False
MAPK10;P53779;271124;RHEA:17989;mg(2+);;1;0;1;Lennox-Gastaut syndrome;2382;False
MAPK10;P53779;271124;RHEA:46608;mg(2+);;1;0;1;Lennox-Gastaut syndrome;2382;False
MAPKAPK3;Q16644;27111;RHEA:17989;;;1;1;0;Martinique crinkled retinal pigment epitheliopathy;466718;False
MAPKAPK3;Q16644;27111;RHEA:46608;;;1;1;0;Martinique crinkled retinal pigment epitheliopathy;466718;False
MARS1;P56192;61110;RHEA:13481;;;3;2;1;Autosomal dominant Charcot-Marie-Tooth disease type 2U || Autosomal recessive spastic paraplegia type 70 || Severe early-onset pulmonary alveolar proteinosis due to MARS deficiency;397735 || 401835 || 440427;True
MARS2;Q96GW9;61110;RHEA:13481;;;2;1;1;Autosomal recessive spastic ataxia with leukoencephalopathy || Combined oxidative phosphorylation defect type 25;314603 || 447954;True
MASTL;Q96GX5;27111;RHEA:17989;;;1;1;0;Autosomal thrombocytopenia with normal platelets;168629;False
MASTL;Q96GX5;27111;RHEA:46608;;;1;1;0;Autosomal thrombocytopenia with normal platelets;168629;False
MAT1A;Q00266;2516;RHEA:21080;mg(2+);"amino-acid biosynthesis;s-adenosyl-l-methionine biosynthesis;s-adenosyl-l-methionine from l-methionine: step 1/1";1;1;0;Methionine adenosyltransferase I/III deficiency;168598;False
MCAT;Q8IVS2;23139;RHEA:41792;;;1;1;0;Autosomal recessive isolated optic atrophy;98676;False
MCCC1;Q96RQ3;6414;RHEA:13589;biotin;;1;0;1;3-methylcrotonyl-CoA carboxylase deficiency;6;False
MCCC2;Q9HCC0;6414;RHEA:13589;;;1;0;1;3-methylcrotonyl-CoA carboxylase deficiency;6;False
MCEE;Q96PE7;51991;RHEA:20553;;;1;1;0;Methylmalonic acidemia due to methylmalonyl-CoA epimerase deficiency;308425;False
MCM2;P49736;36412;RHEA:13065;;;1;1;0;Rare autosomal dominant non-syndromic sensorineural deafness type DFNA;90635;False
MCM4;P33991;36412;RHEA:13065;;;1;1;0;Primary immunodeficiency with natural-killer cell deficiency and adrenal insufficiency;75391;False
MCM9;Q9NXL9;36412;RHEA:13065;zn(2+);;1;1;0;46,XX ovarian dysgenesis-short stature syndrome;444048;False
MDH2;P40926;11137;RHEA:21432;;;1;0;1;Hereditary pheochromocytoma-paraganglioma;29072;False
MECOM;Q03112;211367;RHEA:60280;;;2;1;1;"Acute myeloid leukemia with inv(3)(q21q26.2) or t(3;3)(q21;q26.2) || Radio-ulnar synostosis-amegakaryocytic thrombocytopenia syndrome";402020 || 71289;True
MECR;Q9BV79;131104;RHEA:22564;;;2;1;1;Autosomal recessive isolated optic atrophy || MEPAN syndrome;508093 || 98676;True
MECR;Q9BV79;131104;RHEA:41812;;;2;1;1;Autosomal recessive isolated optic atrophy || MEPAN syndrome;508093 || 98676;True
MECR;Q9BV79;131104;RHEA:41832;;;2;1;1;Autosomal recessive isolated optic atrophy || MEPAN syndrome;508093 || 98676;True
MECR;Q9BV79;131104;RHEA:41848;;;2;1;1;Autosomal recessive isolated optic atrophy || MEPAN syndrome;508093 || 98676;True
MECR;Q9BV79;131104;RHEA:41864;;;2;1;1;Autosomal recessive isolated optic atrophy || MEPAN syndrome;508093 || 98676;True
MECR;Q9BV79;131104;RHEA:41880;;;2;1;1;Autosomal recessive isolated optic atrophy || MEPAN syndrome;508093 || 98676;True
MECR;Q9BV79;131104;RHEA:41896;;;2;1;1;Autosomal recessive isolated optic atrophy || MEPAN syndrome;508093 || 98676;True
MECR;Q9BV79;131104;RHEA:41912;;;2;1;1;Autosomal recessive isolated optic atrophy || MEPAN syndrome;508093 || 98676;True
MERTK;Q12866;27101;RHEA:10596;ca(2+);;1;0;1;Retinitis pigmentosa;791;False
MERTK;Q12866;27101;RHEA:10596;mg(2+);;1;0;1;Retinitis pigmentosa;791;False
MET;P08581;27101;RHEA:10596;ca(2+);;5;4;1;Hereditary papillary renal cell carcinoma || Osteofibrous dysplasia || Papillary renal cell carcinoma || Pediatric hepatocellular carcinoma || Rare autosomal recessive non-syndromic sensorineural deafness type DFNB;319298 || 33402 || 47044 || 488265 || 90636;True
MET;P08581;27101;RHEA:10596;mg(2+);;5;4;1;Hereditary papillary renal cell carcinoma || Osteofibrous dysplasia || Papillary renal cell carcinoma || Pediatric hepatocellular carcinoma || Rare autosomal recessive non-syndromic sensorineural deafness type DFNB;319298 || 33402 || 47044 || 488265 || 90636;True
METTL23;Q86XA0;211319;RHEA:48096;;;1;1;0;Autosomal recessive non-syndromic intellectual disability;88616;False
MGAT2;Q10469;241143;RHEA:12941;mn(2+);"protein glycosylation;protein modification";1;0;1;MGAT2-CDG;79329;False
MIF;P14174;5321;RHEA:13041;;;2;0;2;Cystic fibrosis || Systemic-onset juvenile idiopathic arthritis;586 || 85414;False
MIF;P14174;5321;RHEA:17097;;;2;0;2;Cystic fibrosis || Systemic-onset juvenile idiopathic arthritis;586 || 85414;False
MIF;P14174;53312;RHEA:13041;zn(2+);"melanin biosynthesis;pigment biosynthesis";2;0;2;Cystic fibrosis || Systemic-onset juvenile idiopathic arthritis;586 || 85414;False
MIF;P14174;53312;RHEA:17097;;;2;0;2;Cystic fibrosis || Systemic-onset juvenile idiopathic arthritis;586 || 85414;False
MINPP1;Q9UNW1;31362;RHEA:16989;;;2;0;2;Familial papillary or follicular thyroid carcinoma || Pontocerebellar hypoplasia type 7;284339 || 319487;False
MINPP1;Q9UNW1;31362;RHEA:20960;;;2;0;2;Familial papillary or follicular thyroid carcinoma || Pontocerebellar hypoplasia type 7;284339 || 319487;False
MINPP1;Q9UNW1;31362;RHEA:27381;;;2;0;2;Familial papillary or follicular thyroid carcinoma || Pontocerebellar hypoplasia type 7;284339 || 319487;False
MINPP1;Q9UNW1;31362;RHEA:77111;;;2;0;2;Familial papillary or follicular thyroid carcinoma || Pontocerebellar hypoplasia type 7;284339 || 319487;False
MINPP1;Q9UNW1;31362;RHEA:77115;;;2;0;2;Familial papillary or follicular thyroid carcinoma || Pontocerebellar hypoplasia type 7;284339 || 319487;False
MINPP1;Q9UNW1;31362;RHEA:77119;;;2;0;2;Familial papillary or follicular thyroid carcinoma || Pontocerebellar hypoplasia type 7;284339 || 319487;False
MINPP1;Q9UNW1;31362;RHEA:77123;;;2;0;2;Familial papillary or follicular thyroid carcinoma || Pontocerebellar hypoplasia type 7;284339 || 319487;False
MINPP1;Q9UNW1;31362;RHEA:77127;;;2;0;2;Familial papillary or follicular thyroid carcinoma || Pontocerebellar hypoplasia type 7;284339 || 319487;False
MINPP1;Q9UNW1;31362;RHEA:77131;;;2;0;2;Familial papillary or follicular thyroid carcinoma || Pontocerebellar hypoplasia type 7;284339 || 319487;False
MINPP1;Q9UNW1;31362;RHEA:77135;;;2;0;2;Familial papillary or follicular thyroid carcinoma || Pontocerebellar hypoplasia type 7;284339 || 319487;False
MINPP1;Q9UNW1;31362;RHEA:77139;;;2;0;2;Familial papillary or follicular thyroid carcinoma || Pontocerebellar hypoplasia type 7;284339 || 319487;False
MINPP1;Q9UNW1;31362;RHEA:77143;;;2;0;2;Familial papillary or follicular thyroid carcinoma || Pontocerebellar hypoplasia type 7;284339 || 319487;False
MINPP1;Q9UNW1;31362;RHEA:77147;;;2;0;2;Familial papillary or follicular thyroid carcinoma || Pontocerebellar hypoplasia type 7;284339 || 319487;False
MINPP1;Q9UNW1;31380;RHEA:16989;;;2;0;2;Familial papillary or follicular thyroid carcinoma || Pontocerebellar hypoplasia type 7;284339 || 319487;False
MINPP1;Q9UNW1;31380;RHEA:20960;;;2;0;2;Familial papillary or follicular thyroid carcinoma || Pontocerebellar hypoplasia type 7;284339 || 319487;False
MINPP1;Q9UNW1;31380;RHEA:27381;;;2;0;2;Familial papillary or follicular thyroid carcinoma || Pontocerebellar hypoplasia type 7;284339 || 319487;False
MINPP1;Q9UNW1;31380;RHEA:77111;;;2;0;2;Familial papillary or follicular thyroid carcinoma || Pontocerebellar hypoplasia type 7;284339 || 319487;False
MINPP1;Q9UNW1;31380;RHEA:77115;;;2;0;2;Familial papillary or follicular thyroid carcinoma || Pontocerebellar hypoplasia type 7;284339 || 319487;False
MINPP1;Q9UNW1;31380;RHEA:77119;;;2;0;2;Familial papillary or follicular thyroid carcinoma || Pontocerebellar hypoplasia type 7;284339 || 319487;False
MINPP1;Q9UNW1;31380;RHEA:77123;;;2;0;2;Familial papillary or follicular thyroid carcinoma || Pontocerebellar hypoplasia type 7;284339 || 319487;False
MINPP1;Q9UNW1;31380;RHEA:77127;;;2;0;2;Familial papillary or follicular thyroid carcinoma || Pontocerebellar hypoplasia type 7;284339 || 319487;False
MINPP1;Q9UNW1;31380;RHEA:77131;;;2;0;2;Familial papillary or follicular thyroid carcinoma || Pontocerebellar hypoplasia type 7;284339 || 319487;False
MINPP1;Q9UNW1;31380;RHEA:77135;;;2;0;2;Familial papillary or follicular thyroid carcinoma || Pontocerebellar hypoplasia type 7;284339 || 319487;False
MINPP1;Q9UNW1;31380;RHEA:77139;;;2;0;2;Familial papillary or follicular thyroid carcinoma || Pontocerebellar hypoplasia type 7;284339 || 319487;False
MINPP1;Q9UNW1;31380;RHEA:77143;;;2;0;2;Familial papillary or follicular thyroid carcinoma || Pontocerebellar hypoplasia type 7;284339 || 319487;False
MINPP1;Q9UNW1;31380;RHEA:77147;;;2;0;2;Familial papillary or follicular thyroid carcinoma || Pontocerebellar hypoplasia type 7;284339 || 319487;False
MLYCD;O95822;4119;RHEA:18781;;;1;0;1;Malonic aciduria;943;False
MMACHC;Q9Y4U1;11616;RHEA:16113;"fad;fmn";;1;0;1;Methylmalonic acidemia with homocystinuria, type cblC;79282;False
MMACHC;Q9Y4U1;11616;RHEA:40719;"fad;fmn";;1;0;1;Methylmalonic acidemia with homocystinuria, type cblC;79282;False
MMACHC;Q9Y4U1;11616;RHEA:63132;"fad;fmn";;1;0;1;Methylmalonic acidemia with homocystinuria, type cblC;79282;False
MMACHC;Q9Y4U1;11616;RHEA:63136;"fad;fmn";;1;0;1;Methylmalonic acidemia with homocystinuria, type cblC;79282;False
MMACHC;Q9Y4U1;251151;RHEA:16113;"fad;fmn";;1;0;1;Methylmalonic acidemia with homocystinuria, type cblC;79282;False
MMACHC;Q9Y4U1;251151;RHEA:40719;"fad;fmn";;1;0;1;Methylmalonic acidemia with homocystinuria, type cblC;79282;False
MMACHC;Q9Y4U1;251151;RHEA:63132;"fad;fmn";;1;0;1;Methylmalonic acidemia with homocystinuria, type cblC;79282;False
MMACHC;Q9Y4U1;251151;RHEA:63136;"fad;fmn";;1;0;1;Methylmalonic acidemia with homocystinuria, type cblC;79282;False
MME;P08473;342411;RHEA:71459;zn(2+);;4;2;2;Charcot-Marie-Tooth disease type 2T || Congenital membranous nephropathy due to fetomaternal anti-neutral endopeptidase alloimmunization || MME-related autosomal dominant Charcot Marie Tooth disease type 2 || Spinocerebellar ataxia type 43;495274 || 497757 || 497764 || 69063;True
MME;P08473;342411;RHEA:71467;zn(2+);;4;2;2;Charcot-Marie-Tooth disease type 2T || Congenital membranous nephropathy due to fetomaternal anti-neutral endopeptidase alloimmunization || MME-related autosomal dominant Charcot Marie Tooth disease type 2 || Spinocerebellar ataxia type 43;495274 || 497757 || 497764 || 69063;True
MME;P08473;342411;RHEA:71475;zn(2+);;4;2;2;Charcot-Marie-Tooth disease type 2T || Congenital membranous nephropathy due to fetomaternal anti-neutral endopeptidase alloimmunization || MME-related autosomal dominant Charcot Marie Tooth disease type 2 || Spinocerebellar ataxia type 43;495274 || 497757 || 497764 || 69063;True
MME;P08473;342411;RHEA:71479;zn(2+);;4;2;2;Charcot-Marie-Tooth disease type 2T || Congenital membranous nephropathy due to fetomaternal anti-neutral endopeptidase alloimmunization || MME-related autosomal dominant Charcot Marie Tooth disease type 2 || Spinocerebellar ataxia type 43;495274 || 497757 || 497764 || 69063;True
MMUT;P22033;54992;RHEA:22888;adenosylcob(iii)alamin;;2;0;2;Vitamin B12-unresponsive methylmalonic acidemia type mut- || Vitamin B12-unresponsive methylmalonic acidemia type mut0;289916 || 79312;False
MOCOS;Q96EN8;2819;RHEA:42636;pyridoxal 5'-phosphate;"cofactor biosynthesis;molybdopterin biosynthesis";1;1;0;Xanthinuria type II;93602;False
MOCS1;Q9NZB8;419922;RHEA:49576;[4fe-4s] cluster;;1;1;0;Sulfite oxidase deficiency due to molybdenum cofactor deficiency type A;308386;False
MOCS1;Q9NZB8;419922;RHEA:49580;[4fe-4s] cluster;;1;1;0;Sulfite oxidase deficiency due to molybdenum cofactor deficiency type A;308386;False
MOCS1;Q9NZB8;46117;RHEA:49576;[4fe-4s] cluster;;1;1;0;Sulfite oxidase deficiency due to molybdenum cofactor deficiency type A;308386;False
MOCS1;Q9NZB8;46117;RHEA:49580;[4fe-4s] cluster;;1;1;0;Sulfite oxidase deficiency due to molybdenum cofactor deficiency type A;308386;False
MOCS2;O96007;28112;RHEA:26333;;;1;1;0;Sulfite oxidase deficiency due to molybdenum cofactor deficiency type B;308393;False
MOGS;Q13724;321106;RHEA:55988;;;1;0;1;MOGS-CDG;79330;False
MOV10L1;Q9BXT6;36413;RHEA:13065;;;1;0;1;Male infertility with azoospermia or oligozoospermia due to single gene mutation;399805;False
MPI;P34949;5318;RHEA:12356;zn(2+);"alpha-d-mannose 1-phosphate from d-fructose 6-phosphate: step 1/2;gdp-alpha-d-mannose biosynthesis;nucleotide-sugar biosynthesis";1;0;1;MPI-CDG;79319;False
MPO;P05164;11122;RHEA:28218;ca(2+);;1;1;0;Myeloperoxidase deficiency;2587;False
MRAS;O14807;3652;RHEA:19669;mg(2+);;1;0;1;Noonan syndrome;648;False
MSMO1;Q15800;114189;RHEA:47056;fe cation;;1;1;0;Microcephaly-congenital cataract-psoriasiform dermatitis syndrome;488168;False
MSMO1;Q15800;114189;RHEA:55220;fe cation;;1;1;0;Microcephaly-congenital cataract-psoriasiform dermatitis syndrome;488168;False
MSMO1;Q15800;114189;RHEA:55244;fe cation;;1;1;0;Microcephaly-congenital cataract-psoriasiform dermatitis syndrome;488168;False
MSMO1;Q15800;114189;RHEA:62768;fe cation;;1;1;0;Microcephaly-congenital cataract-psoriasiform dermatitis syndrome;488168;False
MSMO1;Q15800;114189;RHEA:62776;fe cation;;1;1;0;Microcephaly-congenital cataract-psoriasiform dermatitis syndrome;488168;False
MSMO1;Q15800;114189;RHEA:62780;fe cation;;1;1;0;Microcephaly-congenital cataract-psoriasiform dermatitis syndrome;488168;False
MSMO1;Q15800;114189;RHEA:62820;fe cation;;1;1;0;Microcephaly-congenital cataract-psoriasiform dermatitis syndrome;488168;False
MSRB3;Q8IXL7;18412;RHEA:21260;zn(2+);;1;1;0;Rare autosomal recessive non-syndromic sensorineural deafness type DFNB;90636;False
MSRB3;Q8IXL7;18412;RHEA:24164;zn(2+);;1;1;0;Rare autosomal recessive non-syndromic sensorineural deafness type DFNB;90636;False
MSRB3;Q8IXL7;18414;RHEA:21260;zn(2+);;1;1;0;Rare autosomal recessive non-syndromic sensorineural deafness type DFNB;90636;False
MSRB3;Q8IXL7;18414;RHEA:24164;zn(2+);;1;1;0;Rare autosomal recessive non-syndromic sensorineural deafness type DFNB;90636;False
MT-CO1;P00395;7119;RHEA:11436;cu cation;;5;2;3;Genetic recurrent myoglobinuria || Isolated cytochrome C oxidase deficiency || Leber hereditary optic neuropathy || MELAS || Rare mitochondrial non-syndromic sensorineural deafness;104 || 254905 || 550 || 90641 || 99845;True
MT-CO1;P00395;7119;RHEA:11436;heme;"energy metabolism;oxidative phosphorylation";5;2;3;Genetic recurrent myoglobinuria || Isolated cytochrome C oxidase deficiency || Leber hereditary optic neuropathy || MELAS || Rare mitochondrial non-syndromic sensorineural deafness;104 || 254905 || 550 || 90641 || 99845;True
MT-CO2;P00403;7119;RHEA:11436;cu cation;;2;1;1;Isolated cytochrome C oxidase deficiency || MELAS;254905 || 550;True
MT-CO2;P00403;7119;RHEA:11436;heme;"energy metabolism;oxidative phosphorylation";2;1;1;Isolated cytochrome C oxidase deficiency || MELAS;254905 || 550;True
MT-CO3;P00414;7119;RHEA:11436;cu cation;;4;1;3;Genetic recurrent myoglobinuria || Isolated cytochrome C oxidase deficiency || Leber hereditary optic neuropathy || MELAS;104 || 254905 || 550 || 99845;True
MT-CO3;P00414;7119;RHEA:11436;heme;"energy metabolism;oxidative phosphorylation";4;1;3;Genetic recurrent myoglobinuria || Isolated cytochrome C oxidase deficiency || Leber hereditary optic neuropathy || MELAS;104 || 254905 || 550 || 99845;True
MT-ND1;P03886;7112;RHEA:29091;[2fe-2s] cluster;;4;0;4;Isolated complex I deficiency || Leber hereditary optic neuropathy || MELAS || Mitochondrial DNA-associated Leigh syndrome;104 || 255210 || 2609 || 550;False
MT-ND1;P03886;7112;RHEA:29091;[4fe-4s] cluster;;4;0;4;Isolated complex I deficiency || Leber hereditary optic neuropathy || MELAS || Mitochondrial DNA-associated Leigh syndrome;104 || 255210 || 2609 || 550;False
MT-ND1;P03886;7112;RHEA:29091;fmn;;4;0;4;Isolated complex I deficiency || Leber hereditary optic neuropathy || MELAS || Mitochondrial DNA-associated Leigh syndrome;104 || 255210 || 2609 || 550;False
MT-ND2;P03891;7112;RHEA:29091;[2fe-2s] cluster;;3;0;3;Isolated complex I deficiency || Leber hereditary optic neuropathy || Mitochondrial DNA-associated Leigh syndrome;104 || 255210 || 2609;False
MT-ND2;P03891;7112;RHEA:29091;[4fe-4s] cluster;;3;0;3;Isolated complex I deficiency || Leber hereditary optic neuropathy || Mitochondrial DNA-associated Leigh syndrome;104 || 255210 || 2609;False
MT-ND2;P03891;7112;RHEA:29091;fmn;;3;0;3;Isolated complex I deficiency || Leber hereditary optic neuropathy || Mitochondrial DNA-associated Leigh syndrome;104 || 255210 || 2609;False
MT-ND3;P03897;7112;RHEA:29091;[2fe-2s] cluster;;3;1;2;Isolated complex I deficiency || Leber plus disease || Mitochondrial DNA-associated Leigh syndrome;255210 || 2609 || 99718;True
MT-ND3;P03897;7112;RHEA:29091;[4fe-4s] cluster;;3;1;2;Isolated complex I deficiency || Leber plus disease || Mitochondrial DNA-associated Leigh syndrome;255210 || 2609 || 99718;True
MT-ND3;P03897;7112;RHEA:29091;fmn;;3;1;2;Isolated complex I deficiency || Leber plus disease || Mitochondrial DNA-associated Leigh syndrome;255210 || 2609 || 99718;True
MT-ND4;P03905;7112;RHEA:29091;[2fe-2s] cluster;;5;2;3;Leber hereditary optic neuropathy || Leber plus disease || MELAS || Mitochondrial DNA-associated Leigh syndrome || Rare mitochondrial non-syndromic sensorineural deafness;104 || 255210 || 550 || 90641 || 99718;True
MT-ND4;P03905;7112;RHEA:29091;[4fe-4s] cluster;;5;2;3;Leber hereditary optic neuropathy || Leber plus disease || MELAS || Mitochondrial DNA-associated Leigh syndrome || Rare mitochondrial non-syndromic sensorineural deafness;104 || 255210 || 550 || 90641 || 99718;True
MT-ND4;P03905;7112;RHEA:29091;fmn;;5;2;3;Leber hereditary optic neuropathy || Leber plus disease || MELAS || Mitochondrial DNA-associated Leigh syndrome || Rare mitochondrial non-syndromic sensorineural deafness;104 || 255210 || 550 || 90641 || 99718;True
MT-ND4L;P03901;7112;RHEA:29091;[2fe-2s] cluster;;1;0;1;Leber hereditary optic neuropathy;104;False
MT-ND4L;P03901;7112;RHEA:29091;[4fe-4s] cluster;;1;0;1;Leber hereditary optic neuropathy;104;False
MT-ND4L;P03901;7112;RHEA:29091;fmn;;1;0;1;Leber hereditary optic neuropathy;104;False
MT-ND5;P03915;7112;RHEA:29091;[2fe-2s] cluster;;4;0;4;Leber hereditary optic neuropathy || MELAS || MERRF || Mitochondrial DNA-associated Leigh syndrome;104 || 255210 || 550 || 551;False
MT-ND5;P03915;7112;RHEA:29091;[4fe-4s] cluster;;4;0;4;Leber hereditary optic neuropathy || MELAS || MERRF || Mitochondrial DNA-associated Leigh syndrome;104 || 255210 || 550 || 551;False
MT-ND5;P03915;7112;RHEA:29091;fmn;;4;0;4;Leber hereditary optic neuropathy || MELAS || MERRF || Mitochondrial DNA-associated Leigh syndrome;104 || 255210 || 550 || 551;False
MT-ND6;P03923;7112;RHEA:29091;[2fe-2s] cluster;;4;1;3;Leber hereditary optic neuropathy || Leber plus disease || MELAS || Mitochondrial DNA-associated Leigh syndrome;104 || 255210 || 550 || 99718;True
MT-ND6;P03923;7112;RHEA:29091;[4fe-4s] cluster;;4;1;3;Leber hereditary optic neuropathy || Leber plus disease || MELAS || Mitochondrial DNA-associated Leigh syndrome;104 || 255210 || 550 || 99718;True
MT-ND6;P03923;7112;RHEA:29091;fmn;;4;1;3;Leber hereditary optic neuropathy || Leber plus disease || MELAS || Mitochondrial DNA-associated Leigh syndrome;104 || 255210 || 550 || 99718;True
MTAP;Q13126;24228;RHEA:11852;;;1;1;0;Diaphyseal medullary stenosis-bone malignancy syndrome;85182;False
MTFMT;Q96DP5;2129;RHEA:24380;;;1;1;0;Combined oxidative phosphorylation defect type 15;319524;False
MTHFD1;P11586;1515;RHEA:20221;;;1;1;0;Combined immunodeficiency-megaloblastic anemia due to methylenetetrahydrofolate dehydrogenase 1 deficiency;658813;False
MTHFD1;P11586;1515;RHEA:22812;;;1;1;0;Combined immunodeficiency-megaloblastic anemia due to methylenetetrahydrofolate dehydrogenase 1 deficiency;658813;False
MTHFD1;P11586;1515;RHEA:23700;;;1;1;0;Combined immunodeficiency-megaloblastic anemia due to methylenetetrahydrofolate dehydrogenase 1 deficiency;658813;False
MTHFD1;P11586;3549;RHEA:20221;;;1;1;0;Combined immunodeficiency-megaloblastic anemia due to methylenetetrahydrofolate dehydrogenase 1 deficiency;658813;False
MTHFD1;P11586;3549;RHEA:22812;;;1;1;0;Combined immunodeficiency-megaloblastic anemia due to methylenetetrahydrofolate dehydrogenase 1 deficiency;658813;False
MTHFD1;P11586;3549;RHEA:23700;;;1;1;0;Combined immunodeficiency-megaloblastic anemia due to methylenetetrahydrofolate dehydrogenase 1 deficiency;658813;False
MTHFD1;P11586;6343;RHEA:20221;;;1;1;0;Combined immunodeficiency-megaloblastic anemia due to methylenetetrahydrofolate dehydrogenase 1 deficiency;658813;False
MTHFD1;P11586;6343;RHEA:22812;;;1;1;0;Combined immunodeficiency-megaloblastic anemia due to methylenetetrahydrofolate dehydrogenase 1 deficiency;658813;False
MTHFD1;P11586;6343;RHEA:23700;;;1;1;0;Combined immunodeficiency-megaloblastic anemia due to methylenetetrahydrofolate dehydrogenase 1 deficiency;658813;False
MTHFR;P42898;15153;RHEA:19817;fad;"one-carbon metabolism;tetrahydrofolate interconversion";3;0;3;Homocystinuria due to methylene tetrahydrofolate reductase deficiency || Isolated anencephaly || Isolated exencephaly;395 || 563609 || 563612;False
MTHFS;P49914;6332;RHEA:10488;mg(2+);;1;1;0;MTHFS-related developmental delay-microcephaly-short stature-epilepsy syndrome;597874;False
MTM1;Q13496;31395;RHEA:12316;;;2;0;2;X-linked centronuclear myopathy || X-linked myotubular myopathy-abnormal genitalia syndrome;456328 || 596;False
MTM1;Q13496;31395;RHEA:39019;;;2;0;2;X-linked centronuclear myopathy || X-linked myotubular myopathy-abnormal genitalia syndrome;456328 || 596;False
MTM1;Q13496;31395;RHEA:42328;;;2;0;2;X-linked centronuclear myopathy || X-linked myotubular myopathy-abnormal genitalia syndrome;456328 || 596;False
MTM1;Q13496;31395;RHEA:45632;;;2;0;2;X-linked centronuclear myopathy || X-linked myotubular myopathy-abnormal genitalia syndrome;456328 || 596;False
MTM1;Q13496;31395;RHEA:45636;;;2;0;2;X-linked centronuclear myopathy || X-linked myotubular myopathy-abnormal genitalia syndrome;456328 || 596;False
MTMR14;Q8NCE2;31395;RHEA:12316;;;1;0;1;Autosomal dominant centronuclear myopathy;169189;False
MTMR14;Q8NCE2;31395;RHEA:39019;;;1;0;1;Autosomal dominant centronuclear myopathy;169189;False
MTMR2;Q13614;31395;RHEA:12316;;;1;1;0;Charcot-Marie-Tooth disease type 4B1;99955;False
MTMR2;Q13614;31395;RHEA:39019;;;1;1;0;Charcot-Marie-Tooth disease type 4B1;99955;False
MTMR2;Q13614;31395;RHEA:42328;;;1;1;0;Charcot-Marie-Tooth disease type 4B1;99955;False
MTMR2;Q13614;31395;RHEA:45632;;;1;1;0;Charcot-Marie-Tooth disease type 4B1;99955;False
MTOR;P42345;27102;RHEA:10596;mg(2+);;4;2;2;Hemimegalencephaly || Isolated focal cortical dysplasia type IIa || Isolated focal cortical dysplasia type IIb || Macrocephaly-intellectual disability-neurodevelopmental disorder-small thorax syndrome;269001 || 269008 || 457485 || 99802;True
MTOR;P42345;27102;RHEA:10596;mn(2+);;4;2;2;Hemimegalencephaly || Isolated focal cortical dysplasia type IIa || Isolated focal cortical dysplasia type IIb || Macrocephaly-intellectual disability-neurodevelopmental disorder-small thorax syndrome;269001 || 269008 || 457485 || 99802;True
MTOR;P42345;27102;RHEA:10596;zn(2+);;4;2;2;Hemimegalencephaly || Isolated focal cortical dysplasia type IIa || Isolated focal cortical dysplasia type IIb || Macrocephaly-intellectual disability-neurodevelopmental disorder-small thorax syndrome;269001 || 269008 || 457485 || 99802;True
MTOR;P42345;27102;RHEA:17989;;;4;2;2;Hemimegalencephaly || Isolated focal cortical dysplasia type IIa || Isolated focal cortical dysplasia type IIb || Macrocephaly-intellectual disability-neurodevelopmental disorder-small thorax syndrome;269001 || 269008 || 457485 || 99802;True
MTOR;P42345;27102;RHEA:46608;;;4;2;2;Hemimegalencephaly || Isolated focal cortical dysplasia type IIa || Isolated focal cortical dysplasia type IIb || Macrocephaly-intellectual disability-neurodevelopmental disorder-small thorax syndrome;269001 || 269008 || 457485 || 99802;True
MTOR;P42345;27111;RHEA:10596;;;4;2;2;Hemimegalencephaly || Isolated focal cortical dysplasia type IIa || Isolated focal cortical dysplasia type IIb || Macrocephaly-intellectual disability-neurodevelopmental disorder-small thorax syndrome;269001 || 269008 || 457485 || 99802;True
MTOR;P42345;27111;RHEA:17989;;;4;2;2;Hemimegalencephaly || Isolated focal cortical dysplasia type IIa || Isolated focal cortical dysplasia type IIb || Macrocephaly-intellectual disability-neurodevelopmental disorder-small thorax syndrome;269001 || 269008 || 457485 || 99802;True
MTOR;P42345;27111;RHEA:46608;;;4;2;2;Hemimegalencephaly || Isolated focal cortical dysplasia type IIa || Isolated focal cortical dysplasia type IIb || Macrocephaly-intellectual disability-neurodevelopmental disorder-small thorax syndrome;269001 || 269008 || 457485 || 99802;True
MTPAP;Q9NVV4;27719;RHEA:11332;mg(2+);;1;0;1;Autosomal recessive spastic ataxia-optic atrophy-dysarthria syndrome;254343;False
MTR;Q99707;21113;RHEA:11172;"methylcob(iii)alamin;zn(2+)";;1;1;0;Methylcobalamin deficiency type cblG;2170;False
MTRR;Q9UBK8;11618;RHEA:20752;"fad;fmn";;1;0;1;Methylcobalamin deficiency type cblE;2169;False
MTRR;Q9UBK8;11618;RHEA:23908;"fad;fmn";;1;0;1;Methylcobalamin deficiency type cblE;2169;False
MUSK;O15146;27101;RHEA:10596;ca(2+);;2;0;2;Fetal akinesia deformation sequence || Postsynaptic congenital myasthenic syndrome;98913 || 994;False
MUSK;O15146;27101;RHEA:10596;mg(2+);;2;0;2;Fetal akinesia deformation sequence || Postsynaptic congenital myasthenic syndrome;98913 || 994;False
MVD;P53602;41133;RHEA:23732;;;1;0;1;Disseminated superficial actinic porokeratosis;79152;False
MVK;Q03426;27136;RHEA:17065;mg(2+);"isopentenyl diphosphate biosynthesis via mevalonate pathway;isopentenyl diphosphate from (r)-mevalonate: step 1/3;isoprenoid biosynthesis";4;0;4;Disseminated superficial actinic porokeratosis || Hyperimmunoglobulinemia D with periodic fever || Mevalonic aciduria || Porokeratosis of Mibelli;29 || 343 || 735 || 79152;False
MYLK;Q15746;271118;RHEA:22004;"ca(2+);mg(2+)";;2;0;2;Familial thoracic aortic aneurysm and aortic dissection || Megacystis-microcolon-intestinal hypoperistalsis syndrome;2241 || 91387;False
MYLK;Q15746;271118;RHEA:53900;"ca(2+);mg(2+)";;2;0;2;Familial thoracic aortic aneurysm and aortic dissection || Megacystis-microcolon-intestinal hypoperistalsis syndrome;2241 || 91387;False
MYO3A;Q8NEV4;27111;RHEA:13065;;;1;1;0;Rare autosomal recessive non-syndromic sensorineural deafness type DFNB;90636;False
MYO3A;Q8NEV4;27111;RHEA:17989;;;1;1;0;Rare autosomal recessive non-syndromic sensorineural deafness type DFNB;90636;False
MYO3A;Q8NEV4;27111;RHEA:46608;;;1;1;0;Rare autosomal recessive non-syndromic sensorineural deafness type DFNB;90636;False
NAA10;P41227;231255;RHEA:50496;;;2;0;2;Microphthalmia, Lenz type || Ogden syndrome;276432 || 568;False
NAA10;P41227;231255;RHEA:50500;;;2;0;2;Microphthalmia, Lenz type || Ogden syndrome;276432 || 568;False
NAA10;P41227;231255;RHEA:50504;;;2;0;2;Microphthalmia, Lenz type || Ogden syndrome;276432 || 568;False
NAA10;P41227;231255;RHEA:50508;;;2;0;2;Microphthalmia, Lenz type || Ogden syndrome;276432 || 568;False
NAA10;P41227;231255;RHEA:50512;;;2;0;2;Microphthalmia, Lenz type || Ogden syndrome;276432 || 568;False
NAA10;P41227;231255;RHEA:50516;;;2;0;2;Microphthalmia, Lenz type || Ogden syndrome;276432 || 568;False
NAA20;P61599;231254;RHEA:50480;;;1;1;0;Autosomal recessive non-syndromic intellectual disability;88616;False
NAA20;P61599;231254;RHEA:50484;;;1;1;0;Autosomal recessive non-syndromic intellectual disability;88616;False
NAA20;P61599;231254;RHEA:50488;;;1;1;0;Autosomal recessive non-syndromic intellectual disability;88616;False
NAA20;P61599;231254;RHEA:50492;;;1;1;0;Autosomal recessive non-syndromic intellectual disability;88616;False
NAA60;Q9H7X0;231259;RHEA:45948;;;1;0;1;Bilateral striopallidodentate calcinosis;1980;False
NAA60;Q9H7X0;231259;RHEA:50604;;;1;0;1;Bilateral striopallidodentate calcinosis;1980;False
NAA60;Q9H7X0;23148;RHEA:45948;;;1;0;1;Bilateral striopallidodentate calcinosis;1980;False
NAA60;Q9H7X0;23148;RHEA:50604;;;1;0;1;Bilateral striopallidodentate calcinosis;1980;False
NADK2;Q4G0N4;27123;RHEA:18629;;;1;0;1;Progressive encephalopathy with leukodystrophy due to DECR deficiency;431361;False
NADSYN1;Q6IA69;6351;RHEA:24384;;;1;1;0;Congenital vertebral-cardiac-renal anomalies syndrome;521438;False
NAGA;P17050;32149;RHEA:48212;;;3;0;3;Alpha-N-acetylgalactosaminidase deficiency type 1 || Alpha-N-acetylgalactosaminidase deficiency type 2 || Alpha-N-acetylgalactosaminidase deficiency type 3;79279 || 79280 || 79281;False
NAGA;P17050;32149;RHEA:48412;;;3;0;3;Alpha-N-acetylgalactosaminidase deficiency type 1 || Alpha-N-acetylgalactosaminidase deficiency type 2 || Alpha-N-acetylgalactosaminidase deficiency type 3;79279 || 79280 || 79281;False
NAGA;P17050;32149;RHEA:49304;;;3;0;3;Alpha-N-acetylgalactosaminidase deficiency type 1 || Alpha-N-acetylgalactosaminidase deficiency type 2 || Alpha-N-acetylgalactosaminidase deficiency type 3;79279 || 79280 || 79281;False
NAGS;Q8N159;2311;RHEA:24292;;;1;0;1;Hyperammonemia due to N-acetylglutamate synthase deficiency;927;False
NANS;Q9NR45;251132;RHEA:49200;;;1;1;0;Spondyloepimetaphyseal dysplasia, Geneviève type;168454;False
NANS;Q9NR45;251132;RHEA:80835;;;1;1;0;Spondyloepimetaphyseal dysplasia, Geneviève type;168454;False
NANS;Q9NR45;25157;RHEA:49200;;;1;1;0;Spondyloepimetaphyseal dysplasia, Geneviève type;168454;False
NANS;Q9NR45;25157;RHEA:80835;;;1;1;0;Spondyloepimetaphyseal dysplasia, Geneviève type;168454;False
NARS2;Q96I59;61122;RHEA:11180;;;3;2;1;Combined oxidative phosphorylation defect type 24 || DEND syndrome || Rare autosomal recessive non-syndromic sensorineural deafness type DFNB;444458 || 79134 || 90636;True
NAXD;Q8IW45;42193;RHEA:19017;mg(2+);;1;1;0;NAD(P)HX dehydratase deficiency;555402;False
NAXD;Q8IW45;42193;RHEA:32231;mg(2+);;1;1;0;NAD(P)HX dehydratase deficiency;555402;False
NAXE;Q8NCW5;51996;RHEA:32215;k(+);;1;1;0;NAD(P)HX epimerase deficiency;555407;False
NAXE;Q8NCW5;51996;RHEA:32227;k(+);;1;1;0;NAD(P)HX epimerase deficiency;555407;False
NDST1;P52848;2828;RHEA:21980;;;1;1;0;Autosomal recessive non-syndromic intellectual disability;88616;False
NDST1;P52848;2828;RHEA:70587;;;1;1;0;Autosomal recessive non-syndromic intellectual disability;88616;False
NDST1;P52848;351-;RHEA:21980;;;1;1;0;Autosomal recessive non-syndromic intellectual disability;88616;False
NDST1;P52848;351-;RHEA:70587;;;1;1;0;Autosomal recessive non-syndromic intellectual disability;88616;False
NDUFS1;P28331;7112;RHEA:29091;[2fe-2s] cluster;;1;0;1;Isolated complex I deficiency;2609;False
NDUFS1;P28331;7112;RHEA:29091;[4fe-4s] cluster;;1;0;1;Isolated complex I deficiency;2609;False
NDUFS1;P28331;7112;RHEA:29091;fmn;;1;0;1;Isolated complex I deficiency;2609;False
NDUFS2;O75306;7112;RHEA:29091;[2fe-2s] cluster;;2;0;2;Isolated complex I deficiency || Leber hereditary optic neuropathy;104 || 2609;False
NDUFS2;O75306;7112;RHEA:29091;[4fe-4s] cluster;;2;0;2;Isolated complex I deficiency || Leber hereditary optic neuropathy;104 || 2609;False
NDUFS2;O75306;7112;RHEA:29091;fmn;;2;0;2;Isolated complex I deficiency || Leber hereditary optic neuropathy;104 || 2609;False
NDUFS3;O75489;7112;RHEA:29091;[2fe-2s] cluster;;1;0;1;Isolated complex I deficiency;2609;False
NDUFS3;O75489;7112;RHEA:29091;[4fe-4s] cluster;;1;0;1;Isolated complex I deficiency;2609;False
NDUFS3;O75489;7112;RHEA:29091;fmn;;1;0;1;Isolated complex I deficiency;2609;False
NDUFS7;O75251;7112;RHEA:29091;[2fe-2s] cluster;;1;0;1;Isolated complex I deficiency;2609;False
NDUFS7;O75251;7112;RHEA:29091;[4fe-4s] cluster;;1;0;1;Isolated complex I deficiency;2609;False
NDUFS7;O75251;7112;RHEA:29091;fmn;;1;0;1;Isolated complex I deficiency;2609;False
NDUFS8;O00217;7112;RHEA:29091;[2fe-2s] cluster;;1;0;1;Isolated complex I deficiency;2609;False
NDUFS8;O00217;7112;RHEA:29091;[4fe-4s] cluster;;1;0;1;Isolated complex I deficiency;2609;False
NDUFS8;O00217;7112;RHEA:29091;fmn;;1;0;1;Isolated complex I deficiency;2609;False
NDUFV1;P49821;7112;RHEA:29091;[2fe-2s] cluster;;1;0;1;Isolated complex I deficiency;2609;False
NDUFV1;P49821;7112;RHEA:29091;[4fe-4s] cluster;;1;0;1;Isolated complex I deficiency;2609;False
NDUFV1;P49821;7112;RHEA:29091;fmn;;1;0;1;Isolated complex I deficiency;2609;False
NDUFV2;P19404;7112;RHEA:29091;[2fe-2s] cluster;;2;1;1;Isolated complex I deficiency || Progressive cavitating leukoencephalopathy;139447 || 2609;True
NDUFV2;P19404;7112;RHEA:29091;[4fe-4s] cluster;;2;1;1;Isolated complex I deficiency || Progressive cavitating leukoencephalopathy;139447 || 2609;True
NDUFV2;P19404;7112;RHEA:29091;fmn;;2;1;1;Isolated complex I deficiency || Progressive cavitating leukoencephalopathy;139447 || 2609;True
NEK1;Q96PY6;27111;RHEA:17989;mg(2+);;3;1;2;Amyotrophic lateral sclerosis || Orofaciodigital syndrome type 2 || Short rib-polydactyly syndrome, Majewski type;2751 || 803 || 93269;True
NEK1;Q96PY6;27111;RHEA:46608;mg(2+);;3;1;2;Amyotrophic lateral sclerosis || Orofaciodigital syndrome type 2 || Short rib-polydactyly syndrome, Majewski type;2751 || 803 || 93269;True
NEK10;Q6ZWH5;27111;RHEA:17989;mg(2+);;1;0;1;Primary ciliary dyskinesia;244;False
NEK10;Q6ZWH5;27111;RHEA:46608;mg(2+);;1;0;1;Primary ciliary dyskinesia;244;False
NEK2;P51955;27111;RHEA:17989;mg(2+);;1;0;1;Retinitis pigmentosa;791;False
NEK2;P51955;27111;RHEA:46608;mg(2+);;1;0;1;Retinitis pigmentosa;791;False
NEK8;Q86SG6;27111;RHEA:17989;mg(2+);;3;1;2;Autosomal dominant polycystic kidney disease || Infantile nephronophthisis || Renal-hepatic-pancreatic dysplasia;294415 || 730 || 93591;True
NEK8;Q86SG6;27111;RHEA:46608;mg(2+);;3;1;2;Autosomal dominant polycystic kidney disease || Infantile nephronophthisis || Renal-hepatic-pancreatic dysplasia;294415 || 730 || 93591;True
NEK9;Q8TD19;27111;RHEA:17989;mg(2+);;2;1;1;NEK9-related lethal skeletal dysplasia || Nevus comedonicus syndrome;464366 || 64754;True
NEK9;Q8TD19;27111;RHEA:46608;mg(2+);;2;1;1;NEK9-related lethal skeletal dysplasia || Nevus comedonicus syndrome;464366 || 64754;True
NFS1;Q9Y697;2817;RHEA:17457;pyridoxal 5'-phosphate;;1;1;0;Severe neonatal lactic acidosis due to NFS1-ISD11 complex deficiency;397593;False
NFS1;Q9Y697;2817;RHEA:43892;pyridoxal 5'-phosphate;;1;1;0;Severe neonatal lactic acidosis due to NFS1-ISD11 complex deficiency;397593;False
NMNAT1;Q9HAN9;2771;RHEA:21360;"mg(2+);zn(2+)";;2;0;2;Cone rod dystrophy || Leber congenital amaurosis;1872 || 65;False
NMNAT1;Q9HAN9;2771;RHEA:22860;"mg(2+);zn(2+)";;2;0;2;Cone rod dystrophy || Leber congenital amaurosis;1872 || 65;False
NMNAT1;Q9HAN9;27718;RHEA:21360;"mg(2+);zn(2+)";;2;0;2;Cone rod dystrophy || Leber congenital amaurosis;1872 || 65;False
NMNAT1;Q9HAN9;27718;RHEA:22860;"mg(2+);zn(2+)";;2;0;2;Cone rod dystrophy || Leber congenital amaurosis;1872 || 65;False
NNT;Q13423;7111;RHEA:47992;;;1;0;1;Familial glucocorticoid deficiency;361;False
NPR2;P20594;4612;RHEA:13665;mg(2+);;2;1;1;Acromesomelic dysplasia, Maroteaux type || Tall stature-long halluces-multiple extra-epiphyses syndrome;329191 || 40;True
NRAS;P01111;3652;RHEA:19669;mg(2+);;7;3;4;Differentiated thyroid carcinoma || Juvenile myelomonocytic leukemia || Langerhans cell histiocytosis || Large/giant congenital melanocytic nevus || Linear nevus sebaceus syndrome || Noonan syndrome || RAS-associated autoimmune leukoproliferative disease;146 || 2612 || 268114 || 389 || 626 || 648 || 86834;True
NSD1;Q96L73;211357;RHEA:60308;;;4;0;4;5q35 microduplication syndrome || Deletion 5q35 syndrome || Sotos syndrome || Weaver syndrome;1627 || 228415 || 3447 || 821;False
NSD2;O96028;211357;RHEA:60308;;;1;0;1;Wolf-Hirschhorn syndrome;280;False
NSD2;O96028;211357;RHEA:60312;;;1;0;1;Wolf-Hirschhorn syndrome;280;False
NSDHL;Q15738;111170;RHEA:33447;;;2;0;2;CHILD syndrome || CK syndrome;139 || 251383;False
NSDHL;Q15738;111170;RHEA:33455;;;2;0;2;CHILD syndrome || CK syndrome;139 || 251383;False
NSDHL;Q15738;111170;RHEA:34771;;;2;0;2;CHILD syndrome || CK syndrome;139 || 251383;False
NSDHL;Q15738;111170;RHEA:34775;;;2;0;2;CHILD syndrome || CK syndrome;139 || 251383;False
NSDHL;Q15738;111170;RHEA:46828;;;2;0;2;CHILD syndrome || CK syndrome;139 || 251383;False
NSDHL;Q15738;111170;RHEA:46848;;;2;0;2;CHILD syndrome || CK syndrome;139 || 251383;False
NSDHL;Q15738;111170;RHEA:47160;;;2;0;2;CHILD syndrome || CK syndrome;139 || 251383;False
NSDHL;Q15738;111170;RHEA:47164;;;2;0;2;CHILD syndrome || CK syndrome;139 || 251383;False
NSDHL;Q15738;111170;RHEA:47168;;;2;0;2;CHILD syndrome || CK syndrome;139 || 251383;False
NSDHL;Q15738;111170;RHEA:47172;;;2;0;2;CHILD syndrome || CK syndrome;139 || 251383;False
NT5C2;P49902;27177;RHEA:12484;mg(2+);;1;0;1;Autosomal recessive spastic paraplegia type 45;320396;False
NT5C2;P49902;27177;RHEA:19961;mg(2+);;1;0;1;Autosomal recessive spastic paraplegia type 45;320396;False
NT5C2;P49902;27177;RHEA:27714;mg(2+);;1;0;1;Autosomal recessive spastic paraplegia type 45;320396;False
NT5C2;P49902;27177;RHEA:27718;mg(2+);;1;0;1;Autosomal recessive spastic paraplegia type 45;320396;False
NT5C2;P49902;27177;RHEA:28530;mg(2+);;1;0;1;Autosomal recessive spastic paraplegia type 45;320396;False
NT5C2;P49902;27177;RHEA:29379;mg(2+);;1;0;1;Autosomal recessive spastic paraplegia type 45;320396;False
NT5C2;P49902;27177;RHEA:29383;mg(2+);;1;0;1;Autosomal recessive spastic paraplegia type 45;320396;False
NT5C2;P49902;27177;RHEA:69572;mg(2+);;1;0;1;Autosomal recessive spastic paraplegia type 45;320396;False
NT5C2;P49902;27177;RHEA:69580;mg(2+);;1;0;1;Autosomal recessive spastic paraplegia type 45;320396;False
NT5C2;P49902;27177;RHEA:69584;mg(2+);;1;0;1;Autosomal recessive spastic paraplegia type 45;320396;False
NT5C2;P49902;27177;RHEA:69588;mg(2+);;1;0;1;Autosomal recessive spastic paraplegia type 45;320396;False
NT5C2;P49902;27177;RHEA:69592;mg(2+);;1;0;1;Autosomal recessive spastic paraplegia type 45;320396;False
NT5C2;P49902;27177;RHEA:69596;mg(2+);;1;0;1;Autosomal recessive spastic paraplegia type 45;320396;False
NT5C2;P49902;3135;RHEA:12484;mg(2+);;1;0;1;Autosomal recessive spastic paraplegia type 45;320396;False
NT5C2;P49902;3135;RHEA:19961;mg(2+);;1;0;1;Autosomal recessive spastic paraplegia type 45;320396;False
NT5C2;P49902;3135;RHEA:27714;mg(2+);;1;0;1;Autosomal recessive spastic paraplegia type 45;320396;False
NT5C2;P49902;3135;RHEA:27718;mg(2+);;1;0;1;Autosomal recessive spastic paraplegia type 45;320396;False
NT5C2;P49902;3135;RHEA:28530;mg(2+);;1;0;1;Autosomal recessive spastic paraplegia type 45;320396;False
NT5C2;P49902;3135;RHEA:29379;mg(2+);;1;0;1;Autosomal recessive spastic paraplegia type 45;320396;False
NT5C2;P49902;3135;RHEA:29383;mg(2+);;1;0;1;Autosomal recessive spastic paraplegia type 45;320396;False
NT5C2;P49902;3135;RHEA:69572;mg(2+);;1;0;1;Autosomal recessive spastic paraplegia type 45;320396;False
NT5C2;P49902;3135;RHEA:69580;mg(2+);;1;0;1;Autosomal recessive spastic paraplegia type 45;320396;False
NT5C2;P49902;3135;RHEA:69584;mg(2+);;1;0;1;Autosomal recessive spastic paraplegia type 45;320396;False
NT5C2;P49902;3135;RHEA:69588;mg(2+);;1;0;1;Autosomal recessive spastic paraplegia type 45;320396;False
NT5C2;P49902;3135;RHEA:69592;mg(2+);;1;0;1;Autosomal recessive spastic paraplegia type 45;320396;False
NT5C2;P49902;3135;RHEA:69596;mg(2+);;1;0;1;Autosomal recessive spastic paraplegia type 45;320396;False
NT5C2;P49902;31399;RHEA:12484;mg(2+);;1;0;1;Autosomal recessive spastic paraplegia type 45;320396;False
NT5C2;P49902;31399;RHEA:19961;mg(2+);;1;0;1;Autosomal recessive spastic paraplegia type 45;320396;False
NT5C2;P49902;31399;RHEA:27714;mg(2+);;1;0;1;Autosomal recessive spastic paraplegia type 45;320396;False
NT5C2;P49902;31399;RHEA:27718;mg(2+);;1;0;1;Autosomal recessive spastic paraplegia type 45;320396;False
NT5C2;P49902;31399;RHEA:28530;mg(2+);;1;0;1;Autosomal recessive spastic paraplegia type 45;320396;False
NT5C2;P49902;31399;RHEA:29379;mg(2+);;1;0;1;Autosomal recessive spastic paraplegia type 45;320396;False
NT5C2;P49902;31399;RHEA:29383;mg(2+);;1;0;1;Autosomal recessive spastic paraplegia type 45;320396;False
NT5C2;P49902;31399;RHEA:69572;mg(2+);;1;0;1;Autosomal recessive spastic paraplegia type 45;320396;False
NT5C2;P49902;31399;RHEA:69580;mg(2+);;1;0;1;Autosomal recessive spastic paraplegia type 45;320396;False
NT5C2;P49902;31399;RHEA:69584;mg(2+);;1;0;1;Autosomal recessive spastic paraplegia type 45;320396;False
NT5C2;P49902;31399;RHEA:69588;mg(2+);;1;0;1;Autosomal recessive spastic paraplegia type 45;320396;False
NT5C2;P49902;31399;RHEA:69592;mg(2+);;1;0;1;Autosomal recessive spastic paraplegia type 45;320396;False
NT5C2;P49902;31399;RHEA:69596;mg(2+);;1;0;1;Autosomal recessive spastic paraplegia type 45;320396;False
NT5C3A;Q9H0P0;3135;RHEA:12484;;;1;1;0;Hemolytic anemia due to pyrimidine 5' nucleotidase deficiency;35120;False
NT5C3A;Q9H0P0;3135;RHEA:29367;;;1;1;0;Hemolytic anemia due to pyrimidine 5' nucleotidase deficiency;35120;False
NT5C3A;Q9H0P0;3135;RHEA:37107;;;1;1;0;Hemolytic anemia due to pyrimidine 5' nucleotidase deficiency;35120;False
NT5C3A;Q9H0P0;31391;RHEA:12484;;;1;1;0;Hemolytic anemia due to pyrimidine 5' nucleotidase deficiency;35120;False
NT5C3A;Q9H0P0;31391;RHEA:29367;;;1;1;0;Hemolytic anemia due to pyrimidine 5' nucleotidase deficiency;35120;False
NT5C3A;Q9H0P0;31391;RHEA:37107;;;1;1;0;Hemolytic anemia due to pyrimidine 5' nucleotidase deficiency;35120;False
NT5E;P21589;31335;RHEA:11080;zn(2+);;1;0;1;Hereditary arterial and articular multiple calcification syndrome;289601;False
NT5E;P21589;31335;RHEA:12484;zn(2+);;1;0;1;Hereditary arterial and articular multiple calcification syndrome;289601;False
NT5E;P21589;31335;RHEA:27714;zn(2+);;1;0;1;Hereditary arterial and articular multiple calcification syndrome;289601;False
NT5E;P21589;31335;RHEA:27718;zn(2+);;1;0;1;Hereditary arterial and articular multiple calcification syndrome;289601;False
NT5E;P21589;31335;RHEA:29359;zn(2+);;1;0;1;Hereditary arterial and articular multiple calcification syndrome;289601;False
NT5E;P21589;31335;RHEA:29363;zn(2+);;1;0;1;Hereditary arterial and articular multiple calcification syndrome;289601;False
NT5E;P21589;31335;RHEA:29367;zn(2+);;1;0;1;Hereditary arterial and articular multiple calcification syndrome;289601;False
NT5E;P21589;31335;RHEA:29371;zn(2+);;1;0;1;Hereditary arterial and articular multiple calcification syndrome;289601;False
NT5E;P21589;31335;RHEA:29375;zn(2+);;1;0;1;Hereditary arterial and articular multiple calcification syndrome;289601;False
NT5E;P21589;31335;RHEA:36167;zn(2+);;1;0;1;Hereditary arterial and articular multiple calcification syndrome;289601;False
NT5E;P21589;3135;RHEA:11080;zn(2+);;1;0;1;Hereditary arterial and articular multiple calcification syndrome;289601;False
NT5E;P21589;3135;RHEA:12484;zn(2+);;1;0;1;Hereditary arterial and articular multiple calcification syndrome;289601;False
NT5E;P21589;3135;RHEA:27714;zn(2+);;1;0;1;Hereditary arterial and articular multiple calcification syndrome;289601;False
NT5E;P21589;3135;RHEA:27718;zn(2+);;1;0;1;Hereditary arterial and articular multiple calcification syndrome;289601;False
NT5E;P21589;3135;RHEA:29359;zn(2+);;1;0;1;Hereditary arterial and articular multiple calcification syndrome;289601;False
NT5E;P21589;3135;RHEA:29363;zn(2+);;1;0;1;Hereditary arterial and articular multiple calcification syndrome;289601;False
NT5E;P21589;3135;RHEA:29367;zn(2+);;1;0;1;Hereditary arterial and articular multiple calcification syndrome;289601;False
NT5E;P21589;3135;RHEA:29371;zn(2+);;1;0;1;Hereditary arterial and articular multiple calcification syndrome;289601;False
NT5E;P21589;3135;RHEA:29375;zn(2+);;1;0;1;Hereditary arterial and articular multiple calcification syndrome;289601;False
NT5E;P21589;3135;RHEA:36167;zn(2+);;1;0;1;Hereditary arterial and articular multiple calcification syndrome;289601;False
NT5E;P21589;31389;RHEA:11080;zn(2+);;1;0;1;Hereditary arterial and articular multiple calcification syndrome;289601;False
NT5E;P21589;31389;RHEA:12484;zn(2+);;1;0;1;Hereditary arterial and articular multiple calcification syndrome;289601;False
NT5E;P21589;31389;RHEA:27714;zn(2+);;1;0;1;Hereditary arterial and articular multiple calcification syndrome;289601;False
NT5E;P21589;31389;RHEA:27718;zn(2+);;1;0;1;Hereditary arterial and articular multiple calcification syndrome;289601;False
NT5E;P21589;31389;RHEA:29359;zn(2+);;1;0;1;Hereditary arterial and articular multiple calcification syndrome;289601;False
NT5E;P21589;31389;RHEA:29363;zn(2+);;1;0;1;Hereditary arterial and articular multiple calcification syndrome;289601;False
NT5E;P21589;31389;RHEA:29367;zn(2+);;1;0;1;Hereditary arterial and articular multiple calcification syndrome;289601;False
NT5E;P21589;31389;RHEA:29371;zn(2+);;1;0;1;Hereditary arterial and articular multiple calcification syndrome;289601;False
NT5E;P21589;31389;RHEA:29375;zn(2+);;1;0;1;Hereditary arterial and articular multiple calcification syndrome;289601;False
NT5E;P21589;31389;RHEA:36167;zn(2+);;1;0;1;Hereditary arterial and articular multiple calcification syndrome;289601;False
NT5E;P21589;31391;RHEA:11080;zn(2+);;1;0;1;Hereditary arterial and articular multiple calcification syndrome;289601;False
NT5E;P21589;31391;RHEA:12484;zn(2+);;1;0;1;Hereditary arterial and articular multiple calcification syndrome;289601;False
NT5E;P21589;31391;RHEA:27714;zn(2+);;1;0;1;Hereditary arterial and articular multiple calcification syndrome;289601;False
NT5E;P21589;31391;RHEA:27718;zn(2+);;1;0;1;Hereditary arterial and articular multiple calcification syndrome;289601;False
NT5E;P21589;31391;RHEA:29359;zn(2+);;1;0;1;Hereditary arterial and articular multiple calcification syndrome;289601;False
NT5E;P21589;31391;RHEA:29363;zn(2+);;1;0;1;Hereditary arterial and articular multiple calcification syndrome;289601;False
NT5E;P21589;31391;RHEA:29367;zn(2+);;1;0;1;Hereditary arterial and articular multiple calcification syndrome;289601;False
NT5E;P21589;31391;RHEA:29371;zn(2+);;1;0;1;Hereditary arterial and articular multiple calcification syndrome;289601;False
NT5E;P21589;31391;RHEA:29375;zn(2+);;1;0;1;Hereditary arterial and articular multiple calcification syndrome;289601;False
NT5E;P21589;31391;RHEA:36167;zn(2+);;1;0;1;Hereditary arterial and articular multiple calcification syndrome;289601;False
NT5E;P21589;31399;RHEA:11080;zn(2+);;1;0;1;Hereditary arterial and articular multiple calcification syndrome;289601;False
NT5E;P21589;31399;RHEA:12484;zn(2+);;1;0;1;Hereditary arterial and articular multiple calcification syndrome;289601;False
NT5E;P21589;31399;RHEA:27714;zn(2+);;1;0;1;Hereditary arterial and articular multiple calcification syndrome;289601;False
NT5E;P21589;31399;RHEA:27718;zn(2+);;1;0;1;Hereditary arterial and articular multiple calcification syndrome;289601;False
NT5E;P21589;31399;RHEA:29359;zn(2+);;1;0;1;Hereditary arterial and articular multiple calcification syndrome;289601;False
NT5E;P21589;31399;RHEA:29363;zn(2+);;1;0;1;Hereditary arterial and articular multiple calcification syndrome;289601;False
NT5E;P21589;31399;RHEA:29367;zn(2+);;1;0;1;Hereditary arterial and articular multiple calcification syndrome;289601;False
NT5E;P21589;31399;RHEA:29371;zn(2+);;1;0;1;Hereditary arterial and articular multiple calcification syndrome;289601;False
NT5E;P21589;31399;RHEA:29375;zn(2+);;1;0;1;Hereditary arterial and articular multiple calcification syndrome;289601;False
NT5E;P21589;31399;RHEA:36167;zn(2+);;1;0;1;Hereditary arterial and articular multiple calcification syndrome;289601;False
NTRK1;P04629;27101;RHEA:10596;ca(2+);;4;2;2;Differentiated thyroid carcinoma || Hereditary sensory and autonomic neuropathy type 4 || Hereditary sensory and autonomic neuropathy type 5 || Isolated familial medullary thyroid carcinoma;146 || 642 || 64752 || 99361;True
NTRK1;P04629;27101;RHEA:10596;mg(2+);;4;2;2;Differentiated thyroid carcinoma || Hereditary sensory and autonomic neuropathy type 4 || Hereditary sensory and autonomic neuropathy type 5 || Isolated familial medullary thyroid carcinoma;146 || 642 || 64752 || 99361;True
NTRK2;Q16620;27101;RHEA:10596;ca(2+);;4;2;2;Early-onset obesity-hyperphagia-severe developmental delay syndrome || Infantile epileptic spasms syndrome || Non-specific early-onset epileptic encephalopathy || Pilomyxoid astrocytoma;251615 || 442835 || 697160 || 99704;True
NTRK2;Q16620;27101;RHEA:10596;mg(2+);;4;2;2;Early-onset obesity-hyperphagia-severe developmental delay syndrome || Infantile epileptic spasms syndrome || Non-specific early-onset epileptic encephalopathy || Pilomyxoid astrocytoma;251615 || 442835 || 697160 || 99704;True
NTRK3;Q16288;27101;RHEA:10596;ca(2+);;3;3;0;Congenital mesoblastic nephroma || Differentiated thyroid carcinoma || Fibrosarcoma;146 || 2030 || 2665;False
NTRK3;Q16288;27101;RHEA:10596;mg(2+);;3;3;0;Congenital mesoblastic nephroma || Differentiated thyroid carcinoma || Fibrosarcoma;146 || 2030 || 2665;False
NUDT2;P50583;36117;RHEA:22484;a divalent metal cation;;1;1;0;Intellectual disability-peripheral neuropathy-corpus callosum abnormalities syndrome due to nudix hydrolase 2 deficiency;694937;False
NUDT2;P50583;36117;RHEA:67588;a divalent metal cation;;1;1;0;Intellectual disability-peripheral neuropathy-corpus callosum abnormalities syndrome due to nudix hydrolase 2 deficiency;694937;False
NUDT2;P50583;36117;RHEA:67592;a divalent metal cation;;1;1;0;Intellectual disability-peripheral neuropathy-corpus callosum abnormalities syndrome due to nudix hydrolase 2 deficiency;694937;False
NUS1;Q96E22;25187;RHEA:53008;mg(2+);"lipid metabolism;protein glycosylation;protein modification";1;0;1;Non-specific early-onset epileptic encephalopathy;442835;False
NXN;Q6DKJ4;1818;RHEA:18749;;;1;0;1;Autosomal recessive Robinow syndrome;1507;False
NXN;Q6DKJ4;1818;RHEA:18753;;;1;0;1;Autosomal recessive Robinow syndrome;1507;False
OAS1;P00973;27784;RHEA:34407;mg(2+);;1;1;0;Infantile-onset pulmonary alveolar proteinosis-hypogammaglobulinemia;572428;False
OAT;P04181;26113;RHEA:25160;pyridoxal 5'-phosphate;"amino-acid biosynthesis;l-glutamate 5-semialdehyde from l-ornithine: step 1/1;l-proline biosynthesis";1;0;1;Gyrate atrophy of choroid and retina;414;False
OBSCN;Q5VST9;27111;RHEA:17989;mg(2+);;1;0;1;Genetic recurrent myoglobinuria;99845;False
OBSCN;Q5VST9;27111;RHEA:46608;mg(2+);;1;0;1;Genetic recurrent myoglobinuria;99845;False
OCRL;Q01968;31336;RHEA:11392;;;2;1;1;Dent disease type 2 || Oculocerebrorenal syndrome of Lowe;534 || 93623;True
OCRL;Q01968;31336;RHEA:19797;;;2;1;1;Dent disease type 2 || Oculocerebrorenal syndrome of Lowe;534 || 93623;True
OCRL;Q01968;31336;RHEA:22764;;;2;1;1;Dent disease type 2 || Oculocerebrorenal syndrome of Lowe;534 || 93623;True
OCRL;Q01968;31336;RHEA:25528;;;2;1;1;Dent disease type 2 || Oculocerebrorenal syndrome of Lowe;534 || 93623;True
OCRL;Q01968;31356;RHEA:11392;;;2;1;1;Dent disease type 2 || Oculocerebrorenal syndrome of Lowe;534 || 93623;True
OCRL;Q01968;31356;RHEA:19797;;;2;1;1;Dent disease type 2 || Oculocerebrorenal syndrome of Lowe;534 || 93623;True
OCRL;Q01968;31356;RHEA:22764;;;2;1;1;Dent disease type 2 || Oculocerebrorenal syndrome of Lowe;534 || 93623;True
OCRL;Q01968;31356;RHEA:25528;;;2;1;1;Dent disease type 2 || Oculocerebrorenal syndrome of Lowe;534 || 93623;True
OCRL;Q01968;31386;RHEA:11392;;;2;1;1;Dent disease type 2 || Oculocerebrorenal syndrome of Lowe;534 || 93623;True
OCRL;Q01968;31386;RHEA:19797;;;2;1;1;Dent disease type 2 || Oculocerebrorenal syndrome of Lowe;534 || 93623;True
OCRL;Q01968;31386;RHEA:22764;;;2;1;1;Dent disease type 2 || Oculocerebrorenal syndrome of Lowe;534 || 93623;True
OCRL;Q01968;31386;RHEA:25528;;;2;1;1;Dent disease type 2 || Oculocerebrorenal syndrome of Lowe;534 || 93623;True
ODC1;P11926;41117;RHEA:22964;pyridoxal 5'-phosphate;"amine and polyamine biosynthesis;putrescine biosynthesis via l-ornithine pathway;putrescine from l-ornithine: step 1/1";1;0;1;Global developmental delay-alopecia-macrocephaly-facial dysmorphism-structural brain anomalies syndrome;544488;False
OPA1;O60313;3655;RHEA:19669;;;3;1;2;Autosomal dominant optic atrophy plus syndrome || Autosomal dominant optic atrophy, classic form || Behr syndrome;1215 || 1239 || 98673;True
OPLAH;O14841;3529;RHEA:10348;;;1;0;1;5-oxoprolinase deficiency;33572;False
OSGEP;Q9NPF4;231234;RHEA:37059;a divalent metal cation;;1;0;1;Galloway-Mowat syndrome;2065;False
OTC;P00480;2133;RHEA:19513;;;1;0;1;Ornithine transcarbamylase deficiency;664;False
OXCT1;P55809;2835;RHEA:24564;;;1;0;1;Succinyl-CoA:3-oxoacid CoA transferase deficiency;832;False
OXCT1;P55809;2835;RHEA:25480;;;1;0;1;Succinyl-CoA:3-oxoacid CoA transferase deficiency;832;False
P3H1;Q32P28;114117;RHEA:22872;fe cation;;2;2;0;Osteogenesis imperfecta type 2 || Osteogenesis imperfecta type 3;216804 || 216812;False
P3H2;Q8IVL5;114117;RHEA:22872;fe cation;;1;1;0;Rare isolated myopia;98619;False
P4HA2;O15460;114112;RHEA:18945;fe(2+);;1;0;1;Giant cell arteritis;397;False
P4HTM;Q9NXG6;1141129;RHEA:48400;fe(2+);;1;0;1;HIDEA syndrome;436141;False
PADI3;Q9ULW8;35315;RHEA:18089;ca(2+);;1;0;1;Uncombable hair syndrome;1410;False
PAH;P00439;114161;RHEA:20273;fe(2+);"acetoacetate and fumarate from l-phenylalanine: step 1/6;amino-acid degradation;l-phenylalanine degradation";3;2;1;Maternal phenylketonuria syndrome || Tetrahydrobiopterin-responsive phenylketonuria || Tetrahydrobiopterin-unresponsive phenylketonuria;2209 || 293284 || 708895;True
PAK2;Q13177;27111;RHEA:17989;;;1;0;1;Knobloch syndrome;1571;False
PAK2;Q13177;27111;RHEA:46608;;;1;0;1;Knobloch syndrome;1571;False
PAK3;O75914;27111;RHEA:17989;mg(2+);;1;1;0;Non-specific syndromic intellectual disability;528084;False
PAK3;O75914;27111;RHEA:46608;mg(2+);;1;1;0;Non-specific syndromic intellectual disability;528084;False
PANK2;Q9BZ23;27133;RHEA:16373;;;2;0;2;Atypical pantothenate kinase-associated neurodegeneration || Classic pantothenate kinase-associated neurodegeneration;216866 || 216873;False
PAPSS2;O95340;27125;RHEA:18133;;;2;2;0;Autosomal recessive brachyolmia || Spondyloepimetaphyseal dysplasia, PAPSS2 type;448242 || 93282;False
PAPSS2;O95340;27125;RHEA:24152;;;2;2;0;Autosomal recessive brachyolmia || Spondyloepimetaphyseal dysplasia, PAPSS2 type;448242 || 93282;False
PAPSS2;O95340;2774;RHEA:18133;;;2;2;0;Autosomal recessive brachyolmia || Spondyloepimetaphyseal dysplasia, PAPSS2 type;448242 || 93282;False
PAPSS2;O95340;2774;RHEA:24152;;;2;2;0;Autosomal recessive brachyolmia || Spondyloepimetaphyseal dysplasia, PAPSS2 type;448242 || 93282;False
PARS2;Q7L3T8;61115;RHEA:14305;;;1;0;1;Non-specific early-onset epileptic encephalopathy;442835;False
PC;P11498;6411;RHEA:20844;"biotin;mn(2+)";;3;3;0;Pyruvate carboxylase deficiency, benign type || Pyruvate carboxylase deficiency, infantile type || Pyruvate carboxylase deficiency, severe neonatal type;353308 || 353314 || 353320;False
PCBD1;P61457;42196;RHEA:11920;;;1;0;1;Pterin-4 alpha-carbinolamine dehydratase deficiency;1578;False
PCCA;P05165;6413;RHEA:23720;"biotin;mg(2+);mn(2+)";;1;0;1;Propionic acidemia;35;False
PCCA;P05165;6413;RHEA:59520;"biotin;mg(2+);mn(2+)";;1;0;1;Propionic acidemia;35;False
PCCB;P05166;6413;RHEA:23720;;;1;0;1;Propionic acidemia;35;False
PCCB;P05166;6413;RHEA:59520;;;1;0;1;Propionic acidemia;35;False
PCK2;Q16822;41132;RHEA:10388;mn(2+);"carbohydrate biosynthesis;gluconeogenesis";1;0;1;Phosphoenolpyruvate carboxykinase deficiency;2880;False
PCYT1A;P49585;27715;RHEA:18997;;;2;0;2;Leber congenital amaurosis || Spondylometaphyseal dysplasia-cone-rod dystrophy syndrome;65 || 85167;False
PCYT2;Q99447;27714;RHEA:24592;;;1;1;0;Autosomal recessive spastic paraplegia type 82;631073;False
PDE10A;Q9Y233;31417;RHEA:14653;a divalent metal cation;;2;0;2;Childhood-onset benign chorea with striatal involvement || Infantile-onset generalized dyskinesia with orofacial involvement;494526 || 494541;False
PDE10A;Q9Y233;31417;RHEA:16957;a divalent metal cation;;2;0;2;Childhood-onset benign chorea with striatal involvement || Infantile-onset generalized dyskinesia with orofacial involvement;494526 || 494541;False
PDE10A;Q9Y233;31417;RHEA:25277;a divalent metal cation;;2;0;2;Childhood-onset benign chorea with striatal involvement || Infantile-onset generalized dyskinesia with orofacial involvement;494526 || 494541;False
PDE11A;Q9HCR9;31435;RHEA:16957;a divalent metal cation;;3;2;1;Carney complex || Isolated micronodular adrenocortical disease || Isolated primary pigmented nodular adrenocortical disease;1359 || 647772 || 647782;True
PDE11A;Q9HCR9;31435;RHEA:25277;a divalent metal cation;;3;2;1;Carney complex || Isolated micronodular adrenocortical disease || Isolated primary pigmented nodular adrenocortical disease;1359 || 647772 || 647782;True
PDE11A;Q9HCR9;31453;RHEA:16957;a divalent metal cation;;3;2;1;Carney complex || Isolated micronodular adrenocortical disease || Isolated primary pigmented nodular adrenocortical disease;1359 || 647772 || 647782;True
PDE11A;Q9HCR9;31453;RHEA:25277;a divalent metal cation;"3',5'-cyclic amp degradation;amp from 3',5'-cyclic amp: step 1/1;purine metabolism";3;2;1;Carney complex || Isolated micronodular adrenocortical disease || Isolated primary pigmented nodular adrenocortical disease;1359 || 647772 || 647782;True
PDE11A;Q9HCR9;31453;RHEA:25277;zn(2+);"3',5'-cyclic amp degradation;amp from 3',5'-cyclic amp: step 1/1;purine metabolism";3;2;1;Carney complex || Isolated micronodular adrenocortical disease || Isolated primary pigmented nodular adrenocortical disease;1359 || 647772 || 647782;True
PDE1C;Q14123;31417;RHEA:14653;"mg(2+);zn(2+)";;1;1;0;Rare autosomal dominant non-syndromic sensorineural deafness type DFNA;90635;False
PDE1C;Q14123;31417;RHEA:16957;"mg(2+);zn(2+)";;1;1;0;Rare autosomal dominant non-syndromic sensorineural deafness type DFNA;90635;False
PDE1C;Q14123;31417;RHEA:25277;"mg(2+);zn(2+)";;1;1;0;Rare autosomal dominant non-syndromic sensorineural deafness type DFNA;90635;False
PDE3A;Q14432;31417;RHEA:14653;"mg(2+);mn(2+)";;1;0;1;Brachydactyly-arterial hypertension syndrome;1276;False
PDE3A;Q14432;31417;RHEA:16957;"mg(2+);mn(2+)";;1;0;1;Brachydactyly-arterial hypertension syndrome;1276;False
PDE3A;Q14432;31417;RHEA:25277;"mg(2+);mn(2+)";;1;0;1;Brachydactyly-arterial hypertension syndrome;1276;False
PDE3A;Q14432;31417;RHEA:70575;"mg(2+);mn(2+)";;1;0;1;Brachydactyly-arterial hypertension syndrome;1276;False
PDE4D;Q08499;31453;RHEA:25277;a divalent metal cation;"3',5'-cyclic amp degradation;amp from 3',5'-cyclic amp: step 1/1;purine metabolism";2;0;2;Acrodysostosis || PDE4D haploinsufficiency syndrome;439822 || 950;False
PDE4D;Q08499;31453;RHEA:25277;zn(2+);"3',5'-cyclic amp degradation;amp from 3',5'-cyclic amp: step 1/1;purine metabolism";2;0;2;Acrodysostosis || PDE4D haploinsufficiency syndrome;439822 || 950;False
PDE6A;P16499;31435;RHEA:16957;a divalent metal cation;;1;0;1;Retinitis pigmentosa;791;False
PDE6B;P35913;31435;RHEA:16957;a divalent metal cation;;2;1;1;Congenital stationary night blindness, Riggs type || Retinitis pigmentosa;714096 || 791;True
PDE6C;P51160;31435;RHEA:16957;a divalent metal cation;;2;0;2;Achromatopsia || Progressive cone dystrophy;1871 || 49382;False
PDE6G;P18545;31435;RHEA:16957;a divalent metal cation;;1;0;1;Retinitis pigmentosa;791;False
PDE6H;Q13956;31435;RHEA:16957;a divalent metal cation;;1;0;1;Achromatopsia;49382;False
PDE8B;O95263;31453;RHEA:25277;a divalent metal cation;"3',5'-cyclic amp degradation;amp from 3',5'-cyclic amp: step 1/1;purine metabolism";2;1;1;Autosomal dominant striatal neurodegeneration || Isolated micronodular adrenocortical disease;228169 || 647782;True
PDE8B;O95263;31453;RHEA:25277;zn(2+);"3',5'-cyclic amp degradation;amp from 3',5'-cyclic amp: step 1/1;purine metabolism";2;1;1;Autosomal dominant striatal neurodegeneration || Isolated micronodular adrenocortical disease;228169 || 647782;True
PDGFRA;P16234;27101;RHEA:10596;ca(2+);;6;4;2;B-lymphoblastic leukemia/lymphoma with recurrent genetic abnormality || Chronic eosinophilic leukemia || Cleft lip/palate || Gastrointestinal stromal tumor || Myeloid/lymphoid neoplasm associated with PDGFRA rearrangement || Primary hypereosinophilic syndrome;168940 || 168947 || 199306 || 314950 || 44890 || 585877;True
PDGFRA;P16234;27101;RHEA:10596;mg(2+);;6;4;2;B-lymphoblastic leukemia/lymphoma with recurrent genetic abnormality || Chronic eosinophilic leukemia || Cleft lip/palate || Gastrointestinal stromal tumor || Myeloid/lymphoid neoplasm associated with PDGFRA rearrangement || Primary hypereosinophilic syndrome;168940 || 168947 || 199306 || 314950 || 44890 || 585877;True
PDGFRB;P09619;27101;RHEA:10596;ca(2+);;7;5;2;Acroosteolysis-keloid-like lesions-premature aging syndrome || Bilateral striopallidodentate calcinosis || Chronic myeloproliferative disease, unclassifiable || Infantile myofibromatosis || Kosaki overgrowth syndrome || Myeloid/lymphoid neoplasm associated with PDGFRB rearrangement || Primary hypereosinophilic syndrome;168950 || 1980 || 2591 || 314950 || 363665 || 477831 || 86830;True
PDGFRB;P09619;27101;RHEA:10596;mg(2+);;7;5;2;Acroosteolysis-keloid-like lesions-premature aging syndrome || Bilateral striopallidodentate calcinosis || Chronic myeloproliferative disease, unclassifiable || Infantile myofibromatosis || Kosaki overgrowth syndrome || Myeloid/lymphoid neoplasm associated with PDGFRB rearrangement || Primary hypereosinophilic syndrome;168950 || 1980 || 2591 || 314950 || 363665 || 477831 || 86830;True
PDHA1;P08559;1241;RHEA:19189;"mg(2+);thiamine diphosphate";;1;0;1;Pyruvate dehydrogenase E1-alpha deficiency;79243;False
PDHA2;P29803;1241;RHEA:19189;"mg(2+);thiamine diphosphate";;1;0;1;Male infertility with azoospermia or oligozoospermia due to single gene mutation;399805;False
PDHB;P11177;1241;RHEA:19189;thiamine diphosphate;;1;0;1;Pyruvate dehydrogenase E1-beta deficiency;255138;False
PDK3;Q15120;27112;RHEA:23052;;;1;0;1;X-linked Charcot-Marie-Tooth disease type 6;352675;False
PDP1;Q9P0J1;31343;RHEA:12669;mn(2+);;1;0;1;Pyruvate dehydrogenase phosphatase deficiency;79246;False
PDSS1;Q5T2R2;25191;RHEA:27802;mg(2+);;1;1;0;Deafness-encephaloneuropathy-obesity-valvulopathy syndrome;254898;False
PDSS1;Q5T2R2;25191;RHEA:55364;mg(2+);;1;1;0;Deafness-encephaloneuropathy-obesity-valvulopathy syndrome;254898;False
PEPD;P12955;34139;RHEA:76407;mn(2+);;1;0;1;Prolidase deficiency;742;False
PFKM;P08237;27111;RHEA:16109;mg(2+);"carbohydrate degradation;d-glyceraldehyde 3-phosphate and glycerone phosphate from d-glucose: step 3/4;glycolysis";1;0;1;Glycogen storage disease due to muscle phosphofructokinase deficiency;371;False
PGAM2;P15259;54211;RHEA:15901;;;1;1;0;Glycogen storage disease due to phosphoglycerate mutase deficiency;97234;False
PGAM2;P15259;54211;RHEA:17765;;;1;1;0;Glycogen storage disease due to phosphoglycerate mutase deficiency;97234;False
PGAM2;P15259;5424;RHEA:15901;;;1;1;0;Glycogen storage disease due to phosphoglycerate mutase deficiency;97234;False
PGAM2;P15259;5424;RHEA:17765;;;1;1;0;Glycogen storage disease due to phosphoglycerate mutase deficiency;97234;False
PGK1;P00558;27111;RHEA:14801;mg(2+);;1;0;1;Glycogen storage disease due to phosphoglycerate kinase 1 deficiency;713;False
PGK1;P00558;27111;RHEA:17989;mg(2+);;1;0;1;Glycogen storage disease due to phosphoglycerate kinase 1 deficiency;713;False
PGK1;P00558;2723;RHEA:14801;mg(2+);;1;0;1;Glycogen storage disease due to phosphoglycerate kinase 1 deficiency;713;False
PGK1;P00558;2723;RHEA:17989;mg(2+);;1;0;1;Glycogen storage disease due to phosphoglycerate kinase 1 deficiency;713;False
PGM1;P36871;5422;RHEA:23536;mg(2+);;1;1;0;PGM1-CDG;319646;False
PGM1;P36871;5422;RHEA:68748;mg(2+);;1;1;0;PGM1-CDG;319646;False
PGM1;P36871;5422;RHEA:68752;mg(2+);;1;1;0;PGM1-CDG;319646;False
PGM2L1;Q6PCE3;271106;RHEA:16769;;;1;1;0;Non-specific syndromic intellectual disability;528084;False
PGM2L1;Q6PCE3;271106;RHEA:70899;;;1;1;0;Non-specific syndromic intellectual disability;528084;False
PGM2L1;Q6PCE3;271106;RHEA:70903;;;1;1;0;Non-specific syndromic intellectual disability;528084;False
PGM2L1;Q6PCE3;271106;RHEA:70907;;;1;1;0;Non-specific syndromic intellectual disability;528084;False
PGM2L1;Q6PCE3;271106;RHEA:70911;;;1;1;0;Non-specific syndromic intellectual disability;528084;False
PGM3;O95394;5423;RHEA:23804;mg(2+);"n-acetyl-alpha-d-glucosamine 1-phosphate from alpha-d-glucosamine 6-phosphate (route i): step 2/2;nucleotide-sugar biosynthesis;udp-n-acetyl-alpha-d-glucosamine biosynthesis";1;0;1;PGM3-CDG;443811;False
PHF8;Q9UPP1;1141127;RHEA:42032;fe(2+);;1;0;1;X-linked intellectual disability, Siderius type;85287;False
PHF8;Q9UPP1;1141127;RHEA:60188;fe(2+);;1;0;1;X-linked intellectual disability, Siderius type;85287;False
PHF8;Q9UPP1;1141165;RHEA:42032;fe(2+);;1;0;1;X-linked intellectual disability, Siderius type;85287;False
PHF8;Q9UPP1;1141165;RHEA:60188;fe(2+);;1;0;1;X-linked intellectual disability, Siderius type;85287;False
PHGDH;O43175;11137;RHEA:12641;;;2;1;1;3-phosphoglycerate dehydrogenase deficiency, infantile/juvenile form || Neu-Laxova syndrome due to 3-phosphoglycerate dehydrogenase deficiency;583607 || 79351;True
PHGDH;O43175;11137;RHEA:21432;;;2;1;1;3-phosphoglycerate dehydrogenase deficiency, infantile/juvenile form || Neu-Laxova syndrome due to 3-phosphoglycerate dehydrogenase deficiency;583607 || 79351;True
PHGDH;O43175;11137;RHEA:49612;;;2;1;1;3-phosphoglycerate dehydrogenase deficiency, infantile/juvenile form || Neu-Laxova syndrome due to 3-phosphoglycerate dehydrogenase deficiency;583607 || 79351;True
PHGDH;O43175;111399;RHEA:12641;;;2;1;1;3-phosphoglycerate dehydrogenase deficiency, infantile/juvenile form || Neu-Laxova syndrome due to 3-phosphoglycerate dehydrogenase deficiency;583607 || 79351;True
PHGDH;O43175;111399;RHEA:21432;;;2;1;1;3-phosphoglycerate dehydrogenase deficiency, infantile/juvenile form || Neu-Laxova syndrome due to 3-phosphoglycerate dehydrogenase deficiency;583607 || 79351;True
PHGDH;O43175;111399;RHEA:49612;;;2;1;1;3-phosphoglycerate dehydrogenase deficiency, infantile/juvenile form || Neu-Laxova syndrome due to 3-phosphoglycerate dehydrogenase deficiency;583607 || 79351;True
PHGDH;O43175;11195;RHEA:12641;;;2;1;1;3-phosphoglycerate dehydrogenase deficiency, infantile/juvenile form || Neu-Laxova syndrome due to 3-phosphoglycerate dehydrogenase deficiency;583607 || 79351;True
PHGDH;O43175;11195;RHEA:21432;;;2;1;1;3-phosphoglycerate dehydrogenase deficiency, infantile/juvenile form || Neu-Laxova syndrome due to 3-phosphoglycerate dehydrogenase deficiency;583607 || 79351;True
PHGDH;O43175;11195;RHEA:49612;;;2;1;1;3-phosphoglycerate dehydrogenase deficiency, infantile/juvenile form || Neu-Laxova syndrome due to 3-phosphoglycerate dehydrogenase deficiency;583607 || 79351;True
PHYH;O14832;1141118;RHEA:16065;"atp;fe cation;l-ascorbate;mg(2+)";;1;0;1;Adult Refsum disease;773;False
PHYH;O14832;1141118;RHEA:44000;"atp;fe cation;l-ascorbate;mg(2+)";;1;0;1;Adult Refsum disease;773;False
PHYH;O14832;1141118;RHEA:54596;"atp;fe cation;l-ascorbate;mg(2+)";;1;0;1;Adult Refsum disease;773;False
PHYH;O14832;1141118;RHEA:54600;"atp;fe cation;l-ascorbate;mg(2+)";;1;0;1;Adult Refsum disease;773;False
PHYH;O14832;1141118;RHEA:54604;"atp;fe cation;l-ascorbate;mg(2+)";;1;0;1;Adult Refsum disease;773;False
PHYH;O14832;1141118;RHEA:54612;"atp;fe cation;l-ascorbate;mg(2+)";;1;0;1;Adult Refsum disease;773;False
PHYH;O14832;1141118;RHEA:54616;"atp;fe cation;l-ascorbate;mg(2+)";;1;0;1;Adult Refsum disease;773;False
PHYH;O14832;1141118;RHEA:54620;"atp;fe cation;l-ascorbate;mg(2+)";;1;0;1;Adult Refsum disease;773;False
PHYH;O14832;1141118;RHEA:54624;"atp;fe cation;l-ascorbate;mg(2+)";;1;0;1;Adult Refsum disease;773;False
PHYH;O14832;1141118;RHEA:54628;"atp;fe cation;l-ascorbate;mg(2+)";;1;0;1;Adult Refsum disease;773;False
PHYH;O14832;1141118;RHEA:54632;"atp;fe cation;l-ascorbate;mg(2+)";;1;0;1;Adult Refsum disease;773;False
PHYH;O14832;1141118;RHEA:55172;"atp;fe cation;l-ascorbate;mg(2+)";;1;0;1;Adult Refsum disease;773;False
PHYH;O14832;1141118;RHEA:55176;"atp;fe cation;l-ascorbate;mg(2+)";;1;0;1;Adult Refsum disease;773;False
PHYH;O14832;1141118;RHEA:55180;"atp;fe cation;l-ascorbate;mg(2+)";;1;0;1;Adult Refsum disease;773;False
PHYH;O14832;1141118;RHEA:55184;"atp;fe cation;l-ascorbate;mg(2+)";;1;0;1;Adult Refsum disease;773;False
PHYH;O14832;1141118;RHEA:55192;"atp;fe cation;l-ascorbate;mg(2+)";;1;0;1;Adult Refsum disease;773;False
PI4KA;P42356;27167;RHEA:19877;mg(2+);;3;1;2;Autosomal recessive spastic paraplegia type 84 || Bilateral perisylvian polymicrogyria || Combined immunodeficiency-multiple intestinal atresia;436252 || 631079 || 98889;True
PIGA;P37287;241198;RHEA:14789;;;5;2;3;Epilepsy of infancy with migrating focal seizures || Ferro-cerebro-cutaneous syndrome || Infantile epileptic spasms syndrome || Multiple congenital anomalies-hypotonia-seizures syndrome type 2 || Paroxysmal nocturnal hemoglobinuria;293181 || 300496 || 397922 || 447 || 697160;True
PIGL;Q9Y2B2;35189;RHEA:11660;;;2;0;2;CHIME syndrome || Hyperphosphatasia-intellectual disability syndrome;247262 || 3474;False
PIK3C2A;O00443;271137;RHEA:12709;"ca(2+);mg(2+)";;1;0;1;Oculoskeletodental syndrome;557003;False
PIK3C2A;O00443;271137;RHEA:18373;"ca(2+);mg(2+)";;1;0;1;Oculoskeletodental syndrome;557003;False
PIK3C2A;O00443;271137;RHEA:21292;"ca(2+);mg(2+)";;1;0;1;Oculoskeletodental syndrome;557003;False
PIK3C2A;O00443;271153;RHEA:12709;"ca(2+);mg(2+)";;1;0;1;Oculoskeletodental syndrome;557003;False
PIK3C2A;O00443;271153;RHEA:18373;"ca(2+);mg(2+)";;1;0;1;Oculoskeletodental syndrome;557003;False
PIK3C2A;O00443;271153;RHEA:21292;"ca(2+);mg(2+)";;1;0;1;Oculoskeletodental syndrome;557003;False
PIK3C2A;O00443;271154;RHEA:12709;"ca(2+);mg(2+)";;1;0;1;Oculoskeletodental syndrome;557003;False
PIK3C2A;O00443;271154;RHEA:18373;"ca(2+);mg(2+)";;1;0;1;Oculoskeletodental syndrome;557003;False
PIK3C2A;O00443;271154;RHEA:21292;"ca(2+);mg(2+)";;1;0;1;Oculoskeletodental syndrome;557003;False
PIK3CA;P42336;27111;RHEA:12709;;;15;4;11;Adult hepatocellular carcinoma || CLAPO syndrome || CLOVES syndrome || Capillary-lymphatic-venous malformation with segmental distribution || Cowden syndrome || Diffuse capillary malformation with overgrowth || Familial cerebral cavernous malformation || Hemihyperplasia-multiple lipomatosis syndrome || Hemimegalencephaly || Lynch syndrome || Macrodactyly of fingers, unilateral || Macrodactyly of toes, unilateral || Megalencephaly-capillary malformation-polymicrogyria syndrome || Meningioma || Segmental progressive overgrowth syndrome with fibroadipose hyperplasia;140944 || 144 || 168984 || 201 || 210159 || 221061 || 2495 || 276280 || 295239 || 295243 || 314662 || 60040 || 714737 || 90308 || 99802;True
PIK3CA;P42336;27111;RHEA:17989;;;15;4;11;Adult hepatocellular carcinoma || CLAPO syndrome || CLOVES syndrome || Capillary-lymphatic-venous malformation with segmental distribution || Cowden syndrome || Diffuse capillary malformation with overgrowth || Familial cerebral cavernous malformation || Hemihyperplasia-multiple lipomatosis syndrome || Hemimegalencephaly || Lynch syndrome || Macrodactyly of fingers, unilateral || Macrodactyly of toes, unilateral || Megalencephaly-capillary malformation-polymicrogyria syndrome || Meningioma || Segmental progressive overgrowth syndrome with fibroadipose hyperplasia;140944 || 144 || 168984 || 201 || 210159 || 221061 || 2495 || 276280 || 295239 || 295243 || 314662 || 60040 || 714737 || 90308 || 99802;True
PIK3CA;P42336;27111;RHEA:21292;;;15;4;11;Adult hepatocellular carcinoma || CLAPO syndrome || CLOVES syndrome || Capillary-lymphatic-venous malformation with segmental distribution || Cowden syndrome || Diffuse capillary malformation with overgrowth || Familial cerebral cavernous malformation || Hemihyperplasia-multiple lipomatosis syndrome || Hemimegalencephaly || Lynch syndrome || Macrodactyly of fingers, unilateral || Macrodactyly of toes, unilateral || Megalencephaly-capillary malformation-polymicrogyria syndrome || Meningioma || Segmental progressive overgrowth syndrome with fibroadipose hyperplasia;140944 || 144 || 168984 || 201 || 210159 || 221061 || 2495 || 276280 || 295239 || 295243 || 314662 || 60040 || 714737 || 90308 || 99802;True
PIK3CA;P42336;27111;RHEA:43396;;;15;4;11;Adult hepatocellular carcinoma || CLAPO syndrome || CLOVES syndrome || Capillary-lymphatic-venous malformation with segmental distribution || Cowden syndrome || Diffuse capillary malformation with overgrowth || Familial cerebral cavernous malformation || Hemihyperplasia-multiple lipomatosis syndrome || Hemimegalencephaly || Lynch syndrome || Macrodactyly of fingers, unilateral || Macrodactyly of toes, unilateral || Megalencephaly-capillary malformation-polymicrogyria syndrome || Meningioma || Segmental progressive overgrowth syndrome with fibroadipose hyperplasia;140944 || 144 || 168984 || 201 || 210159 || 221061 || 2495 || 276280 || 295239 || 295243 || 314662 || 60040 || 714737 || 90308 || 99802;True
PIK3CA;P42336;27111;RHEA:55632;;;15;4;11;Adult hepatocellular carcinoma || CLAPO syndrome || CLOVES syndrome || Capillary-lymphatic-venous malformation with segmental distribution || Cowden syndrome || Diffuse capillary malformation with overgrowth || Familial cerebral cavernous malformation || Hemihyperplasia-multiple lipomatosis syndrome || Hemimegalencephaly || Lynch syndrome || Macrodactyly of fingers, unilateral || Macrodactyly of toes, unilateral || Megalencephaly-capillary malformation-polymicrogyria syndrome || Meningioma || Segmental progressive overgrowth syndrome with fibroadipose hyperplasia;140944 || 144 || 168984 || 201 || 210159 || 221061 || 2495 || 276280 || 295239 || 295243 || 314662 || 60040 || 714737 || 90308 || 99802;True
PIK3CA;P42336;271137;RHEA:12709;;;15;4;11;Adult hepatocellular carcinoma || CLAPO syndrome || CLOVES syndrome || Capillary-lymphatic-venous malformation with segmental distribution || Cowden syndrome || Diffuse capillary malformation with overgrowth || Familial cerebral cavernous malformation || Hemihyperplasia-multiple lipomatosis syndrome || Hemimegalencephaly || Lynch syndrome || Macrodactyly of fingers, unilateral || Macrodactyly of toes, unilateral || Megalencephaly-capillary malformation-polymicrogyria syndrome || Meningioma || Segmental progressive overgrowth syndrome with fibroadipose hyperplasia;140944 || 144 || 168984 || 201 || 210159 || 221061 || 2495 || 276280 || 295239 || 295243 || 314662 || 60040 || 714737 || 90308 || 99802;True
PIK3CA;P42336;271137;RHEA:17989;;;15;4;11;Adult hepatocellular carcinoma || CLAPO syndrome || CLOVES syndrome || Capillary-lymphatic-venous malformation with segmental distribution || Cowden syndrome || Diffuse capillary malformation with overgrowth || Familial cerebral cavernous malformation || Hemihyperplasia-multiple lipomatosis syndrome || Hemimegalencephaly || Lynch syndrome || Macrodactyly of fingers, unilateral || Macrodactyly of toes, unilateral || Megalencephaly-capillary malformation-polymicrogyria syndrome || Meningioma || Segmental progressive overgrowth syndrome with fibroadipose hyperplasia;140944 || 144 || 168984 || 201 || 210159 || 221061 || 2495 || 276280 || 295239 || 295243 || 314662 || 60040 || 714737 || 90308 || 99802;True
PIK3CA;P42336;271137;RHEA:21292;;;15;4;11;Adult hepatocellular carcinoma || CLAPO syndrome || CLOVES syndrome || Capillary-lymphatic-venous malformation with segmental distribution || Cowden syndrome || Diffuse capillary malformation with overgrowth || Familial cerebral cavernous malformation || Hemihyperplasia-multiple lipomatosis syndrome || Hemimegalencephaly || Lynch syndrome || Macrodactyly of fingers, unilateral || Macrodactyly of toes, unilateral || Megalencephaly-capillary malformation-polymicrogyria syndrome || Meningioma || Segmental progressive overgrowth syndrome with fibroadipose hyperplasia;140944 || 144 || 168984 || 201 || 210159 || 221061 || 2495 || 276280 || 295239 || 295243 || 314662 || 60040 || 714737 || 90308 || 99802;True
PIK3CA;P42336;271137;RHEA:43396;;;15;4;11;Adult hepatocellular carcinoma || CLAPO syndrome || CLOVES syndrome || Capillary-lymphatic-venous malformation with segmental distribution || Cowden syndrome || Diffuse capillary malformation with overgrowth || Familial cerebral cavernous malformation || Hemihyperplasia-multiple lipomatosis syndrome || Hemimegalencephaly || Lynch syndrome || Macrodactyly of fingers, unilateral || Macrodactyly of toes, unilateral || Megalencephaly-capillary malformation-polymicrogyria syndrome || Meningioma || Segmental progressive overgrowth syndrome with fibroadipose hyperplasia;140944 || 144 || 168984 || 201 || 210159 || 221061 || 2495 || 276280 || 295239 || 295243 || 314662 || 60040 || 714737 || 90308 || 99802;True
PIK3CA;P42336;271137;RHEA:55632;;;15;4;11;Adult hepatocellular carcinoma || CLAPO syndrome || CLOVES syndrome || Capillary-lymphatic-venous malformation with segmental distribution || Cowden syndrome || Diffuse capillary malformation with overgrowth || Familial cerebral cavernous malformation || Hemihyperplasia-multiple lipomatosis syndrome || Hemimegalencephaly || Lynch syndrome || Macrodactyly of fingers, unilateral || Macrodactyly of toes, unilateral || Megalencephaly-capillary malformation-polymicrogyria syndrome || Meningioma || Segmental progressive overgrowth syndrome with fibroadipose hyperplasia;140944 || 144 || 168984 || 201 || 210159 || 221061 || 2495 || 276280 || 295239 || 295243 || 314662 || 60040 || 714737 || 90308 || 99802;True
PIK3CA;P42336;271153;RHEA:12709;;;15;4;11;Adult hepatocellular carcinoma || CLAPO syndrome || CLOVES syndrome || Capillary-lymphatic-venous malformation with segmental distribution || Cowden syndrome || Diffuse capillary malformation with overgrowth || Familial cerebral cavernous malformation || Hemihyperplasia-multiple lipomatosis syndrome || Hemimegalencephaly || Lynch syndrome || Macrodactyly of fingers, unilateral || Macrodactyly of toes, unilateral || Megalencephaly-capillary malformation-polymicrogyria syndrome || Meningioma || Segmental progressive overgrowth syndrome with fibroadipose hyperplasia;140944 || 144 || 168984 || 201 || 210159 || 221061 || 2495 || 276280 || 295239 || 295243 || 314662 || 60040 || 714737 || 90308 || 99802;True
PIK3CA;P42336;271153;RHEA:17989;;;15;4;11;Adult hepatocellular carcinoma || CLAPO syndrome || CLOVES syndrome || Capillary-lymphatic-venous malformation with segmental distribution || Cowden syndrome || Diffuse capillary malformation with overgrowth || Familial cerebral cavernous malformation || Hemihyperplasia-multiple lipomatosis syndrome || Hemimegalencephaly || Lynch syndrome || Macrodactyly of fingers, unilateral || Macrodactyly of toes, unilateral || Megalencephaly-capillary malformation-polymicrogyria syndrome || Meningioma || Segmental progressive overgrowth syndrome with fibroadipose hyperplasia;140944 || 144 || 168984 || 201 || 210159 || 221061 || 2495 || 276280 || 295239 || 295243 || 314662 || 60040 || 714737 || 90308 || 99802;True
PIK3CA;P42336;271153;RHEA:21292;;;15;4;11;Adult hepatocellular carcinoma || CLAPO syndrome || CLOVES syndrome || Capillary-lymphatic-venous malformation with segmental distribution || Cowden syndrome || Diffuse capillary malformation with overgrowth || Familial cerebral cavernous malformation || Hemihyperplasia-multiple lipomatosis syndrome || Hemimegalencephaly || Lynch syndrome || Macrodactyly of fingers, unilateral || Macrodactyly of toes, unilateral || Megalencephaly-capillary malformation-polymicrogyria syndrome || Meningioma || Segmental progressive overgrowth syndrome with fibroadipose hyperplasia;140944 || 144 || 168984 || 201 || 210159 || 221061 || 2495 || 276280 || 295239 || 295243 || 314662 || 60040 || 714737 || 90308 || 99802;True
PIK3CA;P42336;271153;RHEA:43396;;;15;4;11;Adult hepatocellular carcinoma || CLAPO syndrome || CLOVES syndrome || Capillary-lymphatic-venous malformation with segmental distribution || Cowden syndrome || Diffuse capillary malformation with overgrowth || Familial cerebral cavernous malformation || Hemihyperplasia-multiple lipomatosis syndrome || Hemimegalencephaly || Lynch syndrome || Macrodactyly of fingers, unilateral || Macrodactyly of toes, unilateral || Megalencephaly-capillary malformation-polymicrogyria syndrome || Meningioma || Segmental progressive overgrowth syndrome with fibroadipose hyperplasia;140944 || 144 || 168984 || 201 || 210159 || 221061 || 2495 || 276280 || 295239 || 295243 || 314662 || 60040 || 714737 || 90308 || 99802;True
PIK3CA;P42336;271153;RHEA:55632;;;15;4;11;Adult hepatocellular carcinoma || CLAPO syndrome || CLOVES syndrome || Capillary-lymphatic-venous malformation with segmental distribution || Cowden syndrome || Diffuse capillary malformation with overgrowth || Familial cerebral cavernous malformation || Hemihyperplasia-multiple lipomatosis syndrome || Hemimegalencephaly || Lynch syndrome || Macrodactyly of fingers, unilateral || Macrodactyly of toes, unilateral || Megalencephaly-capillary malformation-polymicrogyria syndrome || Meningioma || Segmental progressive overgrowth syndrome with fibroadipose hyperplasia;140944 || 144 || 168984 || 201 || 210159 || 221061 || 2495 || 276280 || 295239 || 295243 || 314662 || 60040 || 714737 || 90308 || 99802;True
PIK3CD;O00329;271137;RHEA:12709;;;3;0;3;Activated PI3K-delta syndrome 1 || Autosomal non-syndromic agammaglobulinemia || Combined immunodeficiency with facio-oculo-skeletal anomalies;221139 || 33110 || 693661;False
PIK3CD;O00329;271137;RHEA:21292;;;3;0;3;Activated PI3K-delta syndrome 1 || Autosomal non-syndromic agammaglobulinemia || Combined immunodeficiency with facio-oculo-skeletal anomalies;221139 || 33110 || 693661;False
PIK3CD;O00329;271137;RHEA:43396;;;3;0;3;Activated PI3K-delta syndrome 1 || Autosomal non-syndromic agammaglobulinemia || Combined immunodeficiency with facio-oculo-skeletal anomalies;221139 || 33110 || 693661;False
PIK3CD;O00329;271153;RHEA:12709;;;3;0;3;Activated PI3K-delta syndrome 1 || Autosomal non-syndromic agammaglobulinemia || Combined immunodeficiency with facio-oculo-skeletal anomalies;221139 || 33110 || 693661;False
PIK3CD;O00329;271153;RHEA:21292;;;3;0;3;Activated PI3K-delta syndrome 1 || Autosomal non-syndromic agammaglobulinemia || Combined immunodeficiency with facio-oculo-skeletal anomalies;221139 || 33110 || 693661;False
PIK3CD;O00329;271153;RHEA:43396;;;3;0;3;Activated PI3K-delta syndrome 1 || Autosomal non-syndromic agammaglobulinemia || Combined immunodeficiency with facio-oculo-skeletal anomalies;221139 || 33110 || 693661;False
PIKFYVE;Q9Y2I7;27111;RHEA:13609;;;1;1;0;Fleck corneal dystrophy;98970;False
PIKFYVE;Q9Y2I7;27111;RHEA:17989;;;1;1;0;Fleck corneal dystrophy;98970;False
PIKFYVE;Q9Y2I7;27111;RHEA:44680;;;1;1;0;Fleck corneal dystrophy;98970;False
PIKFYVE;Q9Y2I7;271150;RHEA:13609;;;1;1;0;Fleck corneal dystrophy;98970;False
PIKFYVE;Q9Y2I7;271150;RHEA:17989;;;1;1;0;Fleck corneal dystrophy;98970;False
PIKFYVE;Q9Y2I7;271150;RHEA:44680;;;1;1;0;Fleck corneal dystrophy;98970;False
PINK1;Q9BXM7;27111;RHEA:17989;mg(2+);;1;0;1;Young-onset Parkinson disease;2828;False
PINK1;Q9BXM7;27111;RHEA:46608;mg(2+);;1;0;1;Young-onset Parkinson disease;2828;False
PIP5K1C;O60331;27168;RHEA:14425;;;1;1;0;Lethal congenital contracture syndrome type 3;137783;False
PIP5K1C;O60331;27168;RHEA:40363;;;1;1;0;Lethal congenital contracture syndrome type 3;137783;False
PIP5K1C;O60331;27168;RHEA:40367;;;1;1;0;Lethal congenital contracture syndrome type 3;137783;False
PIP5K1C;O60331;27168;RHEA:40375;;;1;1;0;Lethal congenital contracture syndrome type 3;137783;False
PIP5K1C;O60331;27168;RHEA:40379;;;1;1;0;Lethal congenital contracture syndrome type 3;137783;False
PIP5K1C;O60331;27168;RHEA:40383;;;1;1;0;Lethal congenital contracture syndrome type 3;137783;False
PIP5K1C;O60331;27168;RHEA:40387;;;1;1;0;Lethal congenital contracture syndrome type 3;137783;False
PISD;Q9UG56;41165;RHEA:20828;pyruvate;;1;1;0;Short stature-skeletal dysplasia-retinal degeneration-intellectual disability-sensorineural hearing loss syndrome;589442;False
PKLR;P30613;27140;RHEA:18157;mg(2+);"carbohydrate degradation;glycolysis;pyruvate from d-glyceraldehyde 3-phosphate: step 5/5";1;0;1;Hemolytic anemia due to red cell pyruvate kinase deficiency;766;False
PLA2G4A;P47712;3114;RHEA:15177;;;2;2;0;Cryptogenic multifocal ulcerous stenosing enteritis || Cytosolic phospholipase-A2 alpha deficiency associated bleeding disorder;468635 || 477787;False
PLA2G4A;P47712;3114;RHEA:15801;;;2;2;0;Cryptogenic multifocal ulcerous stenosing enteritis || Cytosolic phospholipase-A2 alpha deficiency associated bleeding disorder;468635 || 477787;False
PLA2G4A;P47712;3114;RHEA:36231;;;2;2;0;Cryptogenic multifocal ulcerous stenosing enteritis || Cytosolic phospholipase-A2 alpha deficiency associated bleeding disorder;468635 || 477787;False
PLA2G4A;P47712;3114;RHEA:40427;;;2;2;0;Cryptogenic multifocal ulcerous stenosing enteritis || Cytosolic phospholipase-A2 alpha deficiency associated bleeding disorder;468635 || 477787;False
PLA2G4A;P47712;3114;RHEA:40435;;;2;2;0;Cryptogenic multifocal ulcerous stenosing enteritis || Cytosolic phospholipase-A2 alpha deficiency associated bleeding disorder;468635 || 477787;False
PLA2G4A;P47712;3114;RHEA:40451;;;2;2;0;Cryptogenic multifocal ulcerous stenosing enteritis || Cytosolic phospholipase-A2 alpha deficiency associated bleeding disorder;468635 || 477787;False
PLA2G4A;P47712;3114;RHEA:40519;;;2;2;0;Cryptogenic multifocal ulcerous stenosing enteritis || Cytosolic phospholipase-A2 alpha deficiency associated bleeding disorder;468635 || 477787;False
PLA2G4A;P47712;3114;RHEA:40811;;;2;2;0;Cryptogenic multifocal ulcerous stenosing enteritis || Cytosolic phospholipase-A2 alpha deficiency associated bleeding disorder;468635 || 477787;False
PLA2G4A;P47712;3114;RHEA:41067;;;2;2;0;Cryptogenic multifocal ulcerous stenosing enteritis || Cytosolic phospholipase-A2 alpha deficiency associated bleeding disorder;468635 || 477787;False
PLA2G4A;P47712;3114;RHEA:41071;;;2;2;0;Cryptogenic multifocal ulcerous stenosing enteritis || Cytosolic phospholipase-A2 alpha deficiency associated bleeding disorder;468635 || 477787;False
PLA2G4A;P47712;3114;RHEA:41075;;;2;2;0;Cryptogenic multifocal ulcerous stenosing enteritis || Cytosolic phospholipase-A2 alpha deficiency associated bleeding disorder;468635 || 477787;False
PLA2G4A;P47712;3114;RHEA:41087;;;2;2;0;Cryptogenic multifocal ulcerous stenosing enteritis || Cytosolic phospholipase-A2 alpha deficiency associated bleeding disorder;468635 || 477787;False
PLA2G4A;P47712;3114;RHEA:41099;;;2;2;0;Cryptogenic multifocal ulcerous stenosing enteritis || Cytosolic phospholipase-A2 alpha deficiency associated bleeding disorder;468635 || 477787;False
PLA2G4A;P47712;3114;RHEA:41123;;;2;2;0;Cryptogenic multifocal ulcerous stenosing enteritis || Cytosolic phospholipase-A2 alpha deficiency associated bleeding disorder;468635 || 477787;False
PLA2G4A;P47712;3114;RHEA:41271;;;2;2;0;Cryptogenic multifocal ulcerous stenosing enteritis || Cytosolic phospholipase-A2 alpha deficiency associated bleeding disorder;468635 || 477787;False
PLA2G4A;P47712;3114;RHEA:41307;;;2;2;0;Cryptogenic multifocal ulcerous stenosing enteritis || Cytosolic phospholipase-A2 alpha deficiency associated bleeding disorder;468635 || 477787;False
PLA2G4A;P47712;3114;RHEA:53688;;;2;2;0;Cryptogenic multifocal ulcerous stenosing enteritis || Cytosolic phospholipase-A2 alpha deficiency associated bleeding disorder;468635 || 477787;False
PLA2G4A;P47712;3114;RHEA:53692;;;2;2;0;Cryptogenic multifocal ulcerous stenosing enteritis || Cytosolic phospholipase-A2 alpha deficiency associated bleeding disorder;468635 || 477787;False
PLA2G4A;P47712;3114;RHEA:53696;;;2;2;0;Cryptogenic multifocal ulcerous stenosing enteritis || Cytosolic phospholipase-A2 alpha deficiency associated bleeding disorder;468635 || 477787;False
PLA2G4A;P47712;3114;RHEA:53700;;;2;2;0;Cryptogenic multifocal ulcerous stenosing enteritis || Cytosolic phospholipase-A2 alpha deficiency associated bleeding disorder;468635 || 477787;False
PLA2G4A;P47712;3114;RHEA:53704;;;2;2;0;Cryptogenic multifocal ulcerous stenosing enteritis || Cytosolic phospholipase-A2 alpha deficiency associated bleeding disorder;468635 || 477787;False
PLA2G4A;P47712;3115;RHEA:15177;;;2;2;0;Cryptogenic multifocal ulcerous stenosing enteritis || Cytosolic phospholipase-A2 alpha deficiency associated bleeding disorder;468635 || 477787;False
PLA2G4A;P47712;3115;RHEA:15801;;;2;2;0;Cryptogenic multifocal ulcerous stenosing enteritis || Cytosolic phospholipase-A2 alpha deficiency associated bleeding disorder;468635 || 477787;False
PLA2G4A;P47712;3115;RHEA:36231;;;2;2;0;Cryptogenic multifocal ulcerous stenosing enteritis || Cytosolic phospholipase-A2 alpha deficiency associated bleeding disorder;468635 || 477787;False
PLA2G4A;P47712;3115;RHEA:40427;;;2;2;0;Cryptogenic multifocal ulcerous stenosing enteritis || Cytosolic phospholipase-A2 alpha deficiency associated bleeding disorder;468635 || 477787;False
PLA2G4A;P47712;3115;RHEA:40435;;;2;2;0;Cryptogenic multifocal ulcerous stenosing enteritis || Cytosolic phospholipase-A2 alpha deficiency associated bleeding disorder;468635 || 477787;False
PLA2G4A;P47712;3115;RHEA:40451;;;2;2;0;Cryptogenic multifocal ulcerous stenosing enteritis || Cytosolic phospholipase-A2 alpha deficiency associated bleeding disorder;468635 || 477787;False
PLA2G4A;P47712;3115;RHEA:40519;;;2;2;0;Cryptogenic multifocal ulcerous stenosing enteritis || Cytosolic phospholipase-A2 alpha deficiency associated bleeding disorder;468635 || 477787;False
PLA2G4A;P47712;3115;RHEA:40811;;;2;2;0;Cryptogenic multifocal ulcerous stenosing enteritis || Cytosolic phospholipase-A2 alpha deficiency associated bleeding disorder;468635 || 477787;False
PLA2G4A;P47712;3115;RHEA:41067;;;2;2;0;Cryptogenic multifocal ulcerous stenosing enteritis || Cytosolic phospholipase-A2 alpha deficiency associated bleeding disorder;468635 || 477787;False
PLA2G4A;P47712;3115;RHEA:41071;;;2;2;0;Cryptogenic multifocal ulcerous stenosing enteritis || Cytosolic phospholipase-A2 alpha deficiency associated bleeding disorder;468635 || 477787;False
PLA2G4A;P47712;3115;RHEA:41075;;;2;2;0;Cryptogenic multifocal ulcerous stenosing enteritis || Cytosolic phospholipase-A2 alpha deficiency associated bleeding disorder;468635 || 477787;False
PLA2G4A;P47712;3115;RHEA:41087;;;2;2;0;Cryptogenic multifocal ulcerous stenosing enteritis || Cytosolic phospholipase-A2 alpha deficiency associated bleeding disorder;468635 || 477787;False
PLA2G4A;P47712;3115;RHEA:41099;;;2;2;0;Cryptogenic multifocal ulcerous stenosing enteritis || Cytosolic phospholipase-A2 alpha deficiency associated bleeding disorder;468635 || 477787;False
PLA2G4A;P47712;3115;RHEA:41123;;;2;2;0;Cryptogenic multifocal ulcerous stenosing enteritis || Cytosolic phospholipase-A2 alpha deficiency associated bleeding disorder;468635 || 477787;False
PLA2G4A;P47712;3115;RHEA:41271;;;2;2;0;Cryptogenic multifocal ulcerous stenosing enteritis || Cytosolic phospholipase-A2 alpha deficiency associated bleeding disorder;468635 || 477787;False
PLA2G4A;P47712;3115;RHEA:41307;;;2;2;0;Cryptogenic multifocal ulcerous stenosing enteritis || Cytosolic phospholipase-A2 alpha deficiency associated bleeding disorder;468635 || 477787;False
PLA2G4A;P47712;3115;RHEA:53688;;;2;2;0;Cryptogenic multifocal ulcerous stenosing enteritis || Cytosolic phospholipase-A2 alpha deficiency associated bleeding disorder;468635 || 477787;False
PLA2G4A;P47712;3115;RHEA:53692;;;2;2;0;Cryptogenic multifocal ulcerous stenosing enteritis || Cytosolic phospholipase-A2 alpha deficiency associated bleeding disorder;468635 || 477787;False
PLA2G4A;P47712;3115;RHEA:53696;;;2;2;0;Cryptogenic multifocal ulcerous stenosing enteritis || Cytosolic phospholipase-A2 alpha deficiency associated bleeding disorder;468635 || 477787;False
PLA2G4A;P47712;3115;RHEA:53700;;;2;2;0;Cryptogenic multifocal ulcerous stenosing enteritis || Cytosolic phospholipase-A2 alpha deficiency associated bleeding disorder;468635 || 477787;False
PLA2G4A;P47712;3115;RHEA:53704;;;2;2;0;Cryptogenic multifocal ulcerous stenosing enteritis || Cytosolic phospholipase-A2 alpha deficiency associated bleeding disorder;468635 || 477787;False
PLA2G5;P39877;3114;RHEA:15801;ca(2+);;1;1;0;Familial benign flecked retina;363989;False
PLA2G5;P39877;3114;RHEA:38779;ca(2+);;1;1;0;Familial benign flecked retina;363989;False
PLA2G5;P39877;3114;RHEA:40427;ca(2+);;1;1;0;Familial benign flecked retina;363989;False
PLA2G5;P39877;3114;RHEA:40431;ca(2+);;1;1;0;Familial benign flecked retina;363989;False
PLA2G5;P39877;3114;RHEA:40463;ca(2+);;1;1;0;Familial benign flecked retina;363989;False
PLA2G5;P39877;3114;RHEA:40467;ca(2+);;1;1;0;Familial benign flecked retina;363989;False
PLA2G5;P39877;3114;RHEA:40815;ca(2+);;1;1;0;Familial benign flecked retina;363989;False
PLA2G5;P39877;3114;RHEA:41215;ca(2+);;1;1;0;Familial benign flecked retina;363989;False
PLA2G5;P39877;3114;RHEA:44524;ca(2+);;1;1;0;Familial benign flecked retina;363989;False
PLA2G5;P39877;3114;RHEA:45424;ca(2+);;1;1;0;Familial benign flecked retina;363989;False
PLA2G6;O60733;3114;RHEA:15177;;;2;0;2;Adult-onset dystonia-parkinsonism || Infantile neuroaxonal dystrophy;199351 || 35069;False
PLA2G6;O60733;3114;RHEA:15801;;;2;0;2;Adult-onset dystonia-parkinsonism || Infantile neuroaxonal dystrophy;199351 || 35069;False
PLA2G6;O60733;3114;RHEA:16645;;;2;0;2;Adult-onset dystonia-parkinsonism || Infantile neuroaxonal dystrophy;199351 || 35069;False
PLA2G6;O60733;3114;RHEA:36231;;;2;0;2;Adult-onset dystonia-parkinsonism || Infantile neuroaxonal dystrophy;199351 || 35069;False
PLA2G6;O60733;3114;RHEA:38779;;;2;0;2;Adult-onset dystonia-parkinsonism || Infantile neuroaxonal dystrophy;199351 || 35069;False
PLA2G6;O60733;3114;RHEA:40427;;;2;0;2;Adult-onset dystonia-parkinsonism || Infantile neuroaxonal dystrophy;199351 || 35069;False
PLA2G6;O60733;3114;RHEA:40431;;;2;0;2;Adult-onset dystonia-parkinsonism || Infantile neuroaxonal dystrophy;199351 || 35069;False
PLA2G6;O60733;3114;RHEA:40435;;;2;0;2;Adult-onset dystonia-parkinsonism || Infantile neuroaxonal dystrophy;199351 || 35069;False
PLA2G6;O60733;3114;RHEA:40463;;;2;0;2;Adult-onset dystonia-parkinsonism || Infantile neuroaxonal dystrophy;199351 || 35069;False
PLA2G6;O60733;3114;RHEA:40467;;;2;0;2;Adult-onset dystonia-parkinsonism || Infantile neuroaxonal dystrophy;199351 || 35069;False
PLA2G6;O60733;3114;RHEA:40479;;;2;0;2;Adult-onset dystonia-parkinsonism || Infantile neuroaxonal dystrophy;199351 || 35069;False
PLA2G6;O60733;3114;RHEA:40519;;;2;0;2;Adult-onset dystonia-parkinsonism || Infantile neuroaxonal dystrophy;199351 || 35069;False
PLA2G6;O60733;3114;RHEA:40811;;;2;0;2;Adult-onset dystonia-parkinsonism || Infantile neuroaxonal dystrophy;199351 || 35069;False
PLA2G6;O60733;3114;RHEA:40827;;;2;0;2;Adult-onset dystonia-parkinsonism || Infantile neuroaxonal dystrophy;199351 || 35069;False
PLA2G6;O60733;3114;RHEA:40831;;;2;0;2;Adult-onset dystonia-parkinsonism || Infantile neuroaxonal dystrophy;199351 || 35069;False
PLA2G6;O60733;3114;RHEA:41067;;;2;0;2;Adult-onset dystonia-parkinsonism || Infantile neuroaxonal dystrophy;199351 || 35069;False
PLA2G6;O60733;3114;RHEA:41223;;;2;0;2;Adult-onset dystonia-parkinsonism || Infantile neuroaxonal dystrophy;199351 || 35069;False
PLA2G6;O60733;3114;RHEA:52812;;;2;0;2;Adult-onset dystonia-parkinsonism || Infantile neuroaxonal dystrophy;199351 || 35069;False
PLA2G6;O60733;3114;RHEA:63256;;;2;0;2;Adult-onset dystonia-parkinsonism || Infantile neuroaxonal dystrophy;199351 || 35069;False
PLA2G6;O60733;3114;RHEA:63304;;;2;0;2;Adult-onset dystonia-parkinsonism || Infantile neuroaxonal dystrophy;199351 || 35069;False
PLA2G6;O60733;3115;RHEA:15177;;;2;0;2;Adult-onset dystonia-parkinsonism || Infantile neuroaxonal dystrophy;199351 || 35069;False
PLA2G6;O60733;3115;RHEA:15801;;;2;0;2;Adult-onset dystonia-parkinsonism || Infantile neuroaxonal dystrophy;199351 || 35069;False
PLA2G6;O60733;3115;RHEA:16645;;;2;0;2;Adult-onset dystonia-parkinsonism || Infantile neuroaxonal dystrophy;199351 || 35069;False
PLA2G6;O60733;3115;RHEA:36231;;;2;0;2;Adult-onset dystonia-parkinsonism || Infantile neuroaxonal dystrophy;199351 || 35069;False
PLA2G6;O60733;3115;RHEA:38779;;;2;0;2;Adult-onset dystonia-parkinsonism || Infantile neuroaxonal dystrophy;199351 || 35069;False
PLA2G6;O60733;3115;RHEA:40427;;;2;0;2;Adult-onset dystonia-parkinsonism || Infantile neuroaxonal dystrophy;199351 || 35069;False
PLA2G6;O60733;3115;RHEA:40431;;;2;0;2;Adult-onset dystonia-parkinsonism || Infantile neuroaxonal dystrophy;199351 || 35069;False
PLA2G6;O60733;3115;RHEA:40435;;;2;0;2;Adult-onset dystonia-parkinsonism || Infantile neuroaxonal dystrophy;199351 || 35069;False
PLA2G6;O60733;3115;RHEA:40463;;;2;0;2;Adult-onset dystonia-parkinsonism || Infantile neuroaxonal dystrophy;199351 || 35069;False
PLA2G6;O60733;3115;RHEA:40467;;;2;0;2;Adult-onset dystonia-parkinsonism || Infantile neuroaxonal dystrophy;199351 || 35069;False
PLA2G6;O60733;3115;RHEA:40479;;;2;0;2;Adult-onset dystonia-parkinsonism || Infantile neuroaxonal dystrophy;199351 || 35069;False
PLA2G6;O60733;3115;RHEA:40519;;;2;0;2;Adult-onset dystonia-parkinsonism || Infantile neuroaxonal dystrophy;199351 || 35069;False
PLA2G6;O60733;3115;RHEA:40811;;;2;0;2;Adult-onset dystonia-parkinsonism || Infantile neuroaxonal dystrophy;199351 || 35069;False
PLA2G6;O60733;3115;RHEA:40827;;;2;0;2;Adult-onset dystonia-parkinsonism || Infantile neuroaxonal dystrophy;199351 || 35069;False
PLA2G6;O60733;3115;RHEA:40831;;;2;0;2;Adult-onset dystonia-parkinsonism || Infantile neuroaxonal dystrophy;199351 || 35069;False
PLA2G6;O60733;3115;RHEA:41067;;;2;0;2;Adult-onset dystonia-parkinsonism || Infantile neuroaxonal dystrophy;199351 || 35069;False
PLA2G6;O60733;3115;RHEA:41223;;;2;0;2;Adult-onset dystonia-parkinsonism || Infantile neuroaxonal dystrophy;199351 || 35069;False
PLA2G6;O60733;3115;RHEA:52812;;;2;0;2;Adult-onset dystonia-parkinsonism || Infantile neuroaxonal dystrophy;199351 || 35069;False
PLA2G6;O60733;3115;RHEA:63256;;;2;0;2;Adult-onset dystonia-parkinsonism || Infantile neuroaxonal dystrophy;199351 || 35069;False
PLA2G6;O60733;3115;RHEA:63304;;;2;0;2;Adult-onset dystonia-parkinsonism || Infantile neuroaxonal dystrophy;199351 || 35069;False
PLA2G6;O60733;3122;RHEA:15177;;;2;0;2;Adult-onset dystonia-parkinsonism || Infantile neuroaxonal dystrophy;199351 || 35069;False
PLA2G6;O60733;3122;RHEA:15801;;;2;0;2;Adult-onset dystonia-parkinsonism || Infantile neuroaxonal dystrophy;199351 || 35069;False
PLA2G6;O60733;3122;RHEA:16645;;;2;0;2;Adult-onset dystonia-parkinsonism || Infantile neuroaxonal dystrophy;199351 || 35069;False
PLA2G6;O60733;3122;RHEA:36231;;;2;0;2;Adult-onset dystonia-parkinsonism || Infantile neuroaxonal dystrophy;199351 || 35069;False
PLA2G6;O60733;3122;RHEA:38779;;;2;0;2;Adult-onset dystonia-parkinsonism || Infantile neuroaxonal dystrophy;199351 || 35069;False
PLA2G6;O60733;3122;RHEA:40427;;;2;0;2;Adult-onset dystonia-parkinsonism || Infantile neuroaxonal dystrophy;199351 || 35069;False
PLA2G6;O60733;3122;RHEA:40431;;;2;0;2;Adult-onset dystonia-parkinsonism || Infantile neuroaxonal dystrophy;199351 || 35069;False
PLA2G6;O60733;3122;RHEA:40435;;;2;0;2;Adult-onset dystonia-parkinsonism || Infantile neuroaxonal dystrophy;199351 || 35069;False
PLA2G6;O60733;3122;RHEA:40463;;;2;0;2;Adult-onset dystonia-parkinsonism || Infantile neuroaxonal dystrophy;199351 || 35069;False
PLA2G6;O60733;3122;RHEA:40467;;;2;0;2;Adult-onset dystonia-parkinsonism || Infantile neuroaxonal dystrophy;199351 || 35069;False
PLA2G6;O60733;3122;RHEA:40479;;;2;0;2;Adult-onset dystonia-parkinsonism || Infantile neuroaxonal dystrophy;199351 || 35069;False
PLA2G6;O60733;3122;RHEA:40519;;;2;0;2;Adult-onset dystonia-parkinsonism || Infantile neuroaxonal dystrophy;199351 || 35069;False
PLA2G6;O60733;3122;RHEA:40811;;;2;0;2;Adult-onset dystonia-parkinsonism || Infantile neuroaxonal dystrophy;199351 || 35069;False
PLA2G6;O60733;3122;RHEA:40827;;;2;0;2;Adult-onset dystonia-parkinsonism || Infantile neuroaxonal dystrophy;199351 || 35069;False
PLA2G6;O60733;3122;RHEA:40831;;;2;0;2;Adult-onset dystonia-parkinsonism || Infantile neuroaxonal dystrophy;199351 || 35069;False
PLA2G6;O60733;3122;RHEA:41067;;;2;0;2;Adult-onset dystonia-parkinsonism || Infantile neuroaxonal dystrophy;199351 || 35069;False
PLA2G6;O60733;3122;RHEA:41223;;;2;0;2;Adult-onset dystonia-parkinsonism || Infantile neuroaxonal dystrophy;199351 || 35069;False
PLA2G6;O60733;3122;RHEA:52812;;;2;0;2;Adult-onset dystonia-parkinsonism || Infantile neuroaxonal dystrophy;199351 || 35069;False
PLA2G6;O60733;3122;RHEA:63256;;;2;0;2;Adult-onset dystonia-parkinsonism || Infantile neuroaxonal dystrophy;199351 || 35069;False
PLA2G6;O60733;3122;RHEA:63304;;;2;0;2;Adult-onset dystonia-parkinsonism || Infantile neuroaxonal dystrophy;199351 || 35069;False
PLCB1;Q9NQ66;31411;RHEA:33179;ca(2+);;2;0;2;Epilepsy of infancy with migrating focal seizures || Infantile epileptic spasms syndrome;293181 || 697160;False
PLCB1;Q9NQ66;31411;RHEA:43484;ca(2+);;2;0;2;Epilepsy of infancy with migrating focal seizures || Infantile epileptic spasms syndrome;293181 || 697160;False
PLCB3;Q01970;31411;RHEA:33179;ca(2+);;1;1;0;Spondylometaphyseal dysplasia-corneal dystrophy syndrome;589435;False
PLCB3;Q01970;31411;RHEA:43484;ca(2+);;1;1;0;Spondylometaphyseal dysplasia-corneal dystrophy syndrome;589435;False
PLCB4;Q15147;31411;RHEA:33179;ca(2+);;1;0;1;Auriculocondylar syndrome;137888;False
PLCB4;Q15147;31411;RHEA:43484;ca(2+);;1;0;1;Auriculocondylar syndrome;137888;False
PLCD1;P51178;31411;RHEA:33179;ca(2+);;1;0;1;Leukonychia totalis;2387;False
PLCD1;P51178;31411;RHEA:43484;ca(2+);;1;0;1;Leukonychia totalis;2387;False
PLCE1;Q9P212;31411;RHEA:33179;ca(2+);;1;0;1;Hereditary steroid-resistant nephrotic syndrome;656;False
PLCG2;P16885;31411;RHEA:33179;ca(2+);;2;2;0;Autoinflammation-PLCG2-associated antibody deficiency-immune dysregulation || PLCG2-associated antibody deficiency and immune dysregulation;300359 || 324530;False
PLCH1;Q4KWH8;31411;RHEA:33179;ca(2+);;1;0;1;Alobar holoprosencephaly;93925;False
PLD3;Q8IV08;31161;RHEA:81319;;;1;1;0;Spinocerebellar ataxia type 46;589522;False
PLD3;Q8IV08;31161;RHEA:81375;;;1;1;0;Spinocerebellar ataxia type 46;589522;False
PLD3;Q8IV08;31161;RHEA:81379;;;1;1;0;Spinocerebellar ataxia type 46;589522;False
PLD3;Q8IV08;31161;RHEA:82335;;;1;1;0;Spinocerebellar ataxia type 46;589522;False
PLD3;Q8IV08;31161;RHEA:82563;;;1;1;0;Spinocerebellar ataxia type 46;589522;False
PLD3;Q8IV08;31161;RHEA:82567;;;1;1;0;Spinocerebellar ataxia type 46;589522;False
PLD3;Q8IV08;314-;RHEA:81319;;;1;1;0;Spinocerebellar ataxia type 46;589522;False
PLD3;Q8IV08;314-;RHEA:81375;;;1;1;0;Spinocerebellar ataxia type 46;589522;False
PLD3;Q8IV08;314-;RHEA:81379;;;1;1;0;Spinocerebellar ataxia type 46;589522;False
PLD3;Q8IV08;314-;RHEA:82335;;;1;1;0;Spinocerebellar ataxia type 46;589522;False
PLD3;Q8IV08;314-;RHEA:82563;;;1;1;0;Spinocerebellar ataxia type 46;589522;False
PLD3;Q8IV08;314-;RHEA:82567;;;1;1;0;Spinocerebellar ataxia type 46;589522;False
PLK4;O00444;271121;RHEA:17989;;;2;0;2;Autosomal recessive chorioretinopathy-microcephaly syndrome || Seckel syndrome;2518 || 808;False
PLK4;O00444;271121;RHEA:46608;;;2;0;2;Autosomal recessive chorioretinopathy-microcephaly syndrome || Seckel syndrome;2518 || 808;False
PLOD1;Q02809;114114;RHEA:16569;fe(2+);;1;0;1;Kyphoscoliotic Ehlers-Danlos syndrome due to lysyl hydroxylase 1 deficiency;1900;False
PLOD2;O00469;114114;RHEA:16569;fe(2+);;1;0;1;Bruck syndrome;2771;False
PLOD3;O60568;114114;RHEA:12576;"fe(2+);l-ascorbate;mn(2+)";;1;1;0;Connective tissue disorder due to lysyl hydroxylase-3 deficiency;300284;False
PLOD3;O60568;114114;RHEA:12637;"fe(2+);l-ascorbate;mn(2+)";;1;1;0;Connective tissue disorder due to lysyl hydroxylase-3 deficiency;300284;False
PLOD3;O60568;114114;RHEA:16569;fe(2+);;1;1;0;Connective tissue disorder due to lysyl hydroxylase-3 deficiency;300284;False
PLOD3;O60568;24150;RHEA:12576;"fe(2+);l-ascorbate;mn(2+)";;1;1;0;Connective tissue disorder due to lysyl hydroxylase-3 deficiency;300284;False
PLOD3;O60568;24150;RHEA:12637;"fe(2+);l-ascorbate;mn(2+)";;1;1;0;Connective tissue disorder due to lysyl hydroxylase-3 deficiency;300284;False
PLOD3;O60568;24150;RHEA:16569;"fe(2+);l-ascorbate;mn(2+)";;1;1;0;Connective tissue disorder due to lysyl hydroxylase-3 deficiency;300284;False
PLOD3;O60568;24166;RHEA:12576;"fe(2+);l-ascorbate;mn(2+)";;1;1;0;Connective tissue disorder due to lysyl hydroxylase-3 deficiency;300284;False
PLOD3;O60568;24166;RHEA:12637;"fe(2+);l-ascorbate;mn(2+)";;1;1;0;Connective tissue disorder due to lysyl hydroxylase-3 deficiency;300284;False
PLOD3;O60568;24166;RHEA:16569;"fe(2+);l-ascorbate;mn(2+)";;1;1;0;Connective tissue disorder due to lysyl hydroxylase-3 deficiency;300284;False
PMM2;O15305;5428;RHEA:11140;;;1;0;1;PMM2-CDG;79318;False
PMVK;Q15126;2742;RHEA:16341;;;1;0;1;Porokeratosis of Mibelli;735;False
PNKP;Q96T60;27178;RHEA:14113;;;3;1;2;Ataxia-oculomotor apraxia type 4 || Charcot-Marie-Tooth disease type 2B2 || Early infantile developmental and epileptic encephalopathy;101101 || 1934 || 459033;True
PNKP;Q96T60;27178;RHEA:15669;;;3;1;2;Ataxia-oculomotor apraxia type 4 || Charcot-Marie-Tooth disease type 2B2 || Early infantile developmental and epileptic encephalopathy;101101 || 1934 || 459033;True
PNKP;Q96T60;31332;RHEA:14113;;;3;1;2;Ataxia-oculomotor apraxia type 4 || Charcot-Marie-Tooth disease type 2B2 || Early infantile developmental and epileptic encephalopathy;101101 || 1934 || 459033;True
PNKP;Q96T60;31332;RHEA:15669;;;3;1;2;Ataxia-oculomotor apraxia type 4 || Charcot-Marie-Tooth disease type 2B2 || Early infantile developmental and epileptic encephalopathy;101101 || 1934 || 459033;True
PNP;P00491;2421;RHEA:13233;;;1;0;1;Purine nucleoside phosphorylase deficiency;760;False
PNP;P00491;2421;RHEA:27646;;;1;0;1;Purine nucleoside phosphorylase deficiency;760;False
PNP;P00491;2421;RHEA:27738;;;1;0;1;Purine nucleoside phosphorylase deficiency;760;False
PNP;P00491;2421;RHEA:27750;;;1;0;1;Purine nucleoside phosphorylase deficiency;760;False
PNPLA1;Q8N8W4;231296;RHEA:55264;;;1;0;1;Congenital ichthyosiform erythroderma;79394;False
PNPLA1;Q8N8W4;231296;RHEA:61528;;;1;0;1;Congenital ichthyosiform erythroderma;79394;False
PNPLA1;Q8N8W4;231296;RHEA:65648;;;1;0;1;Congenital ichthyosiform erythroderma;79394;False
PNPLA1;Q8N8W4;231296;RHEA:65652;;;1;0;1;Congenital ichthyosiform erythroderma;79394;False
PNPLA1;Q8N8W4;231296;RHEA:65668;;;1;0;1;Congenital ichthyosiform erythroderma;79394;False
PNPLA1;Q8N8W4;231296;RHEA:65672;;;1;0;1;Congenital ichthyosiform erythroderma;79394;False
PNPLA1;Q8N8W4;231296;RHEA:65676;;;1;0;1;Congenital ichthyosiform erythroderma;79394;False
PNPLA1;Q8N8W4;231296;RHEA:65680;;;1;0;1;Congenital ichthyosiform erythroderma;79394;False
PNPLA1;Q8N8W4;231296;RHEA:65684;;;1;0;1;Congenital ichthyosiform erythroderma;79394;False
PNPLA1;Q8N8W4;231296;RHEA:65688;;;1;0;1;Congenital ichthyosiform erythroderma;79394;False
PNPLA1;Q8N8W4;231296;RHEA:65692;;;1;0;1;Congenital ichthyosiform erythroderma;79394;False
PNPLA2;Q96AD5;3113;RHEA:12044;;;2;0;2;Neutral lipid storage disease with myopathy || Primary triglyceride deposit cardiomyovasculopathy;565612 || 98908;False
PNPLA2;Q96AD5;3113;RHEA:15801;;;2;0;2;Neutral lipid storage disease with myopathy || Primary triglyceride deposit cardiomyovasculopathy;565612 || 98908;False
PNPLA2;Q96AD5;3113;RHEA:35667;;;2;0;2;Neutral lipid storage disease with myopathy || Primary triglyceride deposit cardiomyovasculopathy;565612 || 98908;False
PNPLA2;Q96AD5;3113;RHEA:38323;;;2;0;2;Neutral lipid storage disease with myopathy || Primary triglyceride deposit cardiomyovasculopathy;565612 || 98908;False
PNPLA2;Q96AD5;3113;RHEA:38327;;;2;0;2;Neutral lipid storage disease with myopathy || Primary triglyceride deposit cardiomyovasculopathy;565612 || 98908;False
PNPLA2;Q96AD5;3113;RHEA:38331;;;2;0;2;Neutral lipid storage disease with myopathy || Primary triglyceride deposit cardiomyovasculopathy;565612 || 98908;False
PNPLA2;Q96AD5;3113;RHEA:38379;;;2;0;2;Neutral lipid storage disease with myopathy || Primary triglyceride deposit cardiomyovasculopathy;565612 || 98908;False
PNPLA2;Q96AD5;3113;RHEA:38387;;;2;0;2;Neutral lipid storage disease with myopathy || Primary triglyceride deposit cardiomyovasculopathy;565612 || 98908;False
PNPLA2;Q96AD5;3113;RHEA:38391;;;2;0;2;Neutral lipid storage disease with myopathy || Primary triglyceride deposit cardiomyovasculopathy;565612 || 98908;False
PNPLA2;Q96AD5;3113;RHEA:38395;;;2;0;2;Neutral lipid storage disease with myopathy || Primary triglyceride deposit cardiomyovasculopathy;565612 || 98908;False
PNPLA2;Q96AD5;3113;RHEA:38399;;;2;0;2;Neutral lipid storage disease with myopathy || Primary triglyceride deposit cardiomyovasculopathy;565612 || 98908;False
PNPLA2;Q96AD5;3113;RHEA:38403;;;2;0;2;Neutral lipid storage disease with myopathy || Primary triglyceride deposit cardiomyovasculopathy;565612 || 98908;False
PNPLA2;Q96AD5;3113;RHEA:38407;;;2;0;2;Neutral lipid storage disease with myopathy || Primary triglyceride deposit cardiomyovasculopathy;565612 || 98908;False
PNPLA2;Q96AD5;3113;RHEA:38411;;;2;0;2;Neutral lipid storage disease with myopathy || Primary triglyceride deposit cardiomyovasculopathy;565612 || 98908;False
PNPLA2;Q96AD5;3113;RHEA:38415;;;2;0;2;Neutral lipid storage disease with myopathy || Primary triglyceride deposit cardiomyovasculopathy;565612 || 98908;False
PNPLA2;Q96AD5;3113;RHEA:38419;;;2;0;2;Neutral lipid storage disease with myopathy || Primary triglyceride deposit cardiomyovasculopathy;565612 || 98908;False
PNPLA2;Q96AD5;3113;RHEA:38423;;;2;0;2;Neutral lipid storage disease with myopathy || Primary triglyceride deposit cardiomyovasculopathy;565612 || 98908;False
PNPLA2;Q96AD5;3113;RHEA:38427;;;2;0;2;Neutral lipid storage disease with myopathy || Primary triglyceride deposit cardiomyovasculopathy;565612 || 98908;False
PNPLA2;Q96AD5;3113;RHEA:38431;;;2;0;2;Neutral lipid storage disease with myopathy || Primary triglyceride deposit cardiomyovasculopathy;565612 || 98908;False
PNPLA2;Q96AD5;3113;RHEA:38495;;;2;0;2;Neutral lipid storage disease with myopathy || Primary triglyceride deposit cardiomyovasculopathy;565612 || 98908;False
PNPLA2;Q96AD5;3113;RHEA:38499;;;2;0;2;Neutral lipid storage disease with myopathy || Primary triglyceride deposit cardiomyovasculopathy;565612 || 98908;False
PNPLA2;Q96AD5;3113;RHEA:38643;;;2;0;2;Neutral lipid storage disease with myopathy || Primary triglyceride deposit cardiomyovasculopathy;565612 || 98908;False
PNPLA2;Q96AD5;3113;RHEA:38647;;;2;0;2;Neutral lipid storage disease with myopathy || Primary triglyceride deposit cardiomyovasculopathy;565612 || 98908;False
PNPLA2;Q96AD5;3113;RHEA:39987;;;2;0;2;Neutral lipid storage disease with myopathy || Primary triglyceride deposit cardiomyovasculopathy;565612 || 98908;False
PNPLA2;Q96AD5;3113;RHEA:43732;;;2;0;2;Neutral lipid storage disease with myopathy || Primary triglyceride deposit cardiomyovasculopathy;565612 || 98908;False
PNPLA2;Q96AD5;3113;RHEA:44432;;;2;0;2;Neutral lipid storage disease with myopathy || Primary triglyceride deposit cardiomyovasculopathy;565612 || 98908;False
PNPLA2;Q96AD5;3113;RHEA:44436;;;2;0;2;Neutral lipid storage disease with myopathy || Primary triglyceride deposit cardiomyovasculopathy;565612 || 98908;False
PNPLA2;Q96AD5;3113;RHEA:44440;;;2;0;2;Neutral lipid storage disease with myopathy || Primary triglyceride deposit cardiomyovasculopathy;565612 || 98908;False
PNPLA2;Q96AD5;3113;RHEA:44676;;;2;0;2;Neutral lipid storage disease with myopathy || Primary triglyceride deposit cardiomyovasculopathy;565612 || 98908;False
PNPLA2;Q96AD5;3113;RHEA:75011;;;2;0;2;Neutral lipid storage disease with myopathy || Primary triglyceride deposit cardiomyovasculopathy;565612 || 98908;False
PNPLA2;Q96AD5;3113;RHEA:75015;;;2;0;2;Neutral lipid storage disease with myopathy || Primary triglyceride deposit cardiomyovasculopathy;565612 || 98908;False
PNPLA2;Q96AD5;3113;RHEA:75019;;;2;0;2;Neutral lipid storage disease with myopathy || Primary triglyceride deposit cardiomyovasculopathy;565612 || 98908;False
PNPLA2;Q96AD5;3113;RHEA:75023;;;2;0;2;Neutral lipid storage disease with myopathy || Primary triglyceride deposit cardiomyovasculopathy;565612 || 98908;False
PNPLA2;Q96AD5;3113;RHEA:75027;;;2;0;2;Neutral lipid storage disease with myopathy || Primary triglyceride deposit cardiomyovasculopathy;565612 || 98908;False
PNPLA2;Q96AD5;3113;RHEA:75031;;;2;0;2;Neutral lipid storage disease with myopathy || Primary triglyceride deposit cardiomyovasculopathy;565612 || 98908;False
PNPLA2;Q96AD5;3113;RHEA:75035;;;2;0;2;Neutral lipid storage disease with myopathy || Primary triglyceride deposit cardiomyovasculopathy;565612 || 98908;False
PNPLA2;Q96AD5;3114;RHEA:12044;;;2;0;2;Neutral lipid storage disease with myopathy || Primary triglyceride deposit cardiomyovasculopathy;565612 || 98908;False
PNPLA2;Q96AD5;3114;RHEA:15801;;;2;0;2;Neutral lipid storage disease with myopathy || Primary triglyceride deposit cardiomyovasculopathy;565612 || 98908;False
PNPLA2;Q96AD5;3114;RHEA:35667;;;2;0;2;Neutral lipid storage disease with myopathy || Primary triglyceride deposit cardiomyovasculopathy;565612 || 98908;False
PNPLA2;Q96AD5;3114;RHEA:38323;;;2;0;2;Neutral lipid storage disease with myopathy || Primary triglyceride deposit cardiomyovasculopathy;565612 || 98908;False
PNPLA2;Q96AD5;3114;RHEA:38327;;;2;0;2;Neutral lipid storage disease with myopathy || Primary triglyceride deposit cardiomyovasculopathy;565612 || 98908;False
PNPLA2;Q96AD5;3114;RHEA:38331;;;2;0;2;Neutral lipid storage disease with myopathy || Primary triglyceride deposit cardiomyovasculopathy;565612 || 98908;False
PNPLA2;Q96AD5;3114;RHEA:38379;;;2;0;2;Neutral lipid storage disease with myopathy || Primary triglyceride deposit cardiomyovasculopathy;565612 || 98908;False
PNPLA2;Q96AD5;3114;RHEA:38387;;;2;0;2;Neutral lipid storage disease with myopathy || Primary triglyceride deposit cardiomyovasculopathy;565612 || 98908;False
PNPLA2;Q96AD5;3114;RHEA:38391;;;2;0;2;Neutral lipid storage disease with myopathy || Primary triglyceride deposit cardiomyovasculopathy;565612 || 98908;False
PNPLA2;Q96AD5;3114;RHEA:38395;;;2;0;2;Neutral lipid storage disease with myopathy || Primary triglyceride deposit cardiomyovasculopathy;565612 || 98908;False
PNPLA2;Q96AD5;3114;RHEA:38399;;;2;0;2;Neutral lipid storage disease with myopathy || Primary triglyceride deposit cardiomyovasculopathy;565612 || 98908;False
PNPLA2;Q96AD5;3114;RHEA:38403;;;2;0;2;Neutral lipid storage disease with myopathy || Primary triglyceride deposit cardiomyovasculopathy;565612 || 98908;False
PNPLA2;Q96AD5;3114;RHEA:38407;;;2;0;2;Neutral lipid storage disease with myopathy || Primary triglyceride deposit cardiomyovasculopathy;565612 || 98908;False
PNPLA2;Q96AD5;3114;RHEA:38411;;;2;0;2;Neutral lipid storage disease with myopathy || Primary triglyceride deposit cardiomyovasculopathy;565612 || 98908;False
PNPLA2;Q96AD5;3114;RHEA:38415;;;2;0;2;Neutral lipid storage disease with myopathy || Primary triglyceride deposit cardiomyovasculopathy;565612 || 98908;False
PNPLA2;Q96AD5;3114;RHEA:38419;;;2;0;2;Neutral lipid storage disease with myopathy || Primary triglyceride deposit cardiomyovasculopathy;565612 || 98908;False
PNPLA2;Q96AD5;3114;RHEA:38423;;;2;0;2;Neutral lipid storage disease with myopathy || Primary triglyceride deposit cardiomyovasculopathy;565612 || 98908;False
PNPLA2;Q96AD5;3114;RHEA:38427;;;2;0;2;Neutral lipid storage disease with myopathy || Primary triglyceride deposit cardiomyovasculopathy;565612 || 98908;False
PNPLA2;Q96AD5;3114;RHEA:38431;;;2;0;2;Neutral lipid storage disease with myopathy || Primary triglyceride deposit cardiomyovasculopathy;565612 || 98908;False
PNPLA2;Q96AD5;3114;RHEA:38495;;;2;0;2;Neutral lipid storage disease with myopathy || Primary triglyceride deposit cardiomyovasculopathy;565612 || 98908;False
PNPLA2;Q96AD5;3114;RHEA:38499;;;2;0;2;Neutral lipid storage disease with myopathy || Primary triglyceride deposit cardiomyovasculopathy;565612 || 98908;False
PNPLA2;Q96AD5;3114;RHEA:38643;;;2;0;2;Neutral lipid storage disease with myopathy || Primary triglyceride deposit cardiomyovasculopathy;565612 || 98908;False
PNPLA2;Q96AD5;3114;RHEA:38647;;;2;0;2;Neutral lipid storage disease with myopathy || Primary triglyceride deposit cardiomyovasculopathy;565612 || 98908;False
PNPLA2;Q96AD5;3114;RHEA:39987;;;2;0;2;Neutral lipid storage disease with myopathy || Primary triglyceride deposit cardiomyovasculopathy;565612 || 98908;False
PNPLA2;Q96AD5;3114;RHEA:43732;;;2;0;2;Neutral lipid storage disease with myopathy || Primary triglyceride deposit cardiomyovasculopathy;565612 || 98908;False
PNPLA2;Q96AD5;3114;RHEA:44432;;;2;0;2;Neutral lipid storage disease with myopathy || Primary triglyceride deposit cardiomyovasculopathy;565612 || 98908;False
PNPLA2;Q96AD5;3114;RHEA:44436;;;2;0;2;Neutral lipid storage disease with myopathy || Primary triglyceride deposit cardiomyovasculopathy;565612 || 98908;False
PNPLA2;Q96AD5;3114;RHEA:44440;;;2;0;2;Neutral lipid storage disease with myopathy || Primary triglyceride deposit cardiomyovasculopathy;565612 || 98908;False
PNPLA2;Q96AD5;3114;RHEA:44676;;;2;0;2;Neutral lipid storage disease with myopathy || Primary triglyceride deposit cardiomyovasculopathy;565612 || 98908;False
PNPLA2;Q96AD5;3114;RHEA:75011;;;2;0;2;Neutral lipid storage disease with myopathy || Primary triglyceride deposit cardiomyovasculopathy;565612 || 98908;False
PNPLA2;Q96AD5;3114;RHEA:75015;;;2;0;2;Neutral lipid storage disease with myopathy || Primary triglyceride deposit cardiomyovasculopathy;565612 || 98908;False
PNPLA2;Q96AD5;3114;RHEA:75019;;;2;0;2;Neutral lipid storage disease with myopathy || Primary triglyceride deposit cardiomyovasculopathy;565612 || 98908;False
PNPLA2;Q96AD5;3114;RHEA:75023;;;2;0;2;Neutral lipid storage disease with myopathy || Primary triglyceride deposit cardiomyovasculopathy;565612 || 98908;False
PNPLA2;Q96AD5;3114;RHEA:75027;;;2;0;2;Neutral lipid storage disease with myopathy || Primary triglyceride deposit cardiomyovasculopathy;565612 || 98908;False
PNPLA2;Q96AD5;3114;RHEA:75031;;;2;0;2;Neutral lipid storage disease with myopathy || Primary triglyceride deposit cardiomyovasculopathy;565612 || 98908;False
PNPLA2;Q96AD5;3114;RHEA:75035;;;2;0;2;Neutral lipid storage disease with myopathy || Primary triglyceride deposit cardiomyovasculopathy;565612 || 98908;False
PNPLA6;Q8IY17;3115;RHEA:15177;;;5;0;5;Ataxia-hypogonadism-choroidal dystrophy syndrome || Autosomal recessive spastic paraplegia type 39 || Cerebellar ataxia-hypogonadism syndrome || Laurence-Moon syndrome || Trichomegaly-retina pigmentary degeneration-dwarfism syndrome;1173 || 1180 || 139480 || 2377 || 3363;False
PNPLA6;Q8IY17;3115;RHEA:26132;;;5;0;5;Ataxia-hypogonadism-choroidal dystrophy syndrome || Autosomal recessive spastic paraplegia type 39 || Cerebellar ataxia-hypogonadism syndrome || Laurence-Moon syndrome || Trichomegaly-retina pigmentary degeneration-dwarfism syndrome;1173 || 1180 || 139480 || 2377 || 3363;False
PNPLA6;Q8IY17;3115;RHEA:38487;;;5;0;5;Ataxia-hypogonadism-choroidal dystrophy syndrome || Autosomal recessive spastic paraplegia type 39 || Cerebellar ataxia-hypogonadism syndrome || Laurence-Moon syndrome || Trichomegaly-retina pigmentary degeneration-dwarfism syndrome;1173 || 1180 || 139480 || 2377 || 3363;False
PNPLA6;Q8IY17;3115;RHEA:38491;;;5;0;5;Ataxia-hypogonadism-choroidal dystrophy syndrome || Autosomal recessive spastic paraplegia type 39 || Cerebellar ataxia-hypogonadism syndrome || Laurence-Moon syndrome || Trichomegaly-retina pigmentary degeneration-dwarfism syndrome;1173 || 1180 || 139480 || 2377 || 3363;False
PNPLA6;Q8IY17;3115;RHEA:39959;;;5;0;5;Ataxia-hypogonadism-choroidal dystrophy syndrome || Autosomal recessive spastic paraplegia type 39 || Cerebellar ataxia-hypogonadism syndrome || Laurence-Moon syndrome || Trichomegaly-retina pigmentary degeneration-dwarfism syndrome;1173 || 1180 || 139480 || 2377 || 3363;False
PNPLA6;Q8IY17;3115;RHEA:39963;;;5;0;5;Ataxia-hypogonadism-choroidal dystrophy syndrome || Autosomal recessive spastic paraplegia type 39 || Cerebellar ataxia-hypogonadism syndrome || Laurence-Moon syndrome || Trichomegaly-retina pigmentary degeneration-dwarfism syndrome;1173 || 1180 || 139480 || 2377 || 3363;False
PNPLA6;Q8IY17;3115;RHEA:40435;;;5;0;5;Ataxia-hypogonadism-choroidal dystrophy syndrome || Autosomal recessive spastic paraplegia type 39 || Cerebellar ataxia-hypogonadism syndrome || Laurence-Moon syndrome || Trichomegaly-retina pigmentary degeneration-dwarfism syndrome;1173 || 1180 || 139480 || 2377 || 3363;False
PNPLA6;Q8IY17;3115;RHEA:40807;;;5;0;5;Ataxia-hypogonadism-choroidal dystrophy syndrome || Autosomal recessive spastic paraplegia type 39 || Cerebellar ataxia-hypogonadism syndrome || Laurence-Moon syndrome || Trichomegaly-retina pigmentary degeneration-dwarfism syndrome;1173 || 1180 || 139480 || 2377 || 3363;False
PNPLA6;Q8IY17;3115;RHEA:49092;;;5;0;5;Ataxia-hypogonadism-choroidal dystrophy syndrome || Autosomal recessive spastic paraplegia type 39 || Cerebellar ataxia-hypogonadism syndrome || Laurence-Moon syndrome || Trichomegaly-retina pigmentary degeneration-dwarfism syndrome;1173 || 1180 || 139480 || 2377 || 3363;False
PNPO;Q9NVS9;1435;RHEA:15149;fmn;;1;0;1;Pyridoxamine-5-phosphate deficiency-developmental and epileptic encephalopathy;79096;False
PNPO;Q9NVS9;1435;RHEA:15817;fmn;;1;0;1;Pyridoxamine-5-phosphate deficiency-developmental and epileptic encephalopathy;79096;False
PNPT1;Q8TCS8;2778;RHEA:22096;;;3;1;2;Combined oxidative phosphorylation defect type 13 || Rare autosomal recessive non-syndromic sensorineural deafness type DFNB || Spinocerebellar ataxia type 25;101111 || 319514 || 90636;True
POFUT1;Q9H488;241221;RHEA:63644;;;1;0;1;Dowling-Degos disease;79145;False
POFUT1;Q9H488;241221;RHEA:70491;;;1;0;1;Dowling-Degos disease;79145;False
POGLUT1;Q8NBL1;241376;RHEA:58116;;;2;1;1;Dowling-Degos disease || POGLUT1-related limb-girdle muscular dystrophy R21;480682 || 79145;True
POGLUT1;Q8NBL1;241376;RHEA:62016;;;2;1;1;Dowling-Degos disease || POGLUT1-related limb-girdle muscular dystrophy R21;480682 || 79145;True
POGLUT1;Q8NBL1;24263;RHEA:58116;;;2;1;1;Dowling-Degos disease || POGLUT1-related limb-girdle muscular dystrophy R21;480682 || 79145;True
POGLUT1;Q8NBL1;24263;RHEA:62016;;;2;1;1;Dowling-Degos disease || POGLUT1-related limb-girdle muscular dystrophy R21;480682 || 79145;True
POLA1;P09884;2777;RHEA:22508;mg(2+);;2;1;1;X-linked intellectual disability, Van Esch type || X-linked reticulate pigmentary disorder;163976 || 85453;True
POLD1;P28340;2777;RHEA:22508;mg(2+);;3;1;2;Familial colorectal cancer Type X || Mandibular hypoplasia-deafness-progeroid features-lipodystrophy syndrome || Polymerase proofreading-related polyposis;363649 || 440437 || 447877;True
POLD1;P28340;3111-;RHEA:22508;[4fe-4s] cluster;;3;1;2;Familial colorectal cancer Type X || Mandibular hypoplasia-deafness-progeroid features-lipodystrophy syndrome || Polymerase proofreading-related polyposis;363649 || 440437 || 447877;True
POLE;Q07864;2777;RHEA:22508;mg(2+);;4;1;3;Facial dysmorphism-immunodeficiency-livedo-short stature syndrome || Familial colorectal cancer Type X || IMAGe syndrome || Polymerase proofreading-related polyposis;352712 || 440437 || 447877 || 85173;True
POLE;Q07864;3111-;RHEA:22508;;;4;1;3;Facial dysmorphism-immunodeficiency-livedo-short stature syndrome || Familial colorectal cancer Type X || IMAGe syndrome || Polymerase proofreading-related polyposis;352712 || 440437 || 447877 || 85173;True
POLG;P54098;2777;RHEA:22508;mg(2+);;8;1;7;Alpers-Huttenlocher syndrome || Autosomal dominant progressive external ophthalmoplegia || Autosomal recessive progressive external ophthalmoplegia || Mitochondrial neurogastrointestinal encephalomyopathy || Progressive myoclonic epilepsy type 5 || Recessive mitochondrial ataxia syndrome || Sensory ataxic neuropathy-dysarthria-ophthalmoparesis syndrome || Spinocerebellar ataxia with epilepsy;254881 || 254886 || 254892 || 298 || 402082 || 70595 || 726 || 94125;True
POLG;P54098;2777;RHEA:76255;mg(2+);;8;1;7;Alpers-Huttenlocher syndrome || Autosomal dominant progressive external ophthalmoplegia || Autosomal recessive progressive external ophthalmoplegia || Mitochondrial neurogastrointestinal encephalomyopathy || Progressive myoclonic epilepsy type 5 || Recessive mitochondrial ataxia syndrome || Sensory ataxic neuropathy-dysarthria-ophthalmoparesis syndrome || Spinocerebellar ataxia with epilepsy;254881 || 254886 || 254892 || 298 || 402082 || 70595 || 726 || 94125;True
POLG;P54098;2777;RHEA:77911;mg(2+);;8;1;7;Alpers-Huttenlocher syndrome || Autosomal dominant progressive external ophthalmoplegia || Autosomal recessive progressive external ophthalmoplegia || Mitochondrial neurogastrointestinal encephalomyopathy || Progressive myoclonic epilepsy type 5 || Recessive mitochondrial ataxia syndrome || Sensory ataxic neuropathy-dysarthria-ophthalmoparesis syndrome || Spinocerebellar ataxia with epilepsy;254881 || 254886 || 254892 || 298 || 402082 || 70595 || 726 || 94125;True
POLG;P54098;3111-;RHEA:22508;mg(2+);;8;1;7;Alpers-Huttenlocher syndrome || Autosomal dominant progressive external ophthalmoplegia || Autosomal recessive progressive external ophthalmoplegia || Mitochondrial neurogastrointestinal encephalomyopathy || Progressive myoclonic epilepsy type 5 || Recessive mitochondrial ataxia syndrome || Sensory ataxic neuropathy-dysarthria-ophthalmoparesis syndrome || Spinocerebellar ataxia with epilepsy;254881 || 254886 || 254892 || 298 || 402082 || 70595 || 726 || 94125;True
POLG;P54098;3111-;RHEA:76255;mg(2+);;8;1;7;Alpers-Huttenlocher syndrome || Autosomal dominant progressive external ophthalmoplegia || Autosomal recessive progressive external ophthalmoplegia || Mitochondrial neurogastrointestinal encephalomyopathy || Progressive myoclonic epilepsy type 5 || Recessive mitochondrial ataxia syndrome || Sensory ataxic neuropathy-dysarthria-ophthalmoparesis syndrome || Spinocerebellar ataxia with epilepsy;254881 || 254886 || 254892 || 298 || 402082 || 70595 || 726 || 94125;True
POLG;P54098;3111-;RHEA:77911;mg(2+);;8;1;7;Alpers-Huttenlocher syndrome || Autosomal dominant progressive external ophthalmoplegia || Autosomal recessive progressive external ophthalmoplegia || Mitochondrial neurogastrointestinal encephalomyopathy || Progressive myoclonic epilepsy type 5 || Recessive mitochondrial ataxia syndrome || Sensory ataxic neuropathy-dysarthria-ophthalmoparesis syndrome || Spinocerebellar ataxia with epilepsy;254881 || 254886 || 254892 || 298 || 402082 || 70595 || 726 || 94125;True
POLG;P54098;4299-;RHEA:22508;mg(2+);;8;1;7;Alpers-Huttenlocher syndrome || Autosomal dominant progressive external ophthalmoplegia || Autosomal recessive progressive external ophthalmoplegia || Mitochondrial neurogastrointestinal encephalomyopathy || Progressive myoclonic epilepsy type 5 || Recessive mitochondrial ataxia syndrome || Sensory ataxic neuropathy-dysarthria-ophthalmoparesis syndrome || Spinocerebellar ataxia with epilepsy;254881 || 254886 || 254892 || 298 || 402082 || 70595 || 726 || 94125;True
POLG;P54098;4299-;RHEA:76255;mg(2+);;8;1;7;Alpers-Huttenlocher syndrome || Autosomal dominant progressive external ophthalmoplegia || Autosomal recessive progressive external ophthalmoplegia || Mitochondrial neurogastrointestinal encephalomyopathy || Progressive myoclonic epilepsy type 5 || Recessive mitochondrial ataxia syndrome || Sensory ataxic neuropathy-dysarthria-ophthalmoparesis syndrome || Spinocerebellar ataxia with epilepsy;254881 || 254886 || 254892 || 298 || 402082 || 70595 || 726 || 94125;True
POLG;P54098;4299-;RHEA:77911;mg(2+);;8;1;7;Alpers-Huttenlocher syndrome || Autosomal dominant progressive external ophthalmoplegia || Autosomal recessive progressive external ophthalmoplegia || Mitochondrial neurogastrointestinal encephalomyopathy || Progressive myoclonic epilepsy type 5 || Recessive mitochondrial ataxia syndrome || Sensory ataxic neuropathy-dysarthria-ophthalmoparesis syndrome || Spinocerebellar ataxia with epilepsy;254881 || 254886 || 254892 || 298 || 402082 || 70595 || 726 || 94125;True
POLH;Q9Y253;2777;RHEA:22508;mg(2+);;1;0;1;Xeroderma pigmentosum variant;90342;False
POLR1A;O95602;2776;RHEA:21248;mg(2+);;1;0;1;Burn-McKeown syndrome;1200;False
POLR1B;Q9H9Y6;2776;RHEA:21248;mg(2+);;1;0;1;Treacher-Collins syndrome;861;False
POLR2A;P24928;27748;RHEA:21248;mg(2+);;1;1;0;Developmental delay-white matter abnormalities-strabismus-recurrent respiratory tract infections syndrome;708208;False
POLR2A;P24928;27748;RHEA:77763;mg(2+);;1;1;0;Developmental delay-white matter abnormalities-strabismus-recurrent respiratory tract infections syndrome;708208;False
POLR2A;P24928;2776;RHEA:21248;mg(2+);;1;1;0;Developmental delay-white matter abnormalities-strabismus-recurrent respiratory tract infections syndrome;708208;False
POLR2A;P24928;2776;RHEA:77763;mg(2+);;1;1;0;Developmental delay-white matter abnormalities-strabismus-recurrent respiratory tract infections syndrome;708208;False
POLR2A;P24928;3113-;RHEA:21248;mg(2+);;1;1;0;Developmental delay-white matter abnormalities-strabismus-recurrent respiratory tract infections syndrome;708208;False
POLR2A;P24928;3113-;RHEA:77763;mg(2+);;1;1;0;Developmental delay-white matter abnormalities-strabismus-recurrent respiratory tract infections syndrome;708208;False
POLR3A;O14802;2776;RHEA:21248;mg(2+);;6;3;3;Hypomyelinating leukodystrophy-ataxia-hypodontia-hypomyelination syndrome || Hypomyelination-cerebellar atrophy-hypoplasia of the corpus callosum syndrome || Hypomyelination-hypogonadotropic hypogonadism-hypodontia syndrome || Odontoleukodystrophy || Tremor-ataxia-central hypomyelination syndrome || Wiedemann-Rautenstrauch syndrome;137639 || 3455 || 447893 || 447896 || 77295 || 88637;True
POLR3B;Q9NW08;2776;RHEA:21248;mg(2+);;2;1;1;Endosteal sclerosis-cerebellar hypoplasia syndrome || Hypomyelination-hypogonadotropic hypogonadism-hypodontia syndrome;85186 || 88637;True
POMGNT2;Q8NAT1;241312;RHEA:37663;;;1;0;1;Walker-Warburg syndrome;899;False
POMK;Q9H5K3;271183;RHEA:52616;;;3;1;2;Congenital muscular dystrophy with cerebellar involvement || Limb-girdle muscular dystrophy due to POMK deficiency || Walker-Warburg syndrome;370959 || 445110 || 899;True
POMT1;Q9Y6A1;241109;RHEA:17377;;;6;0;6;Congenital muscular dystrophy with cerebellar involvement || Congenital muscular dystrophy with intellectual disability || Congenital muscular dystrophy without intellectual disability || Muscle-eye-brain disease || POMT1-related limb-girdle muscular dystrophy R11 || Walker-Warburg syndrome;370959 || 370968 || 370980 || 588 || 86812 || 899;False
POMT1;Q9Y6A1;241109;RHEA:53396;;;6;0;6;Congenital muscular dystrophy with cerebellar involvement || Congenital muscular dystrophy with intellectual disability || Congenital muscular dystrophy without intellectual disability || Muscle-eye-brain disease || POMT1-related limb-girdle muscular dystrophy R11 || Walker-Warburg syndrome;370959 || 370968 || 370980 || 588 || 86812 || 899;False
POMT2;Q9UKY4;241109;RHEA:17377;;;5;0;5;Congenital muscular dystrophy with cerebellar involvement || Congenital muscular dystrophy with intellectual disability || Muscle-eye-brain disease || POMT2-related limb-girdle muscular dystrophy R14 || Walker-Warburg syndrome;206559 || 370959 || 370968 || 588 || 899;False
POMT2;Q9UKY4;241109;RHEA:53396;;;5;0;5;Congenital muscular dystrophy with cerebellar involvement || Congenital muscular dystrophy with intellectual disability || Muscle-eye-brain disease || POMT2-related limb-girdle muscular dystrophy R14 || Walker-Warburg syndrome;206559 || 370959 || 370968 || 588 || 899;False
PON1;P27169;3112;RHEA:17309;ca(2+);;1;0;1;Amyotrophic lateral sclerosis;803;False
PON1;P27169;3112;RHEA:22576;ca(2+);;1;0;1;Amyotrophic lateral sclerosis;803;False
PON1;P27169;31181;RHEA:17309;ca(2+);;1;0;1;Amyotrophic lateral sclerosis;803;False
PON1;P27169;31181;RHEA:22576;ca(2+);;1;0;1;Amyotrophic lateral sclerosis;803;False
PON1;P27169;3181;RHEA:17309;ca(2+);;1;0;1;Amyotrophic lateral sclerosis;803;False
PON1;P27169;3181;RHEA:22576;ca(2+);;1;0;1;Amyotrophic lateral sclerosis;803;False
POR;P16435;1624;RHEA:24040;fad;;2;1;1;Antley-Bixler syndrome with genital anomaly and disorder of steroidogenesis || Congenital adrenal hyperplasia due to cytochrome P450 oxidoreductase deficiency;63269 || 95699;True
PORCN;Q9H237;231250;RHEA:45336;;;2;1;1;Colobomatous microphthalmia || Focal dermal hypoplasia;2092 || 98938;True
PPCS;Q9HAB8;63251;RHEA:19397;;;1;0;1;Familial isolated dilated cardiomyopathy;154;False
PPCS;Q9HAB8;63251;RHEA:25156;;;1;0;1;Familial isolated dilated cardiomyopathy;154;False
PPIB;P23284;5218;RHEA:16237;;;3;3;0;Osteogenesis imperfecta type 2 || Osteogenesis imperfecta type 3 || Osteogenesis imperfecta type 4;216804 || 216812 || 216820;False
PPIP5K2;O43314;27424;RHEA:10276;;;1;1;0;Rare autosomal recessive non-syndromic sensorineural deafness type DFNB;90636;False
PPIP5K2;O43314;27424;RHEA:37459;;;1;1;0;Rare autosomal recessive non-syndromic sensorineural deafness type DFNB;90636;False
PPM1D;O15297;31316;RHEA:20629;"mg(2+);mn(2+)";;1;1;0;Jansen-de Vries syndrome;653767;False
PPM1D;O15297;31316;RHEA:47004;"mg(2+);mn(2+)";;1;1;0;Jansen-de Vries syndrome;653767;False
PPM1K;Q8N3J5;31316;RHEA:20629;mn(2+);;1;1;0;Intermediate maple syrup urine disease;268162;False
PPM1K;Q8N3J5;31316;RHEA:77247;mn(2+);;1;1;0;Intermediate maple syrup urine disease;268162;False
PPM1K;Q8N3J5;31352;RHEA:20629;mn(2+);;1;1;0;Intermediate maple syrup urine disease;268162;False
PPM1K;Q8N3J5;31352;RHEA:77247;mn(2+);;1;1;0;Intermediate maple syrup urine disease;268162;False
PPOX;P50336;1334;RHEA:25576;fad;"porphyrin-containing compound metabolism;protoporphyrin-ix biosynthesis;protoporphyrin-ix from protoporphyrinogen-ix: step 1/1";1;0;1;Variegate porphyria;79473;False
PPP1CB;P62140;31316;RHEA:12849;mn(2+);;1;0;1;Noonan syndrome-like disorder with loose anagen hair;2701;False
PPP1CB;P62140;31316;RHEA:20629;mn(2+);;1;0;1;Noonan syndrome-like disorder with loose anagen hair;2701;False
PPP1CB;P62140;31316;RHEA:47004;mn(2+);;1;0;1;Noonan syndrome-like disorder with loose anagen hair;2701;False
PPP1CB;P62140;31316;RHEA:53988;mn(2+);;1;0;1;Noonan syndrome-like disorder with loose anagen hair;2701;False
PPP1CB;P62140;31353;RHEA:12849;mn(2+);;1;0;1;Noonan syndrome-like disorder with loose anagen hair;2701;False
PPP1CB;P62140;31353;RHEA:20629;mn(2+);;1;0;1;Noonan syndrome-like disorder with loose anagen hair;2701;False
PPP1CB;P62140;31353;RHEA:47004;mn(2+);;1;0;1;Noonan syndrome-like disorder with loose anagen hair;2701;False
PPP1CB;P62140;31353;RHEA:53988;mn(2+);;1;0;1;Noonan syndrome-like disorder with loose anagen hair;2701;False
PPP2CA;P67775;31316;RHEA:20629;"fe(3+);mn(2+);zn(2+)";;1;1;0;Non-specific syndromic intellectual disability;528084;False
PPP2CA;P67775;31316;RHEA:47004;"fe(3+);mn(2+);zn(2+)";;1;1;0;Non-specific syndromic intellectual disability;528084;False
PPP3CA;Q08209;31316;RHEA:20629;"fe(3+);zn(2+)";;3;2;1;Autosomal dominant non-syndromic intellectual disability || Craniosynostosis-microretrognathia-severe intellectual disability syndrome || Non-specific early-onset epileptic encephalopathy;178469 || 442835 || 565858;True
PPP3CA;Q08209;31316;RHEA:47004;"fe(3+);zn(2+)";;3;2;1;Autosomal dominant non-syndromic intellectual disability || Craniosynostosis-microretrognathia-severe intellectual disability syndrome || Non-specific early-onset epileptic encephalopathy;178469 || 442835 || 565858;True
PPT1;P50897;3122;RHEA:16645;;;4;4;0;Adult CLN1 disease || Infantile CLN1 disease || Juvenile CLN1 disease || Late infantile CLN1 disease;699718 || 699734 || 699739 || 699745;False
PPT1;P50897;3122;RHEA:19233;;;4;4;0;Adult CLN1 disease || Infantile CLN1 disease || Juvenile CLN1 disease || Late infantile CLN1 disease;699718 || 699734 || 699739 || 699745;False
PPT1;P50897;3122;RHEA:84099;;;4;4;0;Adult CLN1 disease || Infantile CLN1 disease || Juvenile CLN1 disease || Late infantile CLN1 disease;699718 || 699734 || 699739 || 699745;False
PPT1;P50897;3122;RHEA:84103;;;4;4;0;Adult CLN1 disease || Infantile CLN1 disease || Juvenile CLN1 disease || Late infantile CLN1 disease;699718 || 699734 || 699739 || 699745;False
PPT1;P50897;31222;RHEA:16645;;;4;4;0;Adult CLN1 disease || Infantile CLN1 disease || Juvenile CLN1 disease || Late infantile CLN1 disease;699718 || 699734 || 699739 || 699745;False
PPT1;P50897;31222;RHEA:19233;;;4;4;0;Adult CLN1 disease || Infantile CLN1 disease || Juvenile CLN1 disease || Late infantile CLN1 disease;699718 || 699734 || 699739 || 699745;False
PPT1;P50897;31222;RHEA:84099;;;4;4;0;Adult CLN1 disease || Infantile CLN1 disease || Juvenile CLN1 disease || Late infantile CLN1 disease;699718 || 699734 || 699739 || 699745;False
PPT1;P50897;31222;RHEA:84103;;;4;4;0;Adult CLN1 disease || Infantile CLN1 disease || Juvenile CLN1 disease || Late infantile CLN1 disease;699718 || 699734 || 699739 || 699745;False
PRDM16;Q9HAZ2;211367;RHEA:60280;;;3;1;2;1p36 deletion syndrome || Familial isolated dilated cardiomyopathy || Left ventricular noncompaction;154 || 1606 || 54260;True
PRDM6;Q9NQX0;211361;RHEA:60344;;;1;1;0;Familial patent arterial duct;466729;False
PRKACA;P17612;271111;RHEA:17989;;;2;1;1;Ellis Van Creveld syndrome || Fibrolamellar hepatocellular carcinoma;289 || 401920;True
PRKACA;P17612;271111;RHEA:46608;;;2;1;1;Ellis Van Creveld syndrome || Fibrolamellar hepatocellular carcinoma;289 || 401920;True
PRKACB;P22694;271111;RHEA:17989;mg(2+);;1;0;1;Ellis Van Creveld syndrome;289;False
PRKACB;P22694;271111;RHEA:46608;mg(2+);;1;0;1;Ellis Van Creveld syndrome;289;False
PRKACG;P22612;271111;RHEA:17989;;;1;1;0;Severe autosomal recessive macrothrombocytopenia;438207;False
PRKACG;P22612;271111;RHEA:46608;;;1;1;0;Severe autosomal recessive macrothrombocytopenia;438207;False
PRKCD;Q05655;27102;RHEA:10596;mg(2+);;1;1;0;EBV-induced lymphoproliferative disease due to PRKCD deficiency;664711;False
PRKCD;Q05655;27102;RHEA:10596;mn(2+);;1;1;0;EBV-induced lymphoproliferative disease due to PRKCD deficiency;664711;False
PRKCD;Q05655;27102;RHEA:10596;zn(2+);;1;1;0;EBV-induced lymphoproliferative disease due to PRKCD deficiency;664711;False
PRKCD;Q05655;27102;RHEA:17989;;;1;1;0;EBV-induced lymphoproliferative disease due to PRKCD deficiency;664711;False
PRKCD;Q05655;27102;RHEA:46608;;;1;1;0;EBV-induced lymphoproliferative disease due to PRKCD deficiency;664711;False
PRKCD;Q05655;271113;RHEA:10596;;;1;1;0;EBV-induced lymphoproliferative disease due to PRKCD deficiency;664711;False
PRKCD;Q05655;271113;RHEA:17989;;;1;1;0;EBV-induced lymphoproliferative disease due to PRKCD deficiency;664711;False
PRKCD;Q05655;271113;RHEA:46608;;;1;1;0;EBV-induced lymphoproliferative disease due to PRKCD deficiency;664711;False
PRKCG;P05129;271113;RHEA:17989;ca(2+);;1;0;1;Spinocerebellar ataxia type 14;98763;False
PRKCG;P05129;271113;RHEA:46608;ca(2+);;1;0;1;Spinocerebellar ataxia type 14;98763;False
PRKD1;Q15139;271113;RHEA:17989;mg(2+);;2;2;0;Congenital heart defect-ectodermal dysplasia- brachydactyly-telangiectasia syndrome || Malignant epithelial tumor of salivary glands;276145 || 708019;False
PRKD1;Q15139;271113;RHEA:46608;mg(2+);;2;2;0;Congenital heart defect-ectodermal dysplasia- brachydactyly-telangiectasia syndrome || Malignant epithelial tumor of salivary glands;276145 || 708019;False
PRKDC;P78527;27111;RHEA:17989;;;1;1;0;Severe combined immunodeficiency due to DNA-PKcs deficiency;317425;False
PRKDC;P78527;27111;RHEA:46608;;;1;1;0;Severe combined immunodeficiency due to DNA-PKcs deficiency;317425;False
PRKG1;Q13976;271112;RHEA:17989;;;1;0;1;Familial thoracic aortic aneurysm and aortic dissection;91387;False
PRKG1;Q13976;271112;RHEA:46608;;;1;0;1;Familial thoracic aortic aneurysm and aortic dissection;91387;False
PRMT7;Q9NVM4;211321;RHEA:48100;;;1;0;1;Short stature-brachydactyly-obesity-global developmental delay syndrome;464288;False
PRODH;O43272;1552;RHEA:23784;fad;"amino-acid degradation;l-glutamate from l-proline: step 1/2;l-proline degradation into l-glutamate";1;0;1;Hyperprolinemia type 1;419;False
PRPS1;P60891;2761;RHEA:15609;mg(2+);"5-phospho-alpha-d-ribose 1-diphosphate biosynthesis;5-phospho-alpha-d-ribose 1-diphosphate from d-ribose 5-phosphate (route i): step 1/1;metabolic intermediate biosynthesis";6;1;5;Lethal ataxia with deafness and optic atrophy || Mild phosphoribosylpyrophosphate synthetase superactivity || Rare X-linked non-syndromic sensorineural deafness type DFN || Severe phosphoribosylpyrophosphate synthetase superactivity || X-linked Charcot-Marie-Tooth disease type 5 || X-linked intellectual disability-limb spasticity-retinal dystrophy-arginine vasopressin deficiency;1187 || 411536 || 411543 || 423479 || 90625 || 99014;True
PRUNE1;Q86TP1;3611;RHEA:24576;mg(2+);;1;0;1;PRUNE1-related neurological syndrome;544469;False
PRUNE1;Q86TP1;3611;RHEA:24576;mn(2+);;1;0;1;PRUNE1-related neurological syndrome;544469;False
PSAT1;Q9Y617;26152;RHEA:14329;pyridoxal 5'-phosphate;"amino-acid biosynthesis;l-serine biosynthesis;l-serine from 3-phospho-d-glycerate: step 2/3";2;1;1;Neu-Laxova syndrome due to phosphoserine aminotransferase deficiency || Phosphoserine aminotransferase deficiency, infantile/juvenile form;284417 || 583602;True
PSPH;P78330;3133;RHEA:21208;mg(2+);;2;1;1;3-phosphoserine phosphatase deficiency, infantile/juvenile form || Neu-Laxova syndrome due to 3-phosphoserine phosphatase deficiency;583612 || 79350;True
PSPH;P78330;3133;RHEA:24873;mg(2+);;2;1;1;3-phosphoserine phosphatase deficiency, infantile/juvenile form || Neu-Laxova syndrome due to 3-phosphoserine phosphatase deficiency;583612 || 79350;True
PTDSS1;P48651;27829;RHEA:27606;;;1;0;1;Lenz-Majewski hyperostotic dysplasia;2658;False
PTDSS1;P48651;27829;RHEA:45088;;;1;0;1;Lenz-Majewski hyperostotic dysplasia;2658;False
PTPN11;Q06124;31348;RHEA:10684;mg(2+);;4;1;3;Juvenile myelomonocytic leukemia || Metachondromatosis || Noonan syndrome || Noonan syndrome with multiple lentigines;2499 || 500 || 648 || 86834;True
PTPN14;Q15678;31348;RHEA:10684;mg(2+);;1;1;0;Lymphedema-posterior choanal atresia syndrome;99141;False
PTPN22;Q9Y2R2;31348;RHEA:10684;mg(2+);;6;0;6;Giant cell arteritis || Granulomatosis with polyangiitis || Oligoarticular juvenile idiopathic arthritis || Rheumatoid factor-negative polyarticular juvenile idiopathic arthritis || Systemic lupus erythematosus || Vogt-Koyanagi-Harada disease;3437 || 397 || 536 || 85408 || 85410 || 900;False
PTPN22;Q9Y2R2;31348;RHEA:56532;;;6;0;6;Giant cell arteritis || Granulomatosis with polyangiitis || Oligoarticular juvenile idiopathic arthritis || Rheumatoid factor-negative polyarticular juvenile idiopathic arthritis || Systemic lupus erythematosus || Vogt-Koyanagi-Harada disease;3437 || 397 || 536 || 85408 || 85410 || 900;False
PTPN23;Q9H3S7;31348;RHEA:10684;mg(2+);;1;1;0;Non-specific syndromic intellectual disability;528084;False
PTPRC;P08575;31348;RHEA:10684;mg(2+);;1;1;0;T-B+ severe combined immunodeficiency due to CD45 deficiency;169157;False
PTPRF;P10586;31348;RHEA:10684;mg(2+);;1;1;0;Isolated congenital breast hypoplasia/aplasia;180188;False
PTPRO;Q16827;31348;RHEA:10684;mg(2+);;1;0;1;Hereditary steroid-resistant nephrotic syndrome;656;False
PTPRQ;Q9UMZ3;31367;RHEA:25017;;;2;2;0;Rare autosomal dominant non-syndromic sensorineural deafness type DFNA || Rare autosomal recessive non-syndromic sensorineural deafness type DFNB;90635 || 90636;False
PTPRQ;Q9UMZ3;31367;RHEA:25528;;;2;2;0;Rare autosomal dominant non-syndromic sensorineural deafness type DFNA || Rare autosomal recessive non-syndromic sensorineural deafness type DFNB;90635 || 90636;False
PTPRQ;Q9UMZ3;31367;RHEA:32955;;;2;2;0;Rare autosomal dominant non-syndromic sensorineural deafness type DFNA || Rare autosomal recessive non-syndromic sensorineural deafness type DFNB;90635 || 90636;False
PTPRQ;Q9UMZ3;31367;RHEA:39019;;;2;2;0;Rare autosomal dominant non-syndromic sensorineural deafness type DFNA || Rare autosomal recessive non-syndromic sensorineural deafness type DFNB;90635 || 90636;False
PTPRQ;Q9UMZ3;31386;RHEA:25017;;;2;2;0;Rare autosomal dominant non-syndromic sensorineural deafness type DFNA || Rare autosomal recessive non-syndromic sensorineural deafness type DFNB;90635 || 90636;False
PTPRQ;Q9UMZ3;31386;RHEA:25528;;;2;2;0;Rare autosomal dominant non-syndromic sensorineural deafness type DFNA || Rare autosomal recessive non-syndromic sensorineural deafness type DFNB;90635 || 90636;False
PTPRQ;Q9UMZ3;31386;RHEA:32955;;;2;2;0;Rare autosomal dominant non-syndromic sensorineural deafness type DFNA || Rare autosomal recessive non-syndromic sensorineural deafness type DFNB;90635 || 90636;False
PTPRQ;Q9UMZ3;31386;RHEA:39019;;;2;2;0;Rare autosomal dominant non-syndromic sensorineural deafness type DFNA || Rare autosomal recessive non-syndromic sensorineural deafness type DFNB;90635 || 90636;False
PTPRQ;Q9UMZ3;31395;RHEA:25017;;;2;2;0;Rare autosomal dominant non-syndromic sensorineural deafness type DFNA || Rare autosomal recessive non-syndromic sensorineural deafness type DFNB;90635 || 90636;False
PTPRQ;Q9UMZ3;31395;RHEA:25528;;;2;2;0;Rare autosomal dominant non-syndromic sensorineural deafness type DFNA || Rare autosomal recessive non-syndromic sensorineural deafness type DFNB;90635 || 90636;False
PTPRQ;Q9UMZ3;31395;RHEA:32955;;;2;2;0;Rare autosomal dominant non-syndromic sensorineural deafness type DFNA || Rare autosomal recessive non-syndromic sensorineural deafness type DFNB;90635 || 90636;False
PTPRQ;Q9UMZ3;31395;RHEA:39019;;;2;2;0;Rare autosomal dominant non-syndromic sensorineural deafness type DFNA || Rare autosomal recessive non-syndromic sensorineural deafness type DFNB;90635 || 90636;False
PTRH2;Q9Y3E5;31129;RHEA:54448;;;1;0;1;Infantile multisystem neurologic-endocrine-pancreatic disease;456312;False
PTS;Q03393;42312;RHEA:22048;zn(2+);"cofactor biosynthesis;tetrahydrobiopterin biosynthesis;tetrahydrobiopterin from 7,8-dihydroneopterin triphosphate: step 1/3";1;0;1;6-pyruvoyl-tetrahydropterin synthase deficiency;13;False
PUS3;Q9BZE2;549945;RHEA:42564;;;1;0;1;Severe growth deficiency-strabismus-extensive dermal melanocytosis-intellectual disability syndrome;488627;False
PYCR1;P32322;1512;RHEA:14105;;;3;2;1;Autosomal recessive cutis laxa type 2B || Geroderma osteodysplastica || PYCR1-related De Barsy syndrome;2078 || 293633 || 357064;True
PYCR1;P32322;1512;RHEA:14109;;;3;2;1;Autosomal recessive cutis laxa type 2B || Geroderma osteodysplastica || PYCR1-related De Barsy syndrome;2078 || 293633 || 357064;True
PYCR2;Q96C36;1512;RHEA:14105;;;2;0;2;Autosomal recessive primary microcephaly || PYCR2-related microcephaly-progressive leukoencephalopathy;2512 || 481152;False
PYCR2;Q96C36;1512;RHEA:14109;;;2;0;2;Autosomal recessive primary microcephaly || PYCR2-related microcephaly-progressive leukoencephalopathy;2512 || 481152;False
PYGL;P06737;2411;RHEA:41732;pyridoxal 5'-phosphate;;1;0;1;Glycogen storage disease due to liver glycogen phosphorylase deficiency;369;False
PYGM;P11217;2411;RHEA:41732;pyridoxal 5'-phosphate;;1;0;1;Glycogen storage disease due to muscle glycogen phosphorylase deficiency;368;False
QARS1;P47897;61118;RHEA:20121;;;2;2;0;Diffuse cerebral and cerebellar atrophy-intractable seizures-progressive microcephaly syndrome || Microcephaly-short stature-intellectual disability-facial dysmorphism syndrome;404437 || 423306;False
QDPR;P09417;15134;RHEA:17865;;;1;0;1;Dihydropteridine reductase deficiency;226;False
QDPR;P09417;15134;RHEA:17869;;;1;0;1;Dihydropteridine reductase deficiency;226;False
QRSL1;Q9H0R6;6357;RHEA:17521;;;1;1;0;QRSL1-related combined oxidative phosphorylation defect;570491;False
RAB18;Q9NP72;3652;RHEA:19669;mg(2+);;1;0;1;Micro syndrome;2510;False
RAB23;Q9ULC3;3652;RHEA:19669;mg(2+);;1;0;1;Carpenter syndrome;65759;False
RAB27A;P51159;3652;RHEA:19669;mg(2+);;1;0;1;Griscelli syndrome type 2;79477;False
RAB28;P51157;3652;RHEA:19669;mg(2+);;1;0;1;Cone rod dystrophy;1872;False
RAB33B;Q9H082;3652;RHEA:19669;mg(2+);;1;1;0;Smith-McCort dysplasia;178355;False
RAB39B;Q96DA2;3652;RHEA:19669;mg(2+);;2;1;1;Early-onset parkinsonism-intellectual disability syndrome || X-linked non-syndromic intellectual disability;2379 || 777;True
RAB7A;P51149;3652;RHEA:19669;mg(2+);;1;1;0;Autosomal dominant Charcot-Marie-Tooth disease type 2B;99936;False
RAC1;P63000;3652;RHEA:19669;mg(2+);;1;0;1;Microcephaly-corpus callosum and cerebellar vermis hypoplasia-facial dysmorphism-intellectual disability syndrom;500159;False
RAC2;P15153;3652;RHEA:19669;mg(2+);;3;2;1;Infantile LAD-like disease due to RAC2 deficiency || RAC2-related combined immunodeficiency-bronchiectasis-cancer-predisposing syndrome || Reticular dysgenesis-like severe combined immunodeficiency;183707 || 688543 || 692812;True
RAC3;P60763;3652;RHEA:19669;mg(2+);;2;2;0;Facial dysmorphism-global developmental delay-hypotonia-polymicrogyria syndrome || Non-specific syndromic intellectual disability;528084 || 659609;False
RAF1;P04049;27111;RHEA:17989;zn(2+);;5;1;4;Familial isolated dilated cardiomyopathy || Large/giant congenital melanocytic nevus || Noonan syndrome || Noonan syndrome with multiple lentigines || Pilomyxoid astrocytoma;154 || 251615 || 500 || 626 || 648;True
RAF1;P04049;27111;RHEA:46608;zn(2+);;5;1;4;Familial isolated dilated cardiomyopathy || Large/giant congenital melanocytic nevus || Noonan syndrome || Noonan syndrome with multiple lentigines || Pilomyxoid astrocytoma;154 || 251615 || 500 || 626 || 648;True
RALA;P11233;3652;RHEA:19669;mg(2+);;1;1;0;Non-specific syndromic intellectual disability;528084;False
RARS1;P54136;61119;RHEA:20301;;;1;0;1;RARS-related autosomal recessive hypomyelinating leukodystrophy;438114;False
RARS2;Q5T160;61119;RHEA:20301;;;1;1;0;Pontocerebellar hypoplasia type 6;166073;False
RDH11;Q8TC12;111300;RHEA:25033;;;1;0;1;Retinitis pigmentosa-juvenile cataract-short stature-intellectual disability syndrome;436245;False
RDH11;Q8TC12;111300;RHEA:54912;;;1;0;1;Retinitis pigmentosa-juvenile cataract-short stature-intellectual disability syndrome;436245;False
RDH11;Q8TC12;111300;RHEA:54916;;;1;0;1;Retinitis pigmentosa-juvenile cataract-short stature-intellectual disability syndrome;436245;False
RDH11;Q8TC12;111300;RHEA:54920;;;1;0;1;Retinitis pigmentosa-juvenile cataract-short stature-intellectual disability syndrome;436245;False
RDH12;Q96NR8;111300;RHEA:25033;;;2;0;2;Leber congenital amaurosis || Retinitis pigmentosa;65 || 791;False
RDH12;Q96NR8;111300;RHEA:54912;;;2;0;2;Leber congenital amaurosis || Retinitis pigmentosa;65 || 791;False
RDH12;Q96NR8;111300;RHEA:54916;;;2;0;2;Leber congenital amaurosis || Retinitis pigmentosa;65 || 791;False
RDH12;Q96NR8;111300;RHEA:58328;;;2;0;2;Leber congenital amaurosis || Retinitis pigmentosa;65 || 791;False
RDH12;Q96NR8;111300;RHEA:58332;;;2;0;2;Leber congenital amaurosis || Retinitis pigmentosa;65 || 791;False
RDH12;Q96NR8;111300;RHEA:58336;;;2;0;2;Leber congenital amaurosis || Retinitis pigmentosa;65 || 791;False
RDH12;Q96NR8;111300;RHEA:58380;;;2;0;2;Leber congenital amaurosis || Retinitis pigmentosa;65 || 791;False
RDH5;Q92781;111209;RHEA:20381;;;2;1;1;Fundus albipunctatus || Retinitis punctata albescens;227796 || 52427;True
RDH5;Q92781;111209;RHEA:42004;;;2;1;1;Fundus albipunctatus || Retinitis punctata albescens;227796 || 52427;True
RDH5;Q92781;111209;RHEA:42052;;;2;1;1;Fundus albipunctatus || Retinitis punctata albescens;227796 || 52427;True
RDH5;Q92781;111209;RHEA:42056;;;2;1;1;Fundus albipunctatus || Retinitis punctata albescens;227796 || 52427;True
RDH5;Q92781;111209;RHEA:42060;;;2;1;1;Fundus albipunctatus || Retinitis punctata albescens;227796 || 52427;True
RDH5;Q92781;111315;RHEA:20381;;;2;1;1;Fundus albipunctatus || Retinitis punctata albescens;227796 || 52427;True
RDH5;Q92781;111315;RHEA:42004;;;2;1;1;Fundus albipunctatus || Retinitis punctata albescens;227796 || 52427;True
RDH5;Q92781;111315;RHEA:42052;;;2;1;1;Fundus albipunctatus || Retinitis punctata albescens;227796 || 52427;True
RDH5;Q92781;111315;RHEA:42056;;;2;1;1;Fundus albipunctatus || Retinitis punctata albescens;227796 || 52427;True
RDH5;Q92781;111315;RHEA:42060;;;2;1;1;Fundus albipunctatus || Retinitis punctata albescens;227796 || 52427;True
RDH5;Q92781;11153;RHEA:20381;;;2;1;1;Fundus albipunctatus || Retinitis punctata albescens;227796 || 52427;True
RDH5;Q92781;11153;RHEA:42004;;;2;1;1;Fundus albipunctatus || Retinitis punctata albescens;227796 || 52427;True
RDH5;Q92781;11153;RHEA:42052;;;2;1;1;Fundus albipunctatus || Retinitis punctata albescens;227796 || 52427;True
RDH5;Q92781;11153;RHEA:42056;;;2;1;1;Fundus albipunctatus || Retinitis punctata albescens;227796 || 52427;True
RDH5;Q92781;11153;RHEA:42060;;;2;1;1;Fundus albipunctatus || Retinitis punctata albescens;227796 || 52427;True
RECQL4;O94761;5624;RHEA:13065;zn(2+);;3;0;3;Baller-Gerold syndrome || RAPADILINO syndrome || Rothmund-Thomson syndrome type 2;1225 || 221016 || 3021;False
RET;P07949;27101;RHEA:10596;ca(2+);;10;5;5;Differentiated thyroid carcinoma || Haddad syndrome || Hereditary pheochromocytoma-paraganglioma || Hirschsprung disease || Isolated familial medullary thyroid carcinoma || Multiple endocrine neoplasia type 2A || Multiple endocrine neoplasia type 2B || Renal agenesis, bilateral || Renal agenesis, unilateral || Sporadic pheochromocytoma/secreting paraganglioma;146 || 1848 || 247698 || 247709 || 276621 || 29072 || 388 || 93100 || 99361 || 99803;True
RET;P07949;27101;RHEA:10596;mg(2+);;10;5;5;Differentiated thyroid carcinoma || Haddad syndrome || Hereditary pheochromocytoma-paraganglioma || Hirschsprung disease || Isolated familial medullary thyroid carcinoma || Multiple endocrine neoplasia type 2A || Multiple endocrine neoplasia type 2B || Renal agenesis, bilateral || Renal agenesis, unilateral || Sporadic pheochromocytoma/secreting paraganglioma;146 || 1848 || 247698 || 247709 || 276621 || 29072 || 388 || 93100 || 99361 || 99803;True
RHOA;P61586;3652;RHEA:19669;mg(2+);;1;1;0;Linear hypopigmentation and craniofacial asymmetry with acral, ocular and brain anomalies;589608;False
RIGI;O95786;36413;RHEA:13065;;;1;1;0;Singleton-Merten dysplasia;85191;False
RIPK1;Q13546;27111;RHEA:17989;;;1;1;0;Immune dysregulation-inflammatory bowel disease-arthritis-recurrent infections-lymphopenia syndrome;529977;False
RIPK1;Q13546;27111;RHEA:46608;;;1;1;0;Immune dysregulation-inflammatory bowel disease-arthritis-recurrent infections-lymphopenia syndrome;529977;False
RIPK4;P57078;27111;RHEA:17989;;;2;0;2;Bartsocas-Papas syndrome || CHAND syndrome;1234 || 1401;False
RIPK4;P57078;27111;RHEA:46608;;;2;0;2;Bartsocas-Papas syndrome || CHAND syndrome;1234 || 1401;False
RIT1;Q92963;3652;RHEA:19669;mg(2+);;1;0;1;Noonan syndrome;648;False
RNASET2;O00584;46119;RHEA:68052;;;1;1;0;Cystic leukoencephalopathy without megalencephaly;85136;False
RNASET2;O00584;46119;RHEA:81323;;;1;1;0;Cystic leukoencephalopathy without megalencephaly;85136;False
RNASET2;O00584;46119;RHEA:81383;;;1;1;0;Cystic leukoencephalopathy without megalencephaly;85136;False
ROR2;Q01974;27101;RHEA:10596;ca(2+);;2;1;1;Autosomal recessive Robinow syndrome || Brachydactyly type B1;1507 || 572385;True
ROR2;Q01974;27101;RHEA:10596;mg(2+);;2;1;1;Autosomal recessive Robinow syndrome || Brachydactyly type B1;1507 || 572385;True
ROS1;P08922;27101;RHEA:10596;ca(2+);;2;1;1;Cholangiocarcinoma || Giant cell glioblastoma;251579 || 70567;True
ROS1;P08922;27101;RHEA:10596;mg(2+);;2;1;1;Cholangiocarcinoma || Giant cell glioblastoma;251579 || 70567;True
RPE65;Q16518;31164;RHEA:12729;fe(2+);;3;0;3;Leber congenital amaurosis || Retinitis pigmentosa || Severe early-childhood-onset retinal dystrophy;364055 || 65 || 791;False
RPE65;Q16518;31164;RHEA:31771;fe(2+);;3;0;3;Leber congenital amaurosis || Retinitis pigmentosa || Severe early-childhood-onset retinal dystrophy;364055 || 65 || 791;False
RPE65;Q16518;31164;RHEA:31775;fe(2+);;3;0;3;Leber congenital amaurosis || Retinitis pigmentosa || Severe early-childhood-onset retinal dystrophy;364055 || 65 || 791;False
RPE65;Q16518;53322;RHEA:12729;fe(2+);;3;0;3;Leber congenital amaurosis || Retinitis pigmentosa || Severe early-childhood-onset retinal dystrophy;364055 || 65 || 791;False
RPE65;Q16518;53322;RHEA:31771;fe(2+);;3;0;3;Leber congenital amaurosis || Retinitis pigmentosa || Severe early-childhood-onset retinal dystrophy;364055 || 65 || 791;False
RPE65;Q16518;53322;RHEA:31775;fe(2+);;3;0;3;Leber congenital amaurosis || Retinitis pigmentosa || Severe early-childhood-onset retinal dystrophy;364055 || 65 || 791;False
RPIA;P49247;5316;RHEA:14657;;;1;1;0;Ribose-5-P isomerase deficiency;440706;False
RPS6KA3;P51812;27111;RHEA:17989;mg(2+);;3;1;2;Coffin-Lowry syndrome || Symptomatic form of Coffin-Lowry syndrome in female carriers || X-linked non-syndromic intellectual disability;192 || 276630 || 777;True
RPS6KA3;P51812;27111;RHEA:46608;mg(2+);;3;1;2;Coffin-Lowry syndrome || Symptomatic form of Coffin-Lowry syndrome in female carriers || X-linked non-syndromic intellectual disability;192 || 276630 || 777;True
RRAS2;P62070;3652;RHEA:19669;mg(2+);;1;0;1;Noonan syndrome;648;False
RRM1;P23921;11741;RHEA:23252;fe cation;;1;0;1;Autosomal recessive progressive external ophthalmoplegia;254886;False
RRM2B;Q7LG56;11741;RHEA:23252;fe cation;;5;1;4;Adult-onset chronic progressive external ophthalmoplegia with mitochondrial myopathy || Autosomal dominant progressive external ophthalmoplegia || Kearns-Sayre syndrome || Mitochondrial DNA depletion syndrome, encephalomyopathic form with renal tubulopathy || Mitochondrial neurogastrointestinal encephalomyopathy;254892 || 255235 || 298 || 329336 || 480;True
RXYLT1;Q9Y2B1;24261;RHEA:57880;;;1;0;1;Walker-Warburg syndrome;899;False
SAR1B;Q9Y6B6;3652;RHEA:19669;mg(2+);;1;0;1;Chylomicron retention disease;71;False
SARDH;Q9UL12;1583;RHEA:19793;fad;"amine and polyamine degradation;formaldehyde and glycine from sarcosine: step 1/1;sarcosine degradation";1;0;1;Sarcosinemia;3129;False
SARS1;P49591;61111;RHEA:12292;;;2;1;1;Autosomal recessive non-syndromic intellectual disability || Autosomal recessive primary microcephaly;2512 || 88616;True
SARS1;P49591;61111;RHEA:42580;;;2;1;1;Autosomal recessive non-syndromic intellectual disability || Autosomal recessive primary microcephaly;2512 || 88616;True
SARS2;Q9NP81;61111;RHEA:12292;;;1;1;0;Hyperuricemia-pulmonary hypertension-renal failure-alkalosis syndrome;363694;False
SARS2;Q9NP81;61111;RHEA:42580;;;1;1;0;Hyperuricemia-pulmonary hypertension-renal failure-alkalosis syndrome;363694;False
SAT1;P21673;23157;RHEA:11116;;;2;0;2;Keratosis follicularis spinulosa decalvans || Pediatric systemic lupus erythematosus;2340 || 93552;False
SAT1;P21673;23157;RHEA:28150;;;2;0;2;Keratosis follicularis spinulosa decalvans || Pediatric systemic lupus erythematosus;2340 || 93552;False
SAT1;P21673;23157;RHEA:33099;;;2;0;2;Keratosis follicularis spinulosa decalvans || Pediatric systemic lupus erythematosus;2340 || 93552;False
SC5D;O75845;1141920;RHEA:46556;fe cation;;1;0;1;Lathosterolosis;46059;False
SC5D;O75845;1141920;RHEA:47184;fe cation;;1;0;1;Lathosterolosis;46059;False
SC5D;O75845;1141920;RHEA:54320;fe cation;;1;0;1;Lathosterolosis;46059;False
SCP2;P22307;231155;RHEA:10408;;;1;1;0;Leukoencephalopathy-dystonia-motor neuropathy syndrome;163684;False
SCP2;P22307;231155;RHEA:16865;;;1;1;0;Leukoencephalopathy-dystonia-motor neuropathy syndrome;163684;False
SCP2;P22307;231155;RHEA:18161;;;1;1;0;Leukoencephalopathy-dystonia-motor neuropathy syndrome;163684;False
SCP2;P22307;231155;RHEA:21564;;;1;1;0;Leukoencephalopathy-dystonia-motor neuropathy syndrome;163684;False
SCP2;P22307;231155;RHEA:31087;;;1;1;0;Leukoencephalopathy-dystonia-motor neuropathy syndrome;163684;False
SCP2;P22307;231155;RHEA:31091;;;1;1;0;Leukoencephalopathy-dystonia-motor neuropathy syndrome;163684;False
SCP2;P22307;231155;RHEA:31111;;;1;1;0;Leukoencephalopathy-dystonia-motor neuropathy syndrome;163684;False
SCP2;P22307;231155;RHEA:31183;;;1;1;0;Leukoencephalopathy-dystonia-motor neuropathy syndrome;163684;False
SCP2;P22307;231155;RHEA:31203;;;1;1;0;Leukoencephalopathy-dystonia-motor neuropathy syndrome;163684;False
SCP2;P22307;231155;RHEA:35279;;;1;1;0;Leukoencephalopathy-dystonia-motor neuropathy syndrome;163684;False
SCP2;P22307;231155;RHEA:40343;;;1;1;0;Leukoencephalopathy-dystonia-motor neuropathy syndrome;163684;False
SCP2;P22307;231155;RHEA:46344;;;1;1;0;Leukoencephalopathy-dystonia-motor neuropathy syndrome;163684;False
SCP2;P22307;231155;RHEA:47400;;;1;1;0;Leukoencephalopathy-dystonia-motor neuropathy syndrome;163684;False
SCP2;P22307;231155;RHEA:62960;;;1;1;0;Leukoencephalopathy-dystonia-motor neuropathy syndrome;163684;False
SCP2;P22307;23116;RHEA:10408;;;1;1;0;Leukoencephalopathy-dystonia-motor neuropathy syndrome;163684;False
SCP2;P22307;23116;RHEA:16865;;;1;1;0;Leukoencephalopathy-dystonia-motor neuropathy syndrome;163684;False
SCP2;P22307;23116;RHEA:18161;;;1;1;0;Leukoencephalopathy-dystonia-motor neuropathy syndrome;163684;False
SCP2;P22307;23116;RHEA:21564;;;1;1;0;Leukoencephalopathy-dystonia-motor neuropathy syndrome;163684;False
SCP2;P22307;23116;RHEA:31087;;;1;1;0;Leukoencephalopathy-dystonia-motor neuropathy syndrome;163684;False
SCP2;P22307;23116;RHEA:31091;;;1;1;0;Leukoencephalopathy-dystonia-motor neuropathy syndrome;163684;False
SCP2;P22307;23116;RHEA:31111;;;1;1;0;Leukoencephalopathy-dystonia-motor neuropathy syndrome;163684;False
SCP2;P22307;23116;RHEA:31183;;;1;1;0;Leukoencephalopathy-dystonia-motor neuropathy syndrome;163684;False
SCP2;P22307;23116;RHEA:31203;;;1;1;0;Leukoencephalopathy-dystonia-motor neuropathy syndrome;163684;False
SCP2;P22307;23116;RHEA:35279;;;1;1;0;Leukoencephalopathy-dystonia-motor neuropathy syndrome;163684;False
SCP2;P22307;23116;RHEA:40343;;;1;1;0;Leukoencephalopathy-dystonia-motor neuropathy syndrome;163684;False
SCP2;P22307;23116;RHEA:46344;;;1;1;0;Leukoencephalopathy-dystonia-motor neuropathy syndrome;163684;False
SCP2;P22307;23116;RHEA:47400;;;1;1;0;Leukoencephalopathy-dystonia-motor neuropathy syndrome;163684;False
SCP2;P22307;23116;RHEA:62960;;;1;1;0;Leukoencephalopathy-dystonia-motor neuropathy syndrome;163684;False
SCP2;P22307;231176;RHEA:10408;;;1;1;0;Leukoencephalopathy-dystonia-motor neuropathy syndrome;163684;False
SCP2;P22307;231176;RHEA:16865;;;1;1;0;Leukoencephalopathy-dystonia-motor neuropathy syndrome;163684;False
SCP2;P22307;231176;RHEA:18161;;;1;1;0;Leukoencephalopathy-dystonia-motor neuropathy syndrome;163684;False
SCP2;P22307;231176;RHEA:21564;;;1;1;0;Leukoencephalopathy-dystonia-motor neuropathy syndrome;163684;False
SCP2;P22307;231176;RHEA:31087;;;1;1;0;Leukoencephalopathy-dystonia-motor neuropathy syndrome;163684;False
SCP2;P22307;231176;RHEA:31091;;;1;1;0;Leukoencephalopathy-dystonia-motor neuropathy syndrome;163684;False
SCP2;P22307;231176;RHEA:31111;;;1;1;0;Leukoencephalopathy-dystonia-motor neuropathy syndrome;163684;False
SCP2;P22307;231176;RHEA:31183;;;1;1;0;Leukoencephalopathy-dystonia-motor neuropathy syndrome;163684;False
SCP2;P22307;231176;RHEA:31203;;;1;1;0;Leukoencephalopathy-dystonia-motor neuropathy syndrome;163684;False
SCP2;P22307;231176;RHEA:35279;;;1;1;0;Leukoencephalopathy-dystonia-motor neuropathy syndrome;163684;False
SCP2;P22307;231176;RHEA:40343;;;1;1;0;Leukoencephalopathy-dystonia-motor neuropathy syndrome;163684;False
SCP2;P22307;231176;RHEA:46344;;;1;1;0;Leukoencephalopathy-dystonia-motor neuropathy syndrome;163684;False
SCP2;P22307;231176;RHEA:47400;;;1;1;0;Leukoencephalopathy-dystonia-motor neuropathy syndrome;163684;False
SCP2;P22307;231176;RHEA:62960;;;1;1;0;Leukoencephalopathy-dystonia-motor neuropathy syndrome;163684;False
SELENBP1;Q13228;1834;RHEA:11812;;;1;1;0;Autosomal recessive extra-oral halitosis;562538;False
SELENOI;Q9C0D9;2781;RHEA:32943;"mg(2+);mn(2+)";;1;0;1;Autosomal recessive complex spastic paraplegia due to Kennedy pathway dysfunction;506353;False
SELENOI;Q9C0D9;2781;RHEA:36187;"mg(2+);mn(2+)";;1;0;1;Autosomal recessive complex spastic paraplegia due to Kennedy pathway dysfunction;506353;False
SEPSECS;Q9HD40;2912;RHEA:25041;pyridoxal 5'-phosphate;"aminoacyl-trna biosynthesis;selenocysteinyl-trna(sec) biosynthesis;selenocysteinyl-trna(sec) from l-seryl-trna(sec) (archaeal/eukaryal route): step 2/2";2;1;1;Pontocerebellar hypoplasia type 2 || Progressive cerebello-cerebral atrophy;247198 || 2524;True
SETD1A;O15047;211364;RHEA:60264;;;1;1;0;Non-specific syndromic intellectual disability;528084;False
SETD1A;O15047;211364;RHEA:60268;;;1;1;0;Non-specific syndromic intellectual disability;528084;False
SETD1A;O15047;211364;RHEA:60272;;;1;1;0;Non-specific syndromic intellectual disability;528084;False
SETD1B;Q9UPS6;211364;RHEA:60264;;;1;1;0;Autosomal dominant non-syndromic intellectual disability;178469;False
SETD1B;Q9UPS6;211364;RHEA:60268;;;1;1;0;Autosomal dominant non-syndromic intellectual disability;178469;False
SETD1B;Q9UPS6;211364;RHEA:60272;;;1;1;0;Autosomal dominant non-syndromic intellectual disability;178469;False
SETD5;Q9C0A6;211359;RHEA:60280;;;2;1;1;3p25.3 microdeletion syndrome || Non-specific syndromic intellectual disability;435638 || 528084;True
SETD5;Q9C0A6;211359;RHEA:60324;;;2;1;1;3p25.3 microdeletion syndrome || Non-specific syndromic intellectual disability;435638 || 528084;True
SETD5;Q9C0A6;211367;RHEA:60280;;;2;1;1;3p25.3 microdeletion syndrome || Non-specific syndromic intellectual disability;435638 || 528084;True
SETD5;Q9C0A6;211367;RHEA:60324;;;2;1;1;3p25.3 microdeletion syndrome || Non-specific syndromic intellectual disability;435638 || 528084;True
SGPL1;O95470;41227;RHEA:18593;pyridoxal 5'-phosphate;;1;1;0;Familial steroid-resistant nephrotic syndrome with adrenal insufficiency;506334;False
SGPL1;O95470;41227;RHEA:33507;pyridoxal 5'-phosphate;;1;1;0;Familial steroid-resistant nephrotic syndrome with adrenal insufficiency;506334;False
SGSH;P51688;31011;RHEA:17881;ca(2+);;1;1;0;Sanfilippo syndrome type A;79269;False
SHPK;Q9UHJ6;27114;RHEA:23844;;;1;0;1;Isolated sedoheptulokinase deficiency;440713;False
SIK1;P57059;27111;RHEA:17989;mg(2+);;2;0;2;Early infantile developmental and epileptic encephalopathy || Infantile epileptic spasms syndrome;1934 || 697160;False
SIK1;P57059;27111;RHEA:46608;mg(2+);;2;0;2;Early infantile developmental and epileptic encephalopathy || Infantile epileptic spasms syndrome;1934 || 697160;False
SKIC2;Q15477;36413;RHEA:13065;;;1;0;1;Trichohepatoenteric syndrome;84064;False
SMARCAD1;Q9H4L7;36412;RHEA:13065;;;3;1;2;Absence of fingerprints-congenital milia syndrome || Huriez syndrome || Isolated congenital adermatoglyphia;1658 || 289465 || 384;True
SMPD1;P17405;31412;RHEA:10604;zn(2+);;2;1;1;Chronic visceral acid sphingomyelinase deficiency || Infantile neurovisceral acid sphingomyelinase deficiency;77292 || 77293;True
SMPD1;P17405;31412;RHEA:19253;mg(2+);;2;1;1;Chronic visceral acid sphingomyelinase deficiency || Infantile neurovisceral acid sphingomyelinase deficiency;77292 || 77293;True
SMPD1;P17405;31412;RHEA:45304;zn(2+);;2;1;1;Chronic visceral acid sphingomyelinase deficiency || Infantile neurovisceral acid sphingomyelinase deficiency;77292 || 77293;True
SMPD1;P17405;31412;RHEA:54284;zn(2+);;2;1;1;Chronic visceral acid sphingomyelinase deficiency || Infantile neurovisceral acid sphingomyelinase deficiency;77292 || 77293;True
SMPD1;P17405;3143;RHEA:10604;zn(2+);;2;1;1;Chronic visceral acid sphingomyelinase deficiency || Infantile neurovisceral acid sphingomyelinase deficiency;77292 || 77293;True
SMPD1;P17405;3143;RHEA:19253;zn(2+);;2;1;1;Chronic visceral acid sphingomyelinase deficiency || Infantile neurovisceral acid sphingomyelinase deficiency;77292 || 77293;True
SMPD1;P17405;3143;RHEA:45304;zn(2+);;2;1;1;Chronic visceral acid sphingomyelinase deficiency || Infantile neurovisceral acid sphingomyelinase deficiency;77292 || 77293;True
SMPD1;P17405;3143;RHEA:54284;zn(2+);;2;1;1;Chronic visceral acid sphingomyelinase deficiency || Infantile neurovisceral acid sphingomyelinase deficiency;77292 || 77293;True
SMS;P52788;25122;RHEA:19973;;;1;0;1;X-linked intellectual disability, Snyder type;3063;False
SNRNP200;O75643;36413;RHEA:13065;;;1;0;1;Retinitis pigmentosa;791;False
SOD1;P00441;11511;RHEA:20696;cu cation;;1;0;1;Amyotrophic lateral sclerosis;803;False
SOD1;P00441;11511;RHEA:20696;mn(2+);;1;0;1;Amyotrophic lateral sclerosis;803;False
SPEG;Q15772;27111;RHEA:17989;;;1;0;1;Autosomal recessive centronuclear myopathy;169186;False
SPEG;Q15772;27111;RHEA:46608;;;1;0;1;Autosomal recessive centronuclear myopathy;169186;False
SPR;P35270;111153;RHEA:18953;;;1;0;1;Dopa-responsive dystonia due to sepiapterin reductase deficiency;70594;False
SPR;P35270;111153;RHEA:32627;;;1;0;1;Dopa-responsive dystonia due to sepiapterin reductase deficiency;70594;False
SPTLC1;O15269;23150;RHEA:14761;pyridoxal 5'-phosphate;;2;0;2;Hereditary sensory and autonomic neuropathy type 1 || Juvenile amyotrophic lateral sclerosis;300605 || 36386;False
SPTLC1;O15269;23150;RHEA:33683;pyridoxal 5'-phosphate;;2;0;2;Hereditary sensory and autonomic neuropathy type 1 || Juvenile amyotrophic lateral sclerosis;300605 || 36386;False
SPTLC1;O15269;23150;RHEA:35675;pyridoxal 5'-phosphate;;2;0;2;Hereditary sensory and autonomic neuropathy type 1 || Juvenile amyotrophic lateral sclerosis;300605 || 36386;False
SPTLC1;O15269;23150;RHEA:35679;pyridoxal 5'-phosphate;;2;0;2;Hereditary sensory and autonomic neuropathy type 1 || Juvenile amyotrophic lateral sclerosis;300605 || 36386;False
SPTLC2;O15270;23150;RHEA:14761;pyridoxal 5'-phosphate;;1;0;1;Hereditary sensory and autonomic neuropathy type 1;36386;False
SPTLC2;O15270;23150;RHEA:33683;pyridoxal 5'-phosphate;;1;0;1;Hereditary sensory and autonomic neuropathy type 1;36386;False
SRC;P12931;27102;RHEA:10596;mg(2+);;1;1;0;Hereditary thrombocytopenia with early-onset myelofibrosis;480851;False
SRC;P12931;27102;RHEA:10596;mn(2+);;1;1;0;Hereditary thrombocytopenia with early-onset myelofibrosis;480851;False
SRC;P12931;27102;RHEA:10596;zn(2+);;1;1;0;Hereditary thrombocytopenia with early-onset myelofibrosis;480851;False
SRD5A2;P31213;13122;RHEA:21952;;;2;1;1;46,XY difference of sex development due to 5-alpha-reductase 2 deficiency || Familial prostate cancer;1331 || 753;True
SRD5A2;P31213;13122;RHEA:50820;;;2;1;1;46,XY difference of sex development due to 5-alpha-reductase 2 deficiency || Familial prostate cancer;1331 || 753;True
SRD5A2;P31213;13122;RHEA:54384;;;2;1;1;46,XY difference of sex development due to 5-alpha-reductase 2 deficiency || Familial prostate cancer;1331 || 753;True
SRD5A3;Q9H8P0;13122;RHEA:50816;;;1;0;1;SRD5A3-CDG;324737;False
SRD5A3;Q9H8P0;13122;RHEA:50820;;;1;0;1;SRD5A3-CDG;324737;False
SRD5A3;Q9H8P0;13122;RHEA:54384;;;1;0;1;SRD5A3-CDG;324737;False
SRD5A3;Q9H8P0;13122;RHEA:80727;;;1;0;1;SRD5A3-CDG;324737;False
SRD5A3;Q9H8P0;13194;RHEA:50816;;;1;0;1;SRD5A3-CDG;324737;False
SRD5A3;Q9H8P0;13194;RHEA:50820;;;1;0;1;SRD5A3-CDG;324737;False
SRD5A3;Q9H8P0;13194;RHEA:54384;;;1;0;1;SRD5A3-CDG;324737;False
SRD5A3;Q9H8P0;13194;RHEA:80727;;;1;0;1;SRD5A3-CDG;324737;False
SRP54;P61011;3654;RHEA:19669;;;1;1;0;Severe congenital neutropenia-developmental delay syndrome due to SRP54 deficiency;675767;False
ST3GAL3;Q11203;2436;RHEA:52316;;;1;1;0;ST3GAL3-CDG;697734;False
ST3GAL5;Q9UNP4;2439;RHEA:18417;;;1;1;0;GM3 synthase deficiency;370933;False
ST3GAL5;Q9UNP4;2439;RHEA:41776;;;1;1;0;GM3 synthase deficiency;370933;False
ST3GAL5;Q9UNP4;2439;RHEA:41780;;;1;1;0;GM3 synthase deficiency;370933;False
ST3GAL5;Q9UNP4;2439;RHEA:41784;;;1;1;0;GM3 synthase deficiency;370933;False
ST3GAL5;Q9UNP4;2439;RHEA:47600;;;1;1;0;GM3 synthase deficiency;370933;False
STK11;Q15831;27111;RHEA:17989;"mg(2+);mn(2+)";;1;0;1;Peutz-Jeghers syndrome;2869;False
STK11;Q15831;27111;RHEA:46608;"mg(2+);mn(2+)";;1;0;1;Peutz-Jeghers syndrome;2869;False
STK36;Q9NRP7;27111;RHEA:17989;mg(2+);;1;0;1;Primary ciliary dyskinesia;244;False
STK36;Q9NRP7;27111;RHEA:46608;mg(2+);;1;0;1;Primary ciliary dyskinesia;244;False
STK4;Q13043;27111;RHEA:17989;mg(2+);;1;1;0;Combined immunodeficiency due to STK4 deficiency;314689;False
STK4;Q13043;27111;RHEA:46608;mg(2+);;1;1;0;Combined immunodeficiency due to STK4 deficiency;314689;False
STS;P08842;3162;RHEA:19873;ca(2+);;2;0;2;Recessive X-linked ichthyosis || Syndromic recessive X-linked ichthyosis;281090 || 461;False
STS;P08842;3162;RHEA:31055;ca(2+);;2;0;2;Recessive X-linked ichthyosis || Syndromic recessive X-linked ichthyosis;281090 || 461;False
STT3A;P46977;249918;RHEA:22980;mg(2+);"protein glycosylation;protein modification";1;0;1;STT3A-CDG;370921;False
STT3B;Q8TCJ2;249918;RHEA:22980;mg(2+);"protein glycosylation;protein modification";1;0;1;STT3B-CDG;370924;False
SUCLA2;Q9P2R7;6215;RHEA:17661;mg(2+);"carbohydrate metabolism;succinate from succinyl-coa (ligase route): step 1/1;tricarboxylic acid cycle";1;0;1;Mitochondrial DNA depletion syndrome, encephalomyopathic form with methylmalonic aciduria;1933;False
SUCLG1;P53597;6214;RHEA:17661;;;1;0;1;Fatal infantile lactic acidosis with methylmalonic aciduria;17;False
SUCLG1;P53597;6214;RHEA:22120;;;1;0;1;Fatal infantile lactic acidosis with methylmalonic aciduria;17;False
SUCLG1;P53597;6215;RHEA:17661;mg(2+);"carbohydrate metabolism;succinate from succinyl-coa (ligase route): step 1/1;tricarboxylic acid cycle";1;0;1;Fatal infantile lactic acidosis with methylmalonic aciduria;17;False
SUCLG1;P53597;6215;RHEA:22120;;;1;0;1;Fatal infantile lactic acidosis with methylmalonic aciduria;17;False
SULT2B1;O00204;2822;RHEA:22552;;;2;0;2;Congenital ichthyosiform erythroderma || Lamellar ichthyosis;313 || 79394;False
SULT2B1;O00204;2822;RHEA:51216;;;2;0;2;Congenital ichthyosiform erythroderma || Lamellar ichthyosis;313 || 79394;False
SULT2B1;O00204;2822;RHEA:52348;;;2;0;2;Congenital ichthyosiform erythroderma || Lamellar ichthyosis;313 || 79394;False
SULT2B1;O00204;2822;RHEA:52356;;;2;0;2;Congenital ichthyosiform erythroderma || Lamellar ichthyosis;313 || 79394;False
SULT2B1;O00204;2822;RHEA:52368;;;2;0;2;Congenital ichthyosiform erythroderma || Lamellar ichthyosis;313 || 79394;False
SUMF1;Q8NBK3;1837;RHEA:51152;cu(2+);"protein modification;sulfatase oxidation";1;0;1;Multiple sulfatase deficiency;585;False
SUOX;P51687;1831;RHEA:24600;heme b;"energy metabolism;sulfur metabolism";1;1;0;Isolated sulfite oxidase deficiency;99731;False
SYK;P43405;27102;RHEA:10596;mg(2+);;1;1;0;Immunodeficiency-systemic inflammation-lymphoma predisposition syndrome;695807;False
SYK;P43405;27102;RHEA:10596;mn(2+);;1;1;0;Immunodeficiency-systemic inflammation-lymphoma predisposition syndrome;695807;False
SYK;P43405;27102;RHEA:10596;zn(2+);;1;1;0;Immunodeficiency-systemic inflammation-lymphoma predisposition syndrome;695807;False
SYNJ1;O43426;31336;RHEA:22764;;;3;0;3;Atypical juvenile parkinsonism || Non-specific early-onset epileptic encephalopathy || Young-onset Parkinson disease;2828 || 391411 || 442835;False
TAF1;P21675;23148;RHEA:17989;mg(2+);;2;0;2;X-linked dystonia-parkinsonism || X-linked intellectual disability-global development delay-facial dysmorphism-sacral caudal remnant syndrome;480907 || 53351;False
TAF1;P21675;23148;RHEA:45948;mg(2+);;2;0;2;X-linked dystonia-parkinsonism || X-linked intellectual disability-global development delay-facial dysmorphism-sacral caudal remnant syndrome;480907 || 53351;False
TAF1;P21675;23148;RHEA:46608;mg(2+);;2;0;2;X-linked dystonia-parkinsonism || X-linked intellectual disability-global development delay-facial dysmorphism-sacral caudal remnant syndrome;480907 || 53351;False
TAF1;P21675;27111;RHEA:17989;mg(2+);;2;0;2;X-linked dystonia-parkinsonism || X-linked intellectual disability-global development delay-facial dysmorphism-sacral caudal remnant syndrome;480907 || 53351;False
TAF1;P21675;27111;RHEA:45948;mg(2+);;2;0;2;X-linked dystonia-parkinsonism || X-linked intellectual disability-global development delay-facial dysmorphism-sacral caudal remnant syndrome;480907 || 53351;False
TAF1;P21675;27111;RHEA:46608;mg(2+);;2;0;2;X-linked dystonia-parkinsonism || X-linked intellectual disability-global development delay-facial dysmorphism-sacral caudal remnant syndrome;480907 || 53351;False
TALDO1;P37837;2212;RHEA:17053;;;1;0;1;Transaldolase deficiency;101028;False
TAOK1;Q7L7X3;27111;RHEA:17989;;;1;1;0;Autosomal dominant non-syndromic intellectual disability;178469;False
TAOK1;Q7L7X3;27111;RHEA:46608;;;1;1;0;Autosomal dominant non-syndromic intellectual disability;178469;False
TAP1;Q03518;74214;RHEA:65972;mg(2+);;1;1;0;Immunodeficiency by defective expression of MHC class I;34592;False
TAP2;Q03519;74214;RHEA:65972;mg(2+);;1;1;0;Immunodeficiency by defective expression of MHC class I;34592;False
TARS1;P26639;6113;RHEA:24624;;;1;0;1;Trichothiodystrophy;33364;False
TARS2;Q9BW92;6113;RHEA:24624;;;1;1;0;Combined oxidative phosphorylation defect type 21;420733;False
TAT;P17735;2615;RHEA:15093;pyridoxal 5'-phosphate;"acetoacetate and fumarate from l-phenylalanine: step 2/6;amino-acid degradation;l-phenylalanine degradation";1;0;1;Tyrosinemia type 2;28378;False
TBK1;Q9UHD2;27111;RHEA:17989;;;3;0;3;Amyotrophic lateral sclerosis || Frontotemporal dementia with motor neuron disease || Herpes simplex virus encephalitis;1930 || 275872 || 803;False
TBK1;Q9UHD2;27111;RHEA:46608;;;3;0;3;Amyotrophic lateral sclerosis || Frontotemporal dementia with motor neuron disease || Herpes simplex virus encephalitis;1930 || 275872 || 803;False
TBXAS1;P24557;421152;RHEA:17137;heme;;1;0;1;Ghosal hematodiaphyseal dysplasia;1802;False
TBXAS1;P24557;421152;RHEA:48636;heme;;1;0;1;Ghosal hematodiaphyseal dysplasia;1802;False
TBXAS1;P24557;421152;RHEA:48644;heme;;1;0;1;Ghosal hematodiaphyseal dysplasia;1802;False
TBXAS1;P24557;421152;RHEA:48856;heme;;1;0;1;Ghosal hematodiaphyseal dysplasia;1802;False
TBXAS1;P24557;421152;RHEA:55556;heme;;1;0;1;Ghosal hematodiaphyseal dysplasia;1802;False
TBXAS1;P24557;53995;RHEA:17137;heme;;1;0;1;Ghosal hematodiaphyseal dysplasia;1802;False
TBXAS1;P24557;53995;RHEA:48636;heme;;1;0;1;Ghosal hematodiaphyseal dysplasia;1802;False
TBXAS1;P24557;53995;RHEA:48644;heme;;1;0;1;Ghosal hematodiaphyseal dysplasia;1802;False
TBXAS1;P24557;53995;RHEA:48856;heme;;1;0;1;Ghosal hematodiaphyseal dysplasia;1802;False
TBXAS1;P24557;53995;RHEA:55556;heme;;1;0;1;Ghosal hematodiaphyseal dysplasia;1802;False
TDO2;P48775;1131111;RHEA:24536;heme;"amino-acid degradation;l-kynurenine from l-tryptophan: step 1/2;l-tryptophan degradation via kynurenine pathway";1;0;1;Hypertryptophanemia;2224;False
TDRD9;Q8NDG6;36413;RHEA:13065;;;1;0;1;Male infertility with azoospermia or oligozoospermia due to single gene mutation;399805;False
TECR;Q9NZ01;13193;RHEA:14473;;;1;1;0;Autosomal recessive non-syndromic intellectual disability;88616;False
TECR;Q9NZ01;13193;RHEA:35351;;;1;1;0;Autosomal recessive non-syndromic intellectual disability;88616;False
TECR;Q9NZ01;13193;RHEA:36143;;;1;1;0;Autosomal recessive non-syndromic intellectual disability;88616;False
TECR;Q9NZ01;13193;RHEA:39319;;;1;1;0;Autosomal recessive non-syndromic intellectual disability;88616;False
TECR;Q9NZ01;13193;RHEA:39331;;;1;1;0;Autosomal recessive non-syndromic intellectual disability;88616;False
TECR;Q9NZ01;13193;RHEA:39467;;;1;1;0;Autosomal recessive non-syndromic intellectual disability;88616;False
TEK;Q02763;27101;RHEA:10596;ca(2+);;4;2;2;Blue rubber bleb nevus || Congenital glaucoma || Mucocutaneous venous malformations || Multifocal sporadic venous malformation;1059 || 2451 || 714806 || 98976;True
TEK;Q02763;27101;RHEA:10596;mg(2+);;4;2;2;Blue rubber bleb nevus || Congenital glaucoma || Mucocutaneous venous malformations || Multifocal sporadic venous malformation;1059 || 2451 || 714806 || 98976;True
TENT5A;Q96IP4;27719;RHEA:11332;mg(2+);;1;1;0;Osteogenesis imperfecta type 3;216812;False
TERT;O14746;27749;RHEA:22508;;;9;2;7;Adrenocortical carcinoma || Clear cell sarcoma of kidney || Differentiated thyroid carcinoma || Dyskeratosis congenita || Familial melanoma || Hoyeraal-Hreidarsson syndrome || Idiopathic aplastic anemia || Idiopathic pulmonary fibrosis || Meningioma;146 || 1501 || 1775 || 2032 || 2495 || 3322 || 457246 || 618 || 88;True
TET2;Q6N021;1141180;RHEA:52636;"fe(2+);zn(2+)";;10;4;6;Acquired idiopathic sideroblastic anemia || Acute myeloid leukaemia with myelodysplasia-related features || Aggressive systemic mastocytosis || EBV-induced lymphoproliferative disease due to TET2 deficiency || Essential thrombocythemia || Myelodysplastic neoplasm with increased blasts type 1 || Myelodysplastic neoplasm with increased blasts type 2 || Myelodysplastic neoplasm with low blasts || Primary myelofibrosis || Systemic mastocytosis with associated hematologic neoplasm;100019 || 100020 || 3318 || 664729 || 75564 || 824 || 86845 || 98826 || 98849 || 98850;True
TET2;Q6N021;1141180;RHEA:53828;"fe(2+);zn(2+)";;10;4;6;Acquired idiopathic sideroblastic anemia || Acute myeloid leukaemia with myelodysplasia-related features || Aggressive systemic mastocytosis || EBV-induced lymphoproliferative disease due to TET2 deficiency || Essential thrombocythemia || Myelodysplastic neoplasm with increased blasts type 1 || Myelodysplastic neoplasm with increased blasts type 2 || Myelodysplastic neoplasm with low blasts || Primary myelofibrosis || Systemic mastocytosis with associated hematologic neoplasm;100019 || 100020 || 3318 || 664729 || 75564 || 824 || 86845 || 98826 || 98849 || 98850;True
TET2;Q6N021;1141180;RHEA:53832;"fe(2+);zn(2+)";;10;4;6;Acquired idiopathic sideroblastic anemia || Acute myeloid leukaemia with myelodysplasia-related features || Aggressive systemic mastocytosis || EBV-induced lymphoproliferative disease due to TET2 deficiency || Essential thrombocythemia || Myelodysplastic neoplasm with increased blasts type 1 || Myelodysplastic neoplasm with increased blasts type 2 || Myelodysplastic neoplasm with low blasts || Primary myelofibrosis || Systemic mastocytosis with associated hematologic neoplasm;100019 || 100020 || 3318 || 664729 || 75564 || 824 || 86845 || 98826 || 98849 || 98850;True
TET3;O43151;1141180;RHEA:52636;"fe(2+);zn(2+)";;1;1;0;Intellectual disability-facial dysmorphism-joint hypermobility-hearing loss syndrome;684216;False
TET3;O43151;1141180;RHEA:53828;"fe(2+);zn(2+)";;1;1;0;Intellectual disability-facial dysmorphism-joint hypermobility-hearing loss syndrome;684216;False
TET3;O43151;1141180;RHEA:53832;"fe(2+);zn(2+)";;1;1;0;Intellectual disability-facial dysmorphism-joint hypermobility-hearing loss syndrome;684216;False
TGDS;O95455;42146;RHEA:17221;nad(+);;1;0;1;Catel-Manzke syndrome;1388;False
TGFBR1;P36897;271130;RHEA:18673;"mg(2+);mn(2+)";;4;2;2;Familial thoracic aortic aneurysm and aortic dissection || Loeys-Dietz syndrome || Marfan syndrome type 2 || Multiple self-healing squamous epithelioma;284973 || 60030 || 65748 || 91387;True
TGFBR1;P36897;271130;RHEA:44880;"mg(2+);mn(2+)";;4;2;2;Familial thoracic aortic aneurysm and aortic dissection || Loeys-Dietz syndrome || Marfan syndrome type 2 || Multiple self-healing squamous epithelioma;284973 || 60030 || 65748 || 91387;True
TGFBR2;P37173;271130;RHEA:18673;"mg(2+);mn(2+)";;5;1;4;Familial thoracic aortic aneurysm and aortic dissection || Loeys-Dietz syndrome || Lynch syndrome || Marfan syndrome type 2 || Squamous cell carcinoma of the esophagus;144 || 284973 || 60030 || 91387 || 99977;True
TGFBR2;P37173;271130;RHEA:44880;"mg(2+);mn(2+)";;5;1;4;Familial thoracic aortic aneurysm and aortic dissection || Loeys-Dietz syndrome || Lynch syndrome || Marfan syndrome type 2 || Squamous cell carcinoma of the esophagus;144 || 284973 || 60030 || 91387 || 99977;True
TGM1;P22735;23213;RHEA:54816;ca(2+);;5;0;5;Acral self-healing collodion baby || Bathing suit ichthyosis || Congenital ichthyosiform erythroderma || Lamellar ichthyosis || Self-improving collodion baby;100976 || 281122 || 281127 || 313 || 79394;False
TGM3;Q08188;23213;RHEA:54816;ca(2+);;1;0;1;Uncombable hair syndrome;1410;False
TGM5;O43548;23213;RHEA:54816;ca(2+);;1;0;1;Acral peeling skin syndrome;263534;False
TGM6;O95932;23213;RHEA:54816;ca(2+);;2;1;1;Inherited acute myeloid leukemia || Spinocerebellar ataxia type 35;276193 || 319465;True
TH;P07101;114162;RHEA:18201;fe(2+);"catecholamine biosynthesis;dopamine biosynthesis;dopamine from l-tyrosine: step 1/2";1;0;1;Autosomal recessive dopa-responsive dystonia;101150;False
TKFC;Q3LXA3;27128;RHEA:13729;"co(2+);mg(2+);mn(2+)";;1;0;1;Congenital cataract-hypertrophic cardiomyopathy-mitochondrial myopathy syndrome;1369;False
TKFC;Q3LXA3;27128;RHEA:13941;"co(2+);mg(2+);mn(2+)";;1;0;1;Congenital cataract-hypertrophic cardiomyopathy-mitochondrial myopathy syndrome;1369;False
TKFC;Q3LXA3;27128;RHEA:15773;"co(2+);mg(2+);mn(2+)";;1;0;1;Congenital cataract-hypertrophic cardiomyopathy-mitochondrial myopathy syndrome;1369;False
TKFC;Q3LXA3;27129;RHEA:13729;"co(2+);mg(2+);mn(2+)";;1;0;1;Congenital cataract-hypertrophic cardiomyopathy-mitochondrial myopathy syndrome;1369;False
TKFC;Q3LXA3;27129;RHEA:13941;"co(2+);mg(2+);mn(2+)";;1;0;1;Congenital cataract-hypertrophic cardiomyopathy-mitochondrial myopathy syndrome;1369;False
TKFC;Q3LXA3;27129;RHEA:15773;"co(2+);mg(2+);mn(2+)";;1;0;1;Congenital cataract-hypertrophic cardiomyopathy-mitochondrial myopathy syndrome;1369;False
TKFC;Q3LXA3;46115;RHEA:13729;"co(2+);mg(2+);mn(2+)";;1;0;1;Congenital cataract-hypertrophic cardiomyopathy-mitochondrial myopathy syndrome;1369;False
TKFC;Q3LXA3;46115;RHEA:13941;"co(2+);mg(2+);mn(2+)";;1;0;1;Congenital cataract-hypertrophic cardiomyopathy-mitochondrial myopathy syndrome;1369;False
TKFC;Q3LXA3;46115;RHEA:15773;"co(2+);mg(2+);mn(2+)";;1;0;1;Congenital cataract-hypertrophic cardiomyopathy-mitochondrial myopathy syndrome;1369;False
TKT;P29401;2211;RHEA:10508;mg(2+);;1;0;1;Transketolase deficiency;488618;False
TMEM260;Q9NX78;241109;RHEA:17377;;;1;1;0;Structural heart defects-renal anomalies syndrome;689822;False
TMEM260;Q9NX78;241109;RHEA:53396;;;1;1;0;Structural heart defects-renal anomalies syndrome;689822;False
TMTC3;Q6ZXV5;241109;RHEA:17377;;;2;0;2;Cobblestone lissencephaly without muscular or ocular involvement || Periventricular nodular heterotopia;352682 || 98892;False
TMTC3;Q6ZXV5;241109;RHEA:53396;;;2;0;2;Cobblestone lissencephaly without muscular or ocular involvement || Periventricular nodular heterotopia;352682 || 98892;False
TNIK;Q9UKE5;27111;RHEA:17989;;;1;1;0;Autosomal recessive non-syndromic intellectual disability;88616;False
TNIK;Q9UKE5;27111;RHEA:46608;;;1;1;0;Autosomal recessive non-syndromic intellectual disability;88616;False
TNNI3K;Q59H18;27111;RHEA:17989;mg(2+);;1;1;0;Hereditary atrial tachyarrhythmia-infra-Hisian cardiac conduction disease;436242;False
TNNI3K;Q59H18;27111;RHEA:46608;mg(2+);;1;1;0;Hereditary atrial tachyarrhythmia-infra-Hisian cardiac conduction disease;436242;False
TP53RK;Q96S44;27111;RHEA:17989;;;1;0;1;Galloway-Mowat syndrome;2065;False
TP53RK;Q96S44;27111;RHEA:46608;;;1;0;1;Galloway-Mowat syndrome;2065;False
TP53RK;Q96S44;36--;RHEA:17989;;;1;0;1;Galloway-Mowat syndrome;2065;False
TP53RK;Q96S44;36--;RHEA:46608;;;1;0;1;Galloway-Mowat syndrome;2065;False
TPI1;P60174;4233;RHEA:17937;;;1;0;1;Triose phosphate-isomerase deficiency;868;False
TPI1;P60174;4233;RHEA:18585;;;1;0;1;Triose phosphate-isomerase deficiency;868;False
TPI1;P60174;5311;RHEA:17937;;;1;0;1;Triose phosphate-isomerase deficiency;868;False
TPI1;P60174;5311;RHEA:18585;;;1;0;1;Triose phosphate-isomerase deficiency;868;False
TPO;P07202;11118;RHEA:23336;"ca(2+);heme b";;1;0;1;Familial thyroid dyshormonogenesis;95716;False
TPO;P07202;11118;RHEA:48956;"ca(2+);heme b";;1;0;1;Familial thyroid dyshormonogenesis;95716;False
TPO;P07202;11118;RHEA:48960;"ca(2+);heme b";;1;0;1;Familial thyroid dyshormonogenesis;95716;False
TPO;P07202;11118;RHEA:48964;"ca(2+);heme b";;1;0;1;Familial thyroid dyshormonogenesis;95716;False
TPO;P07202;11118;RHEA:48968;"ca(2+);heme b";;1;0;1;Familial thyroid dyshormonogenesis;95716;False
TREH;O43280;32128;RHEA:32675;;;1;0;1;Trehalase deficiency;103909;False
TRIO;O75962;27111;RHEA:17989;;;1;0;1;Micrognathia-recurrent infections-behavioral abnormalities-mild intellectual disability syndrome;476126;False
TRIO;O75962;27111;RHEA:46608;;;1;0;1;Micrognathia-recurrent infections-behavioral abnormalities-mild intellectual disability syndrome;476126;False
TRMT1;Q9NXH9;211216;RHEA:43140;;;1;1;0;Non-specific syndromic intellectual disability;528084;False
TRMT10A;Q8TBZ6;211221;RHEA:43156;;;1;0;1;Primary microcephaly-mild intellectual disability-young-onset diabetes syndrome;391408;False
TRMT5;Q32P41;211228;RHEA:36899;;;1;1;0;Combined oxidative phosphorylation defect type 26;477684;False
TRMU;O75648;28114;RHEA:47040;;;3;2;1;Acute infantile liver failure due to synthesis defect of mtDNA-encoded proteins || Mitochondrial myopathy with reversible cytochrome C oxidase deficiency || Rare mitochondrial non-syndromic sensorineural deafness;217371 || 254864 || 90641;True
TRNT1;Q96Q11;27772;RHEA:14433;mg(2+);;1;1;0;Congenital sideroblastic anemia-B-cell immunodeficiency-periodic fever-developmental delay syndrome;369861;False
TRNT1;Q96Q11;27772;RHEA:76235;mg(2+);;1;1;0;Congenital sideroblastic anemia-B-cell immunodeficiency-periodic fever-developmental delay syndrome;369861;False
TRPM6;Q9BX84;27111;RHEA:17989;;;1;1;0;Primary hypomagnesemia with secondary hypocalcemia;30924;False
TRPM6;Q9BX84;27111;RHEA:29351;;;1;1;0;Primary hypomagnesemia with secondary hypocalcemia;30924;False
TRPM6;Q9BX84;27111;RHEA:29671;;;1;1;0;Primary hypomagnesemia with secondary hypocalcemia;30924;False
TRPM6;Q9BX84;27111;RHEA:29827;;;1;1;0;Primary hypomagnesemia with secondary hypocalcemia;30924;False
TRPM6;Q9BX84;27111;RHEA:46608;;;1;1;0;Primary hypomagnesemia with secondary hypocalcemia;30924;False
TRPM7;Q96QT4;27111;RHEA:17989;zn(2+);;2;1;1;Autosomal dominant macrothrombocytopenia || Parkinson-dementia complex of Guam;140957 || 90020;True
TRPM7;Q96QT4;27111;RHEA:29351;zn(2+);;2;1;1;Autosomal dominant macrothrombocytopenia || Parkinson-dementia complex of Guam;140957 || 90020;True
TRPM7;Q96QT4;27111;RHEA:29671;zn(2+);;2;1;1;Autosomal dominant macrothrombocytopenia || Parkinson-dementia complex of Guam;140957 || 90020;True
TRPM7;Q96QT4;27111;RHEA:29827;zn(2+);;2;1;1;Autosomal dominant macrothrombocytopenia || Parkinson-dementia complex of Guam;140957 || 90020;True
TRPM7;Q96QT4;27111;RHEA:46608;zn(2+);;2;1;1;Autosomal dominant macrothrombocytopenia || Parkinson-dementia complex of Guam;140957 || 90020;True
TTBK2;Q6IQ55;27111;RHEA:17989;;;1;0;1;Spinocerebellar ataxia type 11;98767;False
TTBK2;Q6IQ55;27111;RHEA:46608;;;1;0;1;Spinocerebellar ataxia type 11;98767;False
TTN;Q8WZ42;27111;RHEA:17989;mg(2+);;13;7;6;Autosomal recessive centronuclear myopathy || Childhood-onset progressive contractures-limb-girdle weakness-muscle dystrophy syndrome || Classic multiminicore myopathy || Early-onset autosomal recessive TTN-related distal myopathy || Early-onset myopathy with fatal cardiomyopathy || Familial isolated dilated cardiomyopathy || Hereditary atrial fibrillation || Hereditary myopathy with early respiratory failure || Inherited isolated arrhythmogenic cardiomyopathy, dominant-left variant || Inherited isolated arrhythmogenic cardiomyopathy, dominant-right variant || Inherited isolated arrhythmogenic ventricular dysplasia, biventricular variant || Tibial muscular dystrophy || Titin-related limb-girdle muscular dystrophy R10;140922 || 154 || 169186 || 178464 || 289377 || 293888 || 293899 || 293910 || 324604 || 334 || 466921 || 609 || 707983;True
TTN;Q8WZ42;27111;RHEA:46608;mg(2+);;13;7;6;Autosomal recessive centronuclear myopathy || Childhood-onset progressive contractures-limb-girdle weakness-muscle dystrophy syndrome || Classic multiminicore myopathy || Early-onset autosomal recessive TTN-related distal myopathy || Early-onset myopathy with fatal cardiomyopathy || Familial isolated dilated cardiomyopathy || Hereditary atrial fibrillation || Hereditary myopathy with early respiratory failure || Inherited isolated arrhythmogenic cardiomyopathy, dominant-left variant || Inherited isolated arrhythmogenic cardiomyopathy, dominant-right variant || Inherited isolated arrhythmogenic ventricular dysplasia, biventricular variant || Tibial muscular dystrophy || Titin-related limb-girdle muscular dystrophy R10;140922 || 154 || 169186 || 178464 || 289377 || 293888 || 293899 || 293910 || 324604 || 334 || 466921 || 609 || 707983;True
TUFM;P49411;3653;RHEA:19669;;;1;1;0;Combined oxidative phosphorylation defect type 4;254925;False
TWNK;Q96RR1;5623;RHEA:13065;[4fe-4s] cluster;;6;3;3;Autosomal dominant progressive external ophthalmoplegia || Infantile-onset spinocerebellar ataxia || Mitochondrial DNA depletion syndrome, hepatocerebrorenal form || Perrault syndrome type 1 || Perrault syndrome type 2 || Sensory ataxic neuropathy-dysarthria-ophthalmoparesis syndrome;1186 || 254892 || 363534 || 642945 || 642976 || 70595;True
TWNK;Q96RR1;5623;RHEA:13065;mg(2+);;6;3;3;Autosomal dominant progressive external ophthalmoplegia || Infantile-onset spinocerebellar ataxia || Mitochondrial DNA depletion syndrome, hepatocerebrorenal form || Perrault syndrome type 1 || Perrault syndrome type 2 || Sensory ataxic neuropathy-dysarthria-ophthalmoparesis syndrome;1186 || 254892 || 363534 || 642945 || 642976 || 70595;True
TXNRD2;Q9NNW7;1819;RHEA:20345;fad;;2;0;2;Familial glucocorticoid deficiency || Familial isolated dilated cardiomyopathy;154 || 361;False
TYK2;P29597;27102;RHEA:10596;mg(2+);;3;3;0;Lymphomatoid papulosis || Primary cutaneous anaplastic large cell lymphoma || Susceptibility to infection due to TYK2 deficiency;300865 || 331226 || 98842;False
TYK2;P29597;27102;RHEA:10596;mn(2+);;3;3;0;Lymphomatoid papulosis || Primary cutaneous anaplastic large cell lymphoma || Susceptibility to infection due to TYK2 deficiency;300865 || 331226 || 98842;False
TYK2;P29597;27102;RHEA:10596;zn(2+);;3;3;0;Lymphomatoid papulosis || Primary cutaneous anaplastic large cell lymphoma || Susceptibility to infection due to TYK2 deficiency;300865 || 331226 || 98842;False
TYMP;P19971;2424;RHEA:16037;;;1;0;1;Mitochondrial neurogastrointestinal encephalomyopathy;298;False
TYMS;P04818;21145;RHEA:12104;;;1;0;1;Dyskeratosis congenita;1775;False
TYR;P14679;114181;RHEA:18117;cu(2+);;5;2;3;Minimal pigment oculocutaneous albinism type 1 || Oculocutaneous albinism type 1A || Oculocutaneous albinism type 1B || Temperature-sensitive oculocutaneous albinism type 1 || Waardenburg syndrome type 2;352734 || 352737 || 79431 || 79434 || 895;True
TYR;P14679;114181;RHEA:34287;cu(2+);;5;2;3;Minimal pigment oculocutaneous albinism type 1 || Oculocutaneous albinism type 1A || Oculocutaneous albinism type 1B || Temperature-sensitive oculocutaneous albinism type 1 || Waardenburg syndrome type 2;352734 || 352737 || 79431 || 79434 || 895;True
TYR;P14679;114181;RHEA:68388;cu(2+);;5;2;3;Minimal pigment oculocutaneous albinism type 1 || Oculocutaneous albinism type 1A || Oculocutaneous albinism type 1B || Temperature-sensitive oculocutaneous albinism type 1 || Waardenburg syndrome type 2;352734 || 352737 || 79431 || 79434 || 895;True
UGT1A1;P22309;24117;RHEA:21032;;;3;1;2;Crigler-Najjar syndrome type 1 || Crigler-Najjar syndrome type 2 || Transient familial neonatal hyperbilirubinemia;2312 || 79234 || 79235;True
UGT1A1;P22309;24117;RHEA:52460;;;3;1;2;Crigler-Najjar syndrome type 1 || Crigler-Najjar syndrome type 2 || Transient familial neonatal hyperbilirubinemia;2312 || 79234 || 79235;True
UGT1A1;P22309;24117;RHEA:52868;;;3;1;2;Crigler-Najjar syndrome type 1 || Crigler-Najjar syndrome type 2 || Transient familial neonatal hyperbilirubinemia;2312 || 79234 || 79235;True
UGT1A1;P22309;24117;RHEA:52880;;;3;1;2;Crigler-Najjar syndrome type 1 || Crigler-Najjar syndrome type 2 || Transient familial neonatal hyperbilirubinemia;2312 || 79234 || 79235;True
UGT1A1;P22309;24117;RHEA:53004;;;3;1;2;Crigler-Najjar syndrome type 1 || Crigler-Najjar syndrome type 2 || Transient familial neonatal hyperbilirubinemia;2312 || 79234 || 79235;True
UGT1A1;P22309;24117;RHEA:53048;;;3;1;2;Crigler-Najjar syndrome type 1 || Crigler-Najjar syndrome type 2 || Transient familial neonatal hyperbilirubinemia;2312 || 79234 || 79235;True
UGT1A1;P22309;24117;RHEA:53072;;;3;1;2;Crigler-Najjar syndrome type 1 || Crigler-Najjar syndrome type 2 || Transient familial neonatal hyperbilirubinemia;2312 || 79234 || 79235;True
UGT1A1;P22309;24117;RHEA:63588;;;3;1;2;Crigler-Najjar syndrome type 1 || Crigler-Najjar syndrome type 2 || Transient familial neonatal hyperbilirubinemia;2312 || 79234 || 79235;True
UGT1A1;P22309;24117;RHEA:63696;;;3;1;2;Crigler-Najjar syndrome type 1 || Crigler-Najjar syndrome type 2 || Transient familial neonatal hyperbilirubinemia;2312 || 79234 || 79235;True
UGT1A1;P22309;24117;RHEA:63720;;;3;1;2;Crigler-Najjar syndrome type 1 || Crigler-Najjar syndrome type 2 || Transient familial neonatal hyperbilirubinemia;2312 || 79234 || 79235;True
UGT1A1;P22309;24117;RHEA:75099;;;3;1;2;Crigler-Najjar syndrome type 1 || Crigler-Najjar syndrome type 2 || Transient familial neonatal hyperbilirubinemia;2312 || 79234 || 79235;True
UGT1A1;P22309;24117;RHEA:79067;;;3;1;2;Crigler-Najjar syndrome type 1 || Crigler-Najjar syndrome type 2 || Transient familial neonatal hyperbilirubinemia;2312 || 79234 || 79235;True
UGT1A1;P22309;24117;RHEA:79071;;;3;1;2;Crigler-Najjar syndrome type 1 || Crigler-Najjar syndrome type 2 || Transient familial neonatal hyperbilirubinemia;2312 || 79234 || 79235;True
UGT1A1;P22309;24117;RHEA:79075;;;3;1;2;Crigler-Najjar syndrome type 1 || Crigler-Najjar syndrome type 2 || Transient familial neonatal hyperbilirubinemia;2312 || 79234 || 79235;True
UGT1A1;P22309;24117;RHEA:79907;;;3;1;2;Crigler-Najjar syndrome type 1 || Crigler-Najjar syndrome type 2 || Transient familial neonatal hyperbilirubinemia;2312 || 79234 || 79235;True
UGT1A1;P22309;24117;RHEA:79915;;;3;1;2;Crigler-Najjar syndrome type 1 || Crigler-Najjar syndrome type 2 || Transient familial neonatal hyperbilirubinemia;2312 || 79234 || 79235;True
UGT1A1;P22309;24117;RHEA:79919;;;3;1;2;Crigler-Najjar syndrome type 1 || Crigler-Najjar syndrome type 2 || Transient familial neonatal hyperbilirubinemia;2312 || 79234 || 79235;True
UGT1A1;P22309;24117;RHEA:79927;;;3;1;2;Crigler-Najjar syndrome type 1 || Crigler-Najjar syndrome type 2 || Transient familial neonatal hyperbilirubinemia;2312 || 79234 || 79235;True
UGT1A1;P22309;24117;RHEA:79935;;;3;1;2;Crigler-Najjar syndrome type 1 || Crigler-Najjar syndrome type 2 || Transient familial neonatal hyperbilirubinemia;2312 || 79234 || 79235;True
UGT1A1;P22309;24117;RHEA:79951;;;3;1;2;Crigler-Najjar syndrome type 1 || Crigler-Najjar syndrome type 2 || Transient familial neonatal hyperbilirubinemia;2312 || 79234 || 79235;True
UGT1A1;P22309;24117;RHEA:79955;;;3;1;2;Crigler-Najjar syndrome type 1 || Crigler-Najjar syndrome type 2 || Transient familial neonatal hyperbilirubinemia;2312 || 79234 || 79235;True
UMPS;P11172;24210;RHEA:10380;;;1;0;1;Hereditary orotic aciduria;30;False
UMPS;P11172;24210;RHEA:11596;;;1;0;1;Hereditary orotic aciduria;30;False
UMPS;P11172;41123;RHEA:10380;;;1;0;1;Hereditary orotic aciduria;30;False
UMPS;P11172;41123;RHEA:11596;;;1;0;1;Hereditary orotic aciduria;30;False
UNG;P13051;32227;RHEA:81455;;;1;1;0;Hyper-IgM syndrome type 5;101092;False
UNG;P13051;32227;RHEA:81459;;;1;1;0;Hyper-IgM syndrome type 5;101092;False
UPB1;Q9UBR1;3516;RHEA:11184;;;1;0;1;Beta-ureidopropionase deficiency;65287;False
UPB1;Q9UBR1;3516;RHEA:37339;;;1;0;1;Beta-ureidopropionase deficiency;65287;False
UQCRFS1;P47985;7118;RHEA:11484;[2fe-2s] cluster;;1;1;0;Isolated complex III deficiency;1460;False
UQCRFS1;P47985;7118;RHEA:11484;heme c;;1;1;0;Isolated complex III deficiency;1460;False
UROC1;Q96N76;42149;RHEA:13101;nad(+);"amino-acid degradation;l-histidine degradation into l-glutamate;n-formimidoyl-l-glutamate from l-histidine: step 2/3";1;0;1;Urocanic aciduria;210128;False
UROD;P06132;41137;RHEA:19865;;;2;1;1;Familial porphyria cutanea tarda || Hepatoerythropoietic porphyria;443062 || 95159;True
UROD;P06132;41137;RHEA:31239;;;2;1;1;Familial porphyria cutanea tarda || Hepatoerythropoietic porphyria;443062 || 95159;True
VARS2;Q5ST30;6119;RHEA:10704;;;1;1;0;Combined oxidative phosphorylation defect type 20;420728;False
VCP;P55072;3646;RHEA:13065;mg(2+);;8;0;8;Adult-onset distal myopathy due to VCP mutation || Amyotrophic lateral sclerosis || Autosomal dominant Charcot-Marie-Tooth disease type 2Y || Behavioral variant of frontotemporal dementia || Frontotemporal dementia with motor neuron disease || Inclusion body myopathy with Paget disease of bone and frontotemporal dementia || Progressive non-fluent aphasia || Spastic paraplegia-Paget disease of bone syndrome;100070 || 275864 || 275872 || 329475 || 329478 || 435387 || 52430 || 803;False
VKORC1;Q9BQB6;11744;RHEA:13817;;;1;0;1;Hereditary combined deficiency of vitamin K-dependent clotting factors;98434;False
VKORC1;Q9BQB6;11744;RHEA:57744;;;1;0;1;Hereditary combined deficiency of vitamin K-dependent clotting factors;98434;False
VPS4A;Q9UN37;3646;RHEA:13065;mg(2+);;1;1;0;Cerebellar hypoplasia-intellectual disability-congenital microcephaly-dystonia-anemia-growth retardation syndrome;603448;False
VRK1;Q99986;27111;RHEA:17989;;;2;1;1;Microcephaly-complex motor and sensory axonal neuropathy syndrome || Pontocerebellar hypoplasia type 1;2254 || 423894;True
VRK1;Q99986;27111;RHEA:46608;;;2;1;1;Microcephaly-complex motor and sensory axonal neuropathy syndrome || Pontocerebellar hypoplasia type 1;2254 || 423894;True
WARS1;P23381;6112;RHEA:24080;;;2;1;1;Autosomal recessive primary microcephaly || Non-specific syndromic intellectual disability;2512 || 528084;True
WARS2;Q9UGM6;6112;RHEA:24080;;;2;0;2;Infantile dystonia-parkinsonism || WARS2-related combined oxidative phosphorylation defect;238455 || 572798;False
WEE2;P0C1S8;27102;RHEA:10596;mg(2+);;1;0;1;Female infertility due to oocyte meiotic arrest;488191;False
WEE2;P0C1S8;27102;RHEA:10596;mn(2+);;1;0;1;Female infertility due to oocyte meiotic arrest;488191;False
WEE2;P0C1S8;27102;RHEA:10596;zn(2+);;1;0;1;Female infertility due to oocyte meiotic arrest;488191;False
WNK1;Q9H4A3;27111;RHEA:17989;mg(2+);;2;1;1;Hereditary sensory and autonomic neuropathy type 2 || Pseudohypoaldosteronism type 2C;88940 || 970;True
WNK1;Q9H4A3;27111;RHEA:46608;mg(2+);;2;1;1;Hereditary sensory and autonomic neuropathy type 2 || Pseudohypoaldosteronism type 2C;88940 || 970;True
WNK4;Q96J92;27111;RHEA:17989;mg(2+);;1;1;0;Pseudohypoaldosteronism type 2B;88939;False
WNK4;Q96J92;27111;RHEA:46608;mg(2+);;1;1;0;Pseudohypoaldosteronism type 2B;88939;False
XDH;P47989;11714;RHEA:16669;"[2fe-2s] cluster;fad;mo-molybdopterin";;1;1;0;Xanthinuria type I;93601;False
XDH;P47989;11714;RHEA:21132;"[2fe-2s] cluster;fad;mo-molybdopterin";;1;1;0;Xanthinuria type I;93601;False
XDH;P47989;11714;RHEA:24670;"[2fe-2s] cluster;fad;mo-molybdopterin";;1;1;0;Xanthinuria type I;93601;False
XDH;P47989;11732;RHEA:16669;"[2fe-2s] cluster;fad;mo-molybdopterin";;1;1;0;Xanthinuria type I;93601;False
XDH;P47989;11732;RHEA:21132;"[2fe-2s] cluster;fad;mo-molybdopterin";;1;1;0;Xanthinuria type I;93601;False
XDH;P47989;11732;RHEA:24670;"[2fe-2s] cluster;fad;mo-molybdopterin";;1;1;0;Xanthinuria type I;93601;False
XYLT1;Q86Y38;24226;RHEA:50192;a divalent metal cation;"chondroitin sulfate biosynthesis;glycan metabolism;heparan sulfate biosynthesis";2;0;2;Desbuquois syndrome || XYLT1-CDG;1425 || 370930;False
XYLT1;Q86Y38;24226;RHEA:50192;mg(2+);"chondroitin sulfate biosynthesis;glycan metabolism;heparan sulfate biosynthesis";2;0;2;Desbuquois syndrome || XYLT1-CDG;1425 || 370930;False
XYLT2;Q9H1B5;24226;RHEA:50192;a divalent metal cation;"chondroitin sulfate biosynthesis;glycan metabolism;heparan sulfate biosynthesis";1;0;1;Spondylo-ocular syndrome;85194;False
XYLT2;Q9H1B5;24226;RHEA:50192;mg(2+);"chondroitin sulfate biosynthesis;glycan metabolism;heparan sulfate biosynthesis";1;0;1;Spondylo-ocular syndrome;85194;False
YARS1;P54577;6111;RHEA:10220;;;1;1;0;Autosomal dominant intermediate Charcot-Marie-Tooth disease type C;100045;False
YARS2;Q9Y2Z4;6111;RHEA:10220;;;1;0;1;Mitochondrial myopathy and sideroblastic anemia;2598;False
YRDC;Q86U90;27787;RHEA:36407;;;1;0;1;Galloway-Mowat syndrome;2065;False
ZAP70;P43403;27102;RHEA:10596;mg(2+);;1;0;1;Combined immunodeficiency due to ZAP70 deficiency;911;False
ZAP70;P43403;27102;RHEA:10596;mn(2+);;1;0;1;Combined immunodeficiency due to ZAP70 deficiency;911;False
ZAP70;P43403;27102;RHEA:10596;zn(2+);;1;0;1;Combined immunodeficiency due to ZAP70 deficiency;911;False
ZDHHC9;Q9Y397;231225;RHEA:36683;;;1;0;1;Lujan-Fryns syndrome;776;False
